num__open,num__low,num__close,num__volume,num__marketCap,num__volatility,sensitive__day,sensitive__day_of_week,sensitive__month,sensitive__year,sensitive__high_time,sensitive__low_time
-0.7970239469154542,-0.7980333451571412,-0.7979072674771602,-0.9026985785756438,-0.7856239148995724,-0.6752008998397527,1.0,3.0,1.0,2015.0,0.0,23.0
-0.7974138920445162,-0.7980610374948046,-0.7978592129383998,-0.9027081188522448,-0.7855849349631283,-1.0075288025730746,2.0,4.0,1.0,2015.0,20.0,1.0
-0.7973668360606462,-0.8001148144793837,-0.7999427512090534,-0.9013416871091215,-0.7870879009030455,1.60718815105571,3.0,5.0,1.0,2015.0,0.0,23.0
-0.7994343598732015,-0.8015987336309122,-0.8009791189378079,-0.9001173046066563,-0.7878338956020557,1.5331786331774797,4.0,6.0,1.0,2015.0,10.0,15.0
-0.8004197757954962,-0.8011263064409871,-0.8003482893387384,-0.9007500489438351,-0.7873739459491897,0.1001050070978482,5.0,0.0,1.0,2015.0,8.0,0.0
-0.7998352877898962,-0.8006450285854549,-0.799629331034344,-0.9018736809186486,-0.7868499301834045,0.2060622587415218,6.0,1.0,1.0,2015.0,22.0,10.0
-0.7991318389318974,-0.7999885511577653,-0.7991292813998957,-0.9017857574257674,-0.7864845323605905,0.2239554980544454,7.0,2.0,1.0,2015.0,19.0,1.0
-0.7986374730678468,-0.8000457090534255,-0.7998036237863594,-0.9020506668800145,-0.786969498554407,-0.1420042036542597,8.0,3.0,1.0,2015.0,0.0,14.0
-0.7993584689230485,-0.8001495263769901,-0.799370408130217,-0.9021192169402528,-0.7866526734104771,-0.2246475318531998,9.0,4.0,1.0,2015.0,20.0,2.0
-0.7990566220021222,-0.8005647319974003,-0.800328528506311,-0.9023065675796088,-0.787343328743364,0.0814316829854668,10.0,5.0,1.0,2015.0,4.0,14.0
-0.7998354712732182,-0.8011291524692834,-0.8008892109896822,-0.9021473008244144,-0.7877463458155842,0.1817469301414092,11.0,6.0,1.0,2015.0,2.0,20.0
-0.8003546223644386,-0.8011189723707949,-0.8007581238715675,-0.9021104468281076,-0.7876482284575191,-0.5136058578404784,12.0,0.0,1.0,2015.0,14.0,10.0
-0.8002780555216277,-0.8039827405843805,-0.8033317068134563,-0.8991836264270584,-0.7895121600037015,3.4897256974846766,13.0,1.0,1.0,2015.0,0.0,23.0
-0.8029468176823551,-0.8070426368080061,-0.8062626516086029,-0.8978388325085511,-0.7916358814142989,4.86409283322828,14.0,2.0,1.0,2015.0,0.0,22.0
-0.8058301224021023,-0.8067020366838203,-0.8043146822750473,-0.8986993123057627,-0.7902200506214175,6.442516419005984,15.0,3.0,1.0,2015.0,13.0,0.0
-0.8038562818054338,-0.8052558008763857,-0.8044218966369728,-0.901050619181852,-0.7902955108144375,1.5077876315834853,16.0,4.0,1.0,2015.0,11.0,17.0
-0.8039321119065242,-0.8055653561380611,-0.8049642304448413,-0.9018615318455468,-0.790686970061476,0.9053197328732824,17.0,5.0,1.0,2015.0,3.0,9.0
-0.8044096665789464,-0.8055886868167694,-0.8042843031088639,-0.9015027328357346,-0.7901906692456815,1.9363308250675504,18.0,6.0,1.0,2015.0,12.0,7.0
-0.8037089793322281,-0.8047786328786579,-0.8040067852445738,-0.9021224874273424,-0.7899866057602012,-0.0426579479057704,19.0,0.0,1.0,2015.0,21.0,7.0
-0.8036208792518121,-0.8049155171919612,-0.8042244053681504,-0.9018299984924156,-0.7901426767675334,0.0320383134247934,20.0,1.0,1.0,2015.0,2.0,13.0
-0.8037146841658308,-0.8045324292420182,-0.8032681260401413,-0.9015114378635596,-0.7894450844171681,0.835798587239536,21.0,2.0,1.0,2015.0,22.0,13.0
-0.8027365064734967,-0.8035699999139008,-0.8028686635564017,-0.9013151001643246,-0.7891521933872659,0.0108462720856586,22.0,3.0,1.0,2015.0,2.0,0.0
-0.8023564385514101,-0.8036482743747333,-0.8029010064447748,-0.901799050898166,-0.7891733640624856,-0.1249465461202923,23.0,4.0,1.0,2015.0,20.0,3.0
-0.8024065622641481,-0.8033431444458676,-0.8019824086699799,-0.9017903295992606,-0.7885028657663984,0.8291180479065392,24.0,5.0,1.0,2015.0,23.0,2.0
-0.8015076493684226,-0.8024663236487816,-0.8016221007652188,-0.9013130337371584,-0.7882382329289208,-0.0240872244894619,25.0,6.0,1.0,2015.0,22.0,13.0
-0.8010949429456043,-0.8018221121206508,-0.8004097219104751,-0.8973422773283144,-0.7873534448056235,4.441985470686917,26.0,0.0,1.0,2015.0,7.0,0.0
-0.7999238784073617,-0.8020387247811029,-0.8010233059645783,-0.9007263907934466,-0.7877967823811728,1.1586630200185963,27.0,1.0,1.0,2015.0,0.0,10.0
-0.8005260968934991,-0.8035313055061929,-0.802837426607904,-0.900728929081934,-0.7891140219500972,2.6882139863646737,28.0,2.0,1.0,2015.0,0.0,22.0
-0.8023668062954413,-0.8039317802771137,-0.8028620972140186,-0.901387300370187,-0.7891288782416832,0.8019648943281716,29.0,3.0,1.0,2015.0,2.0,12.0
-0.8024021446222444,-0.8036076195841461,-0.8032970930494001,-0.9016914719405876,-0.7894431646420377,0.6976539231347898,30.0,4.0,1.0,2015.0,6.0,23.0
-0.8027905572910825,-0.8042101652580753,-0.8038470363977992,-0.901868121632966,-0.7898408358834648,0.7714998923863564,31.0,5.0,1.0,2015.0,10.0,23.0
-0.8033779295422284,-0.8044816589915531,-0.8032635234199417,-0.9015546158863116,-0.7894127825676021,1.1406153335021405,1.0,6.0,2.0,2015.0,21.0,14.0
-0.8027874895622146,-0.8038086794235466,-0.8025726724696033,-0.9014741499717852,-0.7889061725660849,1.0364531796328476,2.0,0.0,2.0,2015.0,23.0,6.0
-0.8021149005400587,-0.8036933544981242,-0.8032453573509328,-0.9009224735790944,-0.7893942699801102,1.1469708641926395,3.0,1.0,2.0,2015.0,11.0,21.0
-0.8027249114506952,-0.8039064265064273,-0.8032708267434229,-0.9016920631231627,-0.7894099183161213,-0.1768341572226138,4.0,2.0,2.0,2015.0,20.0,7.0
-0.8027154639317128,-0.8043103155465439,-0.803868701020027,-0.9019132359142432,-0.789843257155913,1.612357432621796,5.0,3.0,2.0,2015.0,13.0,16.0
-0.8033744939105703,-0.8042150343783433,-0.8035523338573699,-0.9018091606625684,-0.7896092523221766,0.5095422415711897,6.0,4.0,2.0,2015.0,15.0,10.0
-0.8030241811798093,-0.803811967309789,-0.8032155316229092,-0.9019627108449731,-0.789360474915055,-0.3002760532826368,7.0,5.0,2.0,2015.0,10.0,0.0
-0.8027137461158806,-0.8039087033290618,-0.8034820031987272,-0.9022045533314068,-0.7895526070487768,-0.2440689287612508,8.0,6.0,2.0,2015.0,11.0,15.0
-0.8029777992163172,-0.8041652751914862,-0.8036846495894586,-0.9016271415137748,-0.7896977455665218,-0.3883952087631463,9.0,0.0,2.0,2015.0,8.0,14.0
-0.8031684168602873,-0.804271937578591,-0.8037012808274443,-0.9019892381291432,-0.7897073098989017,-0.4338015106975746,10.0,1.0,2.0,2015.0,21.0,7.0
-0.8032021600055298,-0.8040985710416036,-0.8037414177357304,-0.9022014780972778,-0.7897338294492815,-0.5666087819863053,11.0,2.0,2.0,2015.0,2.0,20.0
-0.8032343079692056,-0.8041276555212408,-0.8035831419147074,-0.9023097187454444,-0.7896160021264318,-0.6533564838825592,12.0,3.0,2.0,2015.0,23.0,7.0
-0.8030649182226276,-0.8038970066351584,-0.8027446334771082,-0.9008161312235998,-0.7890001971795432,1.0213617756704276,13.0,4.0,2.0,2015.0,15.0,3.0
-0.8022330619293939,-0.8029950211594377,-0.8014009811519788,-0.9004371181086757,-0.7880142816481088,1.4746547246502262,14.0,5.0,2.0,2015.0,23.0,0.0
-0.8008846326728861,-0.8034909671553607,-0.8027815789856748,-0.9000672276459646,-0.7890215196576424,2.619252664167907,15.0,6.0,2.0,2015.0,9.0,20.0
-0.8022761917445561,-0.8034063706526997,-0.8028418447487152,-0.9016074860490778,-0.7890626178687014,-0.0371673480114124,16.0,0.0,2.0,2015.0,9.0,1.0
-0.8023622669554122,-0.8031982304737634,-0.8022424365775257,-0.9016503657686954,-0.7886209807414799,0.298414778241539,17.0,1.0,2.0,2015.0,17.0,0.0
-0.8017267949249481,-0.8031965865306391,-0.8026894610306994,-0.9017676422899816,-0.7889450541575385,0.0703013045615795,18.0,2.0,2.0,2015.0,3.0,19.0
-0.8021789502627454,-0.8029909749754816,-0.8024466168628485,-0.90214352051015,-0.7887639665074536,-0.419459340365517,19.0,3.0,2.0,2015.0,19.0,3.0
-0.8019433015044588,-0.8027565953804483,-0.802232064528436,-0.9018394574136162,-0.7886036998594321,-0.3540325872304078,20.0,4.0,2.0,2015.0,9.0,2.0
-0.8017285127407742,-0.802510960949464,-0.8021857302365378,-0.9024681990651034,-0.7885669131683701,0.0943506292842514,21.0,5.0,2.0,2015.0,22.0,15.0
-0.8016799224244001,-0.8031010516317822,-0.802710879368261,-0.9020753718032192,-0.7889488918084642,0.1330641194869587,22.0,6.0,2.0,2015.0,1.0,18.0
-0.802204411382573,-0.8031914646444707,-0.8025319839960521,-0.9022449706942436,-0.78881500935757,-0.351377222359943,23.0,0.0,2.0,2015.0,22.0,13.0
-0.8020201744648635,-0.802939761902308,-0.8025416190640438,-0.9023642702531492,-0.7888195770788421,-0.8158853533513548,24.0,1.0,2.0,2015.0,3.0,7.0
-0.802026800459649,-0.8029948947764843,-0.8026192530461678,-0.9025109377686938,-0.7888734761109082,-0.7820006583795445,25.0,2.0,2.0,2015.0,0.0,8.0
-0.8021220779209627,-0.8030753814213407,-0.8026833245159206,-0.902395781911507,-0.7889176073154358,-0.8182518301810953,26.0,3.0,2.0,2015.0,0.0,3.0
-0.8021773550811787,-0.802937611462627,-0.8016153499434469,-0.9007472774365336,-0.7881307389361843,1.0193743911689923,27.0,4.0,2.0,2015.0,4.0,0.0
-0.8011292374769592,-0.8021129520932234,-0.8015886538098651,-0.9023778891471486,-0.7881081723194336,-0.6625181234054873,28.0,5.0,2.0,2015.0,21.0,2.0
-0.8010824267616201,-0.8023371525545305,-0.8012241731125086,-0.9017669426335396,-0.7878375921366447,0.4066743291375209,1.0,6.0,3.0,2015.0,23.0,12.0
-0.8007097824250962,-0.8015544127699785,-0.800274889018043,-0.9009397209239444,-0.7871368584799274,0.5942051793663271,2.0,0.0,3.0,2015.0,23.0,1.0
-0.7998086003274323,-0.800931759664979,-0.7999047016335061,-0.9003975902315479,-0.786861332023769,0.4654103865517374,3.0,1.0,3.0,2015.0,21.0,12.0
-0.7993825801298404,-0.8009339728137588,-0.8004331030337883,-0.9008899693848536,-0.787246491305525,0.2834615801978304,4.0,2.0,3.0,2015.0,15.0,21.0
-0.7999501352456925,-0.8011462228504997,-0.8002437129383725,-0.900894340881693,-0.7871043452159094,0.4094753818668128,5.0,3.0,3.0,2015.0,21.0,16.0
-0.7997746109775249,-0.8008145380305381,-0.800455749985324,-0.901565983947571,-0.7872569659629438,-0.4815409373282494,6.0,4.0,3.0,2015.0,1.0,12.0
-0.7999774368156116,-0.8008070785421423,-0.8002386205581853,-0.9021676342507798,-0.7870941248124167,-0.4607024719040814,7.0,5.0,3.0,2015.0,20.0,3.0
-0.7997235052545415,-0.8006533119749186,-0.8003556535310469,-0.9019375611789135,-0.7871767670264949,-0.6991621110536307,8.0,6.0,3.0,2015.0,0.0,10.0
-0.7998229550892278,-0.800569347387012,-0.7994195657995138,-0.8999248123060056,-0.7864845755490082,0.5773635593959914,9.0,0.0,3.0,2015.0,20.0,1.0
-0.7988996258052691,-0.7995672116228227,-0.7992874336103634,-0.8994587760312961,-0.7863838005802715,-0.2747040249273412,10.0,1.0,3.0,2015.0,15.0,0.0
-0.7987975997149045,-0.7995188445779393,-0.7990039627742328,-0.901292358618112,-0.7861713345507363,-0.5835874639579347,11.0,2.0,3.0,2015.0,17.0,4.0
-0.7985152619393981,-0.7993983987311044,-0.7991282382017423,-0.9013671350783152,-0.7862597726655007,-0.7861842640262608,12.0,3.0,3.0,2015.0,18.0,8.0
-0.798638515927155,-0.7998457866605925,-0.7996816182980827,-0.901430250597818,-0.7866639559808186,-0.3884003883545754,13.0,4.0,3.0,2015.0,1.0,23.0
-0.7992321481425699,-0.8001215156700658,-0.7998934699292075,-0.9019080345923216,-0.7868170481716755,-0.7064779750293738,14.0,5.0,3.0,2015.0,16.0,21.0
-0.7994172435001257,-0.8001202518405512,-0.7996168107836761,-0.9024852348859128,-0.786609843028499,-0.6858735667259682,15.0,6.0,3.0,2015.0,21.0,0.0
-0.7991558883534866,-0.7998237844500032,-0.7993590546882576,-0.9019674891188136,-0.7864165882383848,-0.4311247116660908,16.0,0.0,3.0,2015.0,14.0,0.0
-0.7988546555400154,-0.7999066743004474,-0.7996713080542646,-0.9019685141968564,-0.7866438555355879,-0.4828877879202746,17.0,1.0,3.0,2015.0,9.0,21.0
-0.7991938038721018,-0.8020882312020534,-0.8014637022700848,-0.9000425172990664,-0.7879625246095422,2.026920738536214,18.0,2.0,3.0,2015.0,0.0,21.0
-0.8009844494742288,-0.8021662519322297,-0.8011796171269673,-0.9002744344266712,-0.7877500791020808,0.3846320714399285,19.0,3.0,3.0,2015.0,17.0,1.0
-0.8006730333361947,-0.8015007337821248,-0.8011292327165849,-0.902133421593134,-0.7877100139999158,-0.6307509540528671,20.0,4.0,3.0,2015.0,3.0,11.0
-0.8006308228099351,-0.8017227838037444,-0.8012350358580361,-0.9022053723091024,-0.787784896646844,-0.5471113442651666,21.0,5.0,3.0,2015.0,16.0,6.0
-0.8007367769412878,-0.8014736723944658,-0.8007480589759652,-0.902134430400097,-0.7874222986961676,-0.1830193169850613,22.0,6.0,3.0,2015.0,23.0,2.0
-0.8002473201923305,-0.8013374199959229,-0.800822931385968,-0.9018972089003968,-0.7874744721530488,0.3083728970120405,23.0,0.0,3.0,2015.0,15.0,19.0
-0.8003281801705057,-0.8024495687425579,-0.8021206155686377,-0.9009609818018726,-0.7884295354703839,1.0245917740462245,24.0,1.0,3.0,2015.0,0.0,14.0
-0.8015002875680565,-0.8029326169241678,-0.8020836700600711,-0.9011891457336798,-0.7883990034197993,0.1313736265010714,25.0,2.0,3.0,2015.0,13.0,7.0
-0.8015736631116,-0.8024021490874339,-0.8019403698447818,-0.9017389401047784,-0.7882900903195195,-0.2014158653245781,26.0,3.0,3.0,2015.0,18.0,1.0
-0.8014331701165079,-0.8023826755006298,-0.8020326095374241,-0.902197518801133,-0.7883548747922179,0.0133273225638722,27.0,4.0,3.0,2015.0,13.0,2.0
-0.8015307785649689,-0.8022712703762103,-0.8016785617579907,-0.90226444717706,-0.788090003316623,-0.4369083569753156,28.0,5.0,3.0,2015.0,11.0,0.0
-0.8011770910516125,-0.8026585308930565,-0.8022974863498298,-0.9019575474889048,-0.7885448044163914,0.0641746344827723,29.0,6.0,3.0,2015.0,1.0,22.0
-0.8017820720851704,-0.8027619690677674,-0.8020021086335739,-0.9018864862586458,-0.7883234459211906,-0.1257828372801466,30.0,0.0,3.0,2015.0,19.0,2.0
-0.8015013922125673,-0.8025390970745855,-0.8022047550243115,-0.901904796647392,-0.7884704291470123,-0.5680429157822966,31.0,1.0,3.0,2015.0,3.0,13.0
-0.8016996159892945,-0.802638930923299,-0.8020176966734122,-0.9018936672286398,-0.788329286819896,-0.5183928308271024,1.0,2.0,4.0,2015.0,23.0,10.0
-0.8015237846673932,-0.802369840395409,-0.8016658579643845,-0.9017095111446666,-0.788065360237009,-0.2470288879880509,2.0,3.0,4.0,2015.0,19.0,8.0
-0.8011565998959409,-0.8019612095827339,-0.8015850325825411,-0.9018790557987576,-0.7880024836031119,-0.7689241555934443,3.0,4.0,4.0,2015.0,10.0,5.0
-0.8010819362245644,-0.802010462273028,-0.8016233893115818,-0.902456847274924,-0.7880277732676085,-0.7715756895468545,4.0,5.0,4.0,2015.0,2.0,9.0
-0.8011144520910305,-0.8019572261078763,-0.8011998705287149,-0.9020687440499467,-0.7877107886755089,-0.3037960761783929,5.0,6.0,4.0,2015.0,23.0,8.0
-0.8006874498831931,-0.8017907517831415,-0.8015132288981528,-0.9020478628305528,-0.7879404799416868,-0.477572959475573,6.0,0.0,4.0,2015.0,2.0,18.0
-0.8010216282511233,-0.8019405975846062,-0.801655118829406,-0.9021328412579456,-0.7880425183322303,-0.8298146038246382,7.0,1.0,4.0,2015.0,0.0,4.0
-0.8011572140034022,-0.8024457753245084,-0.802155780897959,-0.901502662327721,-0.7884113415125602,-0.2093406692475454,8.0,2.0,4.0,2015.0,9.0,20.0
-0.8016672227570877,-0.8027502096647652,-0.8022383864590477,-0.901960579333487,-0.7884699891595316,-0.4841937835742392,9.0,3.0,4.0,2015.0,1.0,8.0
-0.8017320710066979,-0.803169336050928,-0.8027050490705315,-0.9015679852904168,-0.7888133493516272,-0.0342471335601569,10.0,4.0,4.0,2015.0,0.0,16.0
-0.8022031223186,-0.8030805660166078,-0.8026755913648348,-0.9022468581395292,-0.7887888005159106,-0.6066752262327901,11.0,5.0,4.0,2015.0,3.0,10.0
-0.8021712814086518,-0.8031235603389283,-0.802700078428011,-0.9024625746951004,-0.7888045269741459,-0.7315754759376334,12.0,6.0,4.0,2015.0,3.0,8.0
-0.8022071720577133,-0.8038505980436421,-0.8034098923608454,-0.9014432511907756,-0.7893287228966173,0.4446347918655297,13.0,0.0,4.0,2015.0,5.0,21.0
-0.8028937488750209,-0.8042092805774144,-0.8037430134355931,-0.9014141151101046,-0.7895734942757302,-0.1980111496625971,14.0,1.0,4.0,2015.0,0.0,18.0
-0.8032425899946143,-0.8040622161656289,-0.8034561667203545,-0.901910762710076,-0.7893581902877878,-0.582215132741954,15.0,2.0,4.0,2015.0,23.0,0.0
-0.8029454059841166,-0.8037291401684434,-0.8031652689501874,-0.9017890875734836,-0.789139468897568,-0.529432969387785,16.0,3.0,4.0,2015.0,22.0,0.0
-0.8026596344492382,-0.8038540123128378,-0.8035145296300386,-0.9020264066996642,-0.7893967693930798,-0.4060169871209067,17.0,4.0,4.0,2015.0,0.0,15.0
-0.8030106839217136,-0.8039214110865731,-0.8034854399466687,-0.902432684721054,-0.7893725161973403,-0.7952762505011159,18.0,5.0,4.0,2015.0,6.0,10.0
-0.8029736895642873,-0.8038267618331331,-0.8035318360438445,-0.9023197363070602,-0.7894043821235024,-0.7337711606354839,19.0,6.0,4.0,2015.0,12.0,20.0
-0.8030254693076484,-0.8038517991640581,-0.8034074988110512,-0.9021384113910152,-0.7893090913994643,-0.6861872971815378,20.0,0.0,4.0,2015.0,13.0,0.0
-0.8029022771050944,-0.803704862099982,-0.8027543303503776,-0.9017797262787632,-0.7888201953803493,0.0695107445045422,21.0,1.0,4.0,2015.0,23.0,15.0
-0.8022285216532249,-0.8031247614593442,-0.8028214087404674,-0.9018410194373008,-0.7888672491906172,-0.7077566176614526,22.0,2.0,4.0,2015.0,14.0,22.0
-0.8023235547821538,-0.8031422746632688,-0.8026811145090709,-0.9022104760045438,-0.7887602980426112,-0.8325499606646731,23.0,3.0,4.0,2015.0,23.0,4.0
-0.802205944778937,-0.8033487718638433,-0.8029998742850719,-0.9019711446881308,-0.7889953406264569,-0.4957156244303387,24.0,4.0,4.0,2015.0,0.0,16.0
-0.8024964410094465,-0.8035761328636833,-0.8032992412509785,-0.902377460675374,-0.7892153058665315,-0.4979705210996089,25.0,5.0,4.0,2015.0,1.0,23.0
-0.8027924585902367,-0.8043008956752749,-0.8037263821976075,-0.9015646388716204,-0.7895309371772686,0.1855628179711018,26.0,6.0,4.0,2015.0,0.0,16.0
-0.8032207489259071,-0.8041017962187537,-0.8031215117510216,-0.901042320931028,-0.7890776563799127,0.6085679905395899,27.0,0.0,4.0,2015.0,21.0,12.0
-0.8026354623933837,-0.8037827564472048,-0.8033320748357832,-0.9019700328309944,-0.7892317978575907,-0.4682255559481895,28.0,1.0,4.0,2015.0,0.0,13.0
-0.8028427049372341,-0.8037599322650534,-0.8033349590820092,-0.9021073987124454,-0.789231622479219,-0.7806109851258627,29.0,2.0,4.0,2015.0,0.0,8.0
-0.8028364477813789,-0.8036611094799541,-0.8027005691244429,-0.9013002392445482,-0.7887559763030382,0.4768124388791933,30.0,3.0,4.0,2015.0,20.0,2.0
-0.8022078470142312,-0.8032130886709559,-0.8029501032452322,-0.9021139722287844,-0.7889393367895947,-0.4390944597957633,1.0,4.0,5.0,2015.0,7.0,23.0
-0.8024285868161773,-0.8031965228567844,-0.8027751353173964,-0.9024545693237171,-0.788805973911756,-0.8176181434824231,2.0,5.0,5.0,2015.0,17.0,0.0
-0.8022728169619606,-0.8030863834913914,-0.8024420142426487,-0.9021313931318216,-0.7885546203148327,-0.1854016306481286,3.0,6.0,5.0,2015.0,12.0,2.0
-0.8019368599291415,-0.8028507391020876,-0.8025242508449664,-0.9019833642692462,-0.7886135463160002,-0.6748345068683502,4.0,0.0,5.0,2015.0,12.0,15.0
-0.8020291314467902,-0.8032146689402255,-0.8027020421501946,-0.9018366153983012,-0.7887433823667047,-0.4197998929324705,5.0,1.0,5.0,2015.0,0.0,9.0
-0.8021888284058609,-0.8033931563986253,-0.8030910717160049,-0.9015297374049194,-0.7890308897300594,-0.4032564169549353,6.0,2.0,5.0,2015.0,0.0,22.0
-0.8025929457495365,-0.8034347595437218,-0.8026275995677963,-0.9015580924737482,-0.7886819141881637,-0.0074159434732824,7.0,3.0,5.0,2015.0,18.0,7.0
-0.802130238248246,-0.802947854270214,-0.802226909406527,-0.9016458966453758,-0.7883795718376296,-0.1031502377287904,8.0,4.0,5.0,2015.0,16.0,5.0
-0.801727469881466,-0.8027350977369101,-0.8023515537928136,-0.9020610803712446,-0.7884701670007195,-0.3276065222188939,9.0,5.0,5.0,2015.0,7.0,10.0
-0.801852625168371,-0.8027850469805753,-0.8024458190129171,-0.9023198664757006,-0.788538127502186,-0.6359009699436451,10.0,6.0,5.0,2015.0,8.0,7.0
-0.8019403573459964,-0.8027517262601802,-0.8023315466757261,-0.9020013221179248,-0.788449612080329,-0.667598838220166,11.0,0.0,5.0,2015.0,17.0,5.0
-0.8018271031994806,-0.8027060142220352,-0.8023957408195839,-0.9020886273097644,-0.7884946563233246,-0.8974966185554643,12.0,1.0,5.0,2015.0,0.0,2.0
-0.8018729328407204,-0.8030255595253912,-0.8026863314362515,-0.901660291127524,-0.7887089691797724,-0.2660899249366293,13.0,2.0,5.0,2015.0,13.0,22.0
-0.80219097497354,-0.8030880264697597,-0.8026524546532994,-0.901810332180332,-0.7886806562951791,-0.7847776648238637,14.0,3.0,5.0,2015.0,16.0,21.0
-0.8021455141712305,-0.8029149136634351,-0.8026109683298167,-0.902248799821748,-0.7886467853113764,-0.9810351282675523,15.0,4.0,5.0,2015.0,14.0,23.0
-0.8021032437320545,-0.8030097529736832,-0.802700078428011,-0.9025329850821576,-0.7887109643369338,-0.9332706573098022,16.0,5.0,5.0,2015.0,0.0,20.0
-0.8022034911575303,-0.802964546467339,-0.8026602486732185,-0.902530566114924,-0.7886778484939833,-0.9739246216053258,17.0,6.0,5.0,2015.0,15.0,0.0
-0.8021496865446094,-0.8031889987297841,-0.8028857246219919,-0.9022243443884372,-0.7888440543331771,-0.6757442226099701,18.0,0.0,5.0,2015.0,6.0,20.0
-0.8023858866890082,-0.8032296535203713,-0.8029582034822006,-0.9023620194204092,-0.7888959431345368,-0.9356535819338662,19.0,1.0,5.0,2015.0,8.0,20.0
-0.8024562562888929,-0.8032280732511018,-0.8028311046772925,-0.9022938164765452,-0.7887979027466567,-0.877748957102856,20.0,2.0,5.0,2015.0,17.0,7.0
-0.8023258239840982,-0.8031020626953901,-0.8027497277301839,-0.9023149959990732,-0.7887339303646336,-0.9286603934132146,21.0,3.0,5.0,2015.0,18.0,4.0
-0.8022457615967064,-0.8030246111708758,-0.8024426276131977,-0.9016698964884452,-0.7885009261006408,-0.5447401469279037,22.0,4.0,5.0,2015.0,18.0,11.0
-0.8019411549367798,-0.8027950370222557,-0.8025332116735818,-0.902342325989859,-0.7885667071824952,-0.9434784782752336,23.0,5.0,5.0,2015.0,12.0,23.0
-0.8020215243778993,-0.8027874492214009,-0.8024054985616866,-0.9025102977728786,-0.7884680512050768,-0.8518301991216037,24.0,6.0,5.0,2015.0,18.0,5.0
-0.8019018286560662,-0.8029249037051156,-0.8026413465595497,-0.902352148298514,-0.7886423215510229,-0.7237929528861858,25.0,0.0,5.0,2015.0,6.0,20.0
-0.8021363727698357,-0.8029846519688971,-0.8026409785372228,-0.9022436147709064,-0.7886392758478458,-0.9165100385673068,26.0,1.0,5.0,2015.0,10.0,7.0
-0.8021387655421857,-0.8029212357052634,-0.8026307291622441,-0.9021127952873276,-0.7886289245111928,-0.982993002557834,27.0,2.0,5.0,2015.0,7.0,18.0
-0.802126986099916,-0.8029239553506,-0.802623057816436,-0.9023843813080874,-0.7886206213179202,-1.0671010394950349,28.0,3.0,5.0,2015.0,20.0,8.0
-0.8021196242995499,-0.8029821860542169,-0.8026422062147588,-0.9023314786031608,-0.7886320441525481,-0.9996356533536254,29.0,4.0,5.0,2015.0,0.0,7.0
-0.8021371095115563,-0.8032151744720326,-0.8028724074578368,-0.9023697915729784,-0.7888024500682904,-0.6437526323482005,30.0,5.0,5.0,2015.0,0.0,19.0
-0.8023798748016842,-0.8033734927550131,-0.8030660321511193,-0.902335502983626,-0.7889452353008111,-0.7829138631578821,31.0,6.0,5.0,2015.0,1.0,23.0
-0.8025579144764611,-0.8038948561954772,-0.8035118298632012,-0.9017193876902552,-0.7892780355847705,-0.0232974680356615,1.0,0.0,6.0,2015.0,7.0,21.0
-0.8030081685151043,-0.8038238530957381,-0.8033352662355027,-0.9020248229812062,-0.7891424625430746,-0.7306331924211821,2.0,1.0,6.0,2015.0,13.0,4.0
-0.8028338097405101,-0.8037283191616373,-0.803330908963525,-0.9021716206653914,-0.7891365837222225,-0.7964780013907974,3.0,2.0,6.0,2015.0,20.0,8.0
-0.8028316004514883,-0.8037204785948819,-0.8034260329023869,-0.9023356494233464,-0.7892055866582264,-0.9051699309121458,4.0,3.0,6.0,2015.0,15.0,23.0
-0.8029308658667126,-0.80377580152586,-0.803387492630408,-0.9021551272139168,-0.7891740650406834,-0.8728069461395711,5.0,4.0,6.0,2015.0,15.0,7.0
-0.8028786564353584,-0.8036999302706153,-0.8033465578721904,-0.9025307179783378,-0.7891399953494121,-1.04080073776498,6.0,5.0,6.0,2015.0,11.0,3.0
-0.8028423988196466,-0.8038091222462487,-0.8035145914353161,-0.9024121072284876,-0.7892638433288793,-0.788425410581935,7.0,6.0,6.0,2015.0,7.0,19.0
-0.803009088740153,-0.8037972982046422,-0.8031704240720965,-0.9018664836775744,-0.7890017016644563,-0.4252429691704813,8.0,0.0,6.0,2015.0,20.0,0.0
-0.8026619045873167,-0.8034754770434078,-0.8031361174615399,-0.90159667120454,-0.7889730698115677,-0.8522461036730008,9.0,1.0,6.0,2015.0,8.0,4.0
-0.802633867211817,-0.8034703561219954,-0.803151153936107,-0.9022718288237082,-0.7889812827887496,-0.9946319817943872,10.0,2.0,6.0,2015.0,12.0,16.0
-0.8026424562909594,-0.803422493644163,-0.8030957970103094,-0.9023525767702888,-0.7889370032852471,-1.0230255961189203,11.0,3.0,6.0,2015.0,10.0,0.0
-0.8025903077086617,-0.8033879718033582,-0.8030787977500031,-0.9023741793408978,-0.7889215373217917,-0.9984081425947534,12.0,4.0,6.0,2015.0,16.0,2.0
-0.8025771175042997,-0.8033944839019883,-0.8029302806075271,-0.9024128177323164,-0.7888065534721241,-0.8073382267847156,13.0,5.0,6.0,2015.0,20.0,0.0
-0.8024223905093849,-0.8032178304435209,-0.8028602561659399,-0.9024746152943354,-0.78875090727167,-0.8770539993226643,14.0,6.0,6.0,2015.0,9.0,1.0
-0.8023622669554122,-0.8031281757285399,-0.8026589601268492,-0.9020544851601322,-0.7885962503126209,-0.7053134736794772,15.0,0.0,6.0,2015.0,18.0,0.0
-0.8021571709792409,-0.8029574651630408,-0.8017953503190808,-0.9008775491270844,-0.7879420349745933,0.5134797602988426,16.0,1.0,6.0,2015.0,15.0,1.0
-0.8012947010548293,-0.8023028207705276,-0.801894219095828,-0.9007557112796916,-0.788013517802808,-0.1236139094903238,17.0,2.0,6.0,2015.0,11.0,2.0
-0.8013802857286358,-0.8024513390686293,-0.8019112183561344,-0.9014541853565672,-0.7880231434871957,-0.3663896120637775,18.0,3.0,6.0,2015.0,13.0,5.0
-0.8014039054622318,-0.8024728357474115,-0.8021813111592825,-0.901834652021309,-0.7882242556584759,-0.4473623939716504,19.0,4.0,6.0,2015.0,8.0,23.0
-0.8016807818003863,-0.8026726307925415,-0.8021441203025,-0.9020167362544228,-0.7881934923560491,-0.6442108294841559,20.0,5.0,6.0,2015.0,16.0,4.0
-0.8016458113763736,-0.8025932815942464,-0.8022219387640065,-0.9025594960952478,-0.7882498460333373,-0.8419144846319687,21.0,6.0,6.0,2015.0,0.0,18.0
-0.8017151999021467,-0.8024733412792185,-0.8020350030872121,-0.9021748694577074,-0.7881055038605618,-0.7557817526602365,22.0,0.0,6.0,2015.0,22.0,9.0
-0.8015337236595713,-0.8025141861266076,-0.8022003359470562,-0.9023150068464598,-0.7882277121693924,-0.7575821453931114,23.0,1.0,6.0,2015.0,3.0,12.0
-0.801695996874308,-0.8026797120968396,-0.8024323791746572,-0.9021937222157886,-0.7884001903317047,-0.7894204705436845,24.0,2.0,6.0,2015.0,0.0,23.0
-0.8019363076068831,-0.802689195641957,-0.8022922085538097,-0.9022594465317924,-0.788291164543673,-0.8753613913073958,25.0,3.0,6.0,2015.0,5.0,0.0
-0.8017989431897155,-0.8026140836491759,-0.8022434189068458,-0.9023760342440232,-0.788251165580038,-0.960613103780504,26.0,4.0,6.0,2015.0,22.0,15.0
-0.8017409671395618,-0.8025151971902218,-0.8017895200213512,-0.902023217567975,-0.7879050023723281,-0.3207612721431854,27.0,5.0,6.0,2015.0,22.0,3.0
-0.8012866025127426,-0.8022422495704278,-0.8019109730079185,-0.902313439399082,-0.7879940981431475,-0.8092882376377389,28.0,6.0,6.0,2015.0,3.0,19.0
-0.8014236608123229,-0.80216972987528,-0.8014167546076438,-0.9012501080469232,-0.7876169486699409,-0.3004150378866683,29.0,0.0,6.0,2015.0,23.0,0.0
-0.8009135275520917,-0.8017040685146478,-0.8010480393124145,-0.9007190796548121,-0.7873345891835977,0.0060519103825702,30.0,1.0,6.0,2015.0,15.0,1.0
-0.8005264657324294,-0.801714943236989,-0.8013211999047269,-0.9016684429386276,-0.7875387236029868,-0.2708343472190717,1.0,2.0,7.0,2015.0,1.0,10.0
-0.8008205202288626,-0.8018197725889176,-0.8015181386718399,-0.9019655474365946,-0.7876847471212464,-0.4423059561657985,2.0,3.0,7.0,2015.0,3.0,14.0
-0.8010102784968467,-0.8018584033227771,-0.8014614323308459,-0.9021021214588169,-0.7876384177555018,-0.8329175807753038,3.0,4.0,7.0,2015.0,2.0,7.0
-0.8009469645797406,-0.8018144616107035,-0.8011821960925881,-0.9022872538075928,-0.7874234875030611,-0.462308228801367,4.0,5.0,7.0,2015.0,22.0,5.0
-0.8006822973718489,-0.8015298809708606,-0.8005054601563302,-0.9007395649445914,-0.7869071494701506,0.3743672934378757,5.0,6.0,7.0,2015.0,18.0,8.0
-0.8000501991878401,-0.8009672298602992,-0.8006823918063556,-0.900468450785153,-0.7870374162753134,-0.2567964021920595,6.0,0.0,7.0,2015.0,16.0,2.0
-0.8001204452173194,-0.8011422403404045,-0.8008556413602237,-0.901569308671594,-0.7871659874595798,-0.5706282301185215,7.0,1.0,7.0,2015.0,4.0,14.0
-0.8003646839908822,-0.8011704401393809,-0.800574685811548,-0.901128763755625,-0.7869492089130152,-0.3591518045040802,8.0,2.0,7.0,2015.0,13.0,3.0
-0.8000674391313218,-0.8009997286091257,-0.8006702405144588,-0.9009486428995036,-0.7870188718202804,-0.6931058548202493,9.0,3.0,7.0,2015.0,7.0,1.0
-0.8001699557587361,-0.8008912322221011,-0.7997088051280963,-0.8976896106503868,-0.786285174588772,1.286297262288684,10.0,4.0,7.0,2015.0,18.0,0.0
-0.7992052753245039,-0.799960036848546,-0.7992042774204476,-0.9009047814913898,-0.7858984236337042,0.1663768656536463,11.0,5.0,7.0,2015.0,14.0,2.0
-0.7986985168468683,-0.7993925812563272,-0.7981148227051407,-0.900075222169961,-0.7850672743627675,0.7387390024437506,12.0,6.0,7.0,2015.0,14.0,0.0
-0.7976134058213564,-0.800119304450798,-0.7992693920883478,-0.8997688431563673,-0.7859411928759734,1.299239125961788,13.0,0.0,7.0,2015.0,0.0,9.0
-0.7987663719762775,-0.7997635296896585,-0.7995510836816774,-0.9015763811677212,-0.7861519648175499,-0.3517818849966157,14.0,1.0,7.0,2015.0,14.0,6.0
-0.7990110994146161,-0.7998438899515677,-0.7996514236112818,-0.9016436675074092,-0.7862247118641464,-0.4864745714051937,15.0,2.0,7.0,2015.0,12.0,23.0
-0.7991339864357166,-0.8004841826434452,-0.8001264346172888,-0.9004506719183549,-0.7865829567217808,0.248396173044466,16.0,3.0,7.0,2015.0,0.0,17.0
-0.7996217862179045,-0.8006863162555524,-0.8000415591169613,-0.9016379834767796,-0.7865150577349852,-0.4279583077372681,17.0,4.0,7.0,2015.0,20.0,7.0
-0.7995457117844293,-0.8005578397851605,-0.8003220839015882,-0.9017683853359704,-0.7867252151246731,-0.4114307785671805,18.0,5.0,7.0,2015.0,9.0,17.0
-0.7998257167005083,-0.8006565998611611,-0.8004010672989087,-0.9023028686207448,-0.7867819357971034,-0.8974756933176903,19.0,6.0,7.0,2015.0,4.0,10.0
-0.7999035098859556,-0.8006283383178421,-0.8000716919984845,-0.9019026597122124,-0.7865276461664384,-0.6249095770640906,20.0,0.0,7.0,2015.0,23.0,0.0
-0.7995732586228733,-0.8004728641336395,-0.8002648859277183,-0.901890765552698,-0.7866719274068728,-0.7188393664437212,21.0,1.0,7.0,2015.0,4.0,23.0
-0.7997711135606639,-0.8005384925813034,-0.800179643341508,-0.9020828131104942,-0.786603535390578,-0.8864148863037735,22.0,2.0,7.0,2015.0,16.0,3.0
-0.7996677993424663,-0.8004540861354442,-0.8002516296323965,-0.9021293755178956,-0.7866552704649699,-0.9713927150711366,23.0,3.0,7.0,2015.0,2.0,16.0
-0.7997497639651524,-0.8004832969980348,-0.7995011262895667,-0.901116875019804,-0.7860793545023321,0.1184804585900641,24.0,4.0,7.0,2015.0,20.0,1.0
-0.7990037993994529,-0.7998037406927812,-0.799475413421743,-0.902013802036321,-0.7860561699727264,-0.7698564532461524,25.0,5.0,7.0,2015.0,13.0,1.0
-0.7989745955942394,-0.7996960045329761,-0.7992306045952583,-0.9022649136146882,-0.7858660846135047,-0.7153769935958489,26.0,6.0,7.0,2015.0,12.0,8.0
-0.7987292540484395,-0.7997121892687817,-0.7991730395355057,-0.9014752401341484,-0.7858186073921006,-0.2814038804183008,27.0,0.0,7.0,2015.0,16.0,8.0
-0.7986682720546208,-0.7993345396447623,-0.7991237582556596,-0.9017539311931952,-0.7857777639062818,-0.9105107429688156,28.0,1.0,7.0,2015.0,1.0,11.0
-0.7986160616871264,-0.7996282883547297,-0.7994206089976611,-0.9017962902382513,-0.7860007121838939,-0.6885764579970464,29.0,2.0,7.0,2015.0,0.0,10.0
-0.7989461912520834,-0.799767955987218,-0.7995352502936232,-0.9019609969578748,-0.7860850873086608,-0.8763099152051967,30.0,3.0,7.0,2015.0,6.0,10.0
-0.7990325107953303,-0.8000350234231363,-0.7997237807338299,-0.9018528864783484,-0.7862255352979209,-0.5995717335793292,31.0,4.0,7.0,2015.0,2.0,7.0
-0.799217177401033,-0.8003025963908551,-0.7999108990171183,-0.902104225851836,-0.7863649346587004,-0.5746287454788277,1.0,5.0,8.0,2015.0,0.0,15.0
-0.7994771208494333,-0.800339457763393,-0.7998487304007217,-0.9021732586207828,-0.7863139630326196,-0.6868689992222077,2.0,6.0,8.0,2015.0,23.0,5.0
-0.7993325172661652,-0.8001684934672374,-0.7999338531221537,-0.9019697670700202,-0.7863753963868776,-0.7153722102885438,3.0,0.0,8.0,2015.0,20.0,3.0
-0.7994295125433111,-0.8001057727922125,-0.7996889225580083,-0.9019461956987253,-0.7861850823430924,-0.7815584446065246,4.0,1.0,8.0,2015.0,18.0,0.0
-0.7992073011301977,-0.8000891442689423,-0.7998936553450342,-0.9020427754061916,-0.7863385477284848,-0.8301820965518688,5.0,2.0,8.0,2015.0,2.0,11.0
-0.7993877326411846,-0.8002841965767575,-0.80009648527871,-0.9021152305256414,-0.7864904041345407,-0.8732277816497518,6.0,3.0,8.0,2015.0,0.0,16.0
-0.7995819085510723,-0.8004129894869045,-0.8000346238158069,-0.9008302111315338,-0.7864399627544327,-0.8209820524647088,7.0,4.0,8.0,2015.0,16.0,4.0
-0.7995204959331265,-0.8014028593515348,-0.8011753825291005,-0.8999598059754935,-0.7873092213425044,0.5840871456857868,8.0,5.0,8.0,2015.0,0.0,23.0
-0.8006632169782758,-0.801418160371442,-0.8009246216672194,-0.9018441814505233,-0.787114307657837,-0.5468937987498051,9.0,6.0,8.0,2015.0,14.0,0.0
-0.8003956046757817,-0.8012836136603598,-0.8009622423516065,-0.9019965980810178,-0.7871395410574534,-0.7622994020193897,10.0,0.0,8.0,2015.0,9.0,13.0
-0.8004652983830084,-0.8011889016978211,-0.8005991738111685,-0.901754999660785,-0.7868579765866164,-0.5786111191271454,11.0,1.0,8.0,2015.0,23.0,2.0
-0.8000814887116701,-0.8011019656634271,-0.8008452693111279,-0.901680071337168,-0.787043720872371,-0.6969861155965216,12.0,2.0,8.0,2015.0,3.0,12.0
-0.8003523512902202,-0.8012681235484069,-0.8009861778495114,-0.901632879781338,-0.7871485058342457,-0.8651160505563592,13.0,3.0,8.0,2015.0,1.0,11.0
-0.800478183405923,-0.8013543012850936,-0.8008879842485906,-0.9016651127909112,-0.7870702335927546,-0.6079257301934646,14.0,4.0,8.0,2015.0,17.0,3.0
-0.8003924760978571,-0.8013658088869512,-0.8011413840084818,-0.902086539187825,-0.7872615041649067,-0.6711915012428439,15.0,5.0,8.0,2015.0,5.0,23.0
-0.8006172038537139,-0.8016348367057425,-0.801328197011159,-0.9015226974509524,-0.7874018333789456,-0.6610934748093458,16.0,6.0,8.0,2015.0,3.0,8.0
-0.8008243246994451,-0.8016300302945731,-0.8013607833748594,-0.9019619677989844,-0.7874237438987274,-0.8555970000998712,17.0,0.0,8.0,2015.0,5.0,12.0
-0.8008589262845336,-0.804540839014429,-0.804238889341002,-0.9008485215202804,-0.789628626998514,3.515405314385704,18.0,1.0,8.0,2015.0,0.0,23.0
-0.8028377967582807,-0.8038019135942539,-0.8032811978560745,-0.8998330976514733,-0.7888910829369434,0.4853505897216361,19.0,2.0,8.0,2015.0,2.0,21.0
-0.80276245813038,-0.8035405999592645,-0.8027493587714128,-0.901383959375084,-0.7884801284458092,-0.0004863971887486,20.0,3.0,8.0,2015.0,10.0,0.0
-0.80224367587809,-0.8032355337042537,-0.8029200312325484,-0.9018775805541666,-0.7886080102822487,-0.6769846388626819,21.0,4.0,8.0,2015.0,8.0,16.0
-0.8024088932512892,-0.8038058343600063,-0.8030537581851176,-0.9018758395486016,-0.7887077437694247,0.1688333973069558,22.0,5.0,8.0,2015.0,2.0,18.0
-0.8025491409778566,-0.8036239953415095,-0.8031900622304129,-0.902136138863502,-0.7888099198379325,-0.3940872751311621,23.0,6.0,8.0,2015.0,2.0,17.0
-0.8026880397275282,-0.8045810509823077,-0.8042747298461437,-0.8999225072363323,-0.7896404485921737,0.8139747075627985,24.0,0.0,8.0,2015.0,0.0,23.0
-0.8037950545430841,-0.8052686986907049,-0.8035926552450384,-0.8998211655261055,-0.7891139479719184,2.103210855790824,25.0,1.0,8.0,2015.0,20.0,0.0
-0.8030583530769048,-0.8039638998770865,-0.803333547861535,-0.901409288023024,-0.7889118734191614,0.0852796225719887,26.0,2.0,8.0,2015.0,14.0,4.0
-0.8028145449274688,-0.8037438719826889,-0.8033987233982625,-0.9019463746806058,-0.7889594960284437,-0.6269054645216229,27.0,3.0,8.0,2015.0,17.0,23.0
-0.8028973071409383,-0.8039182505480402,-0.8029920193963194,-0.9014348553134712,-0.7886438727674158,0.4522673985528349,28.0,4.0,8.0,2015.0,17.0,1.0
-0.8024771771325514,-0.8035133494795534,-0.8030911943901159,-0.9022046997711272,-0.7887171483364516,-0.536047886965352,29.0,5.0,8.0,2015.0,5.0,22.0
-0.8025786509006575,-0.8035818239555073,-0.8031537310288395,-0.9020815765084106,-0.7887624944668962,-0.5393047304780243,30.0,6.0,8.0,2015.0,3.0,16.0
-0.8026265662605135,-0.8036028151024888,-0.8030742559986368,-0.9020111715450468,-0.7886983892211037,-0.5122022872282374,31.0,0.0,8.0,2015.0,19.0,8.0
-0.8025565037143627,-0.8035430658739446,-0.8031930082819164,-0.9020185206495348,-0.7887869463672819,-0.7051031188491622,1.0,1.0,9.0,2015.0,0.0,10.0
-0.802693254960209,-0.8035674076162672,-0.8031216344251326,-0.902116949836433,-0.7887290181766862,-0.7291625061160957,2.0,2.0,9.0,2015.0,18.0,4.0
-0.802613682173733,-0.8035552680996553,-0.8032505742781195,-0.9021862863322072,-0.7888256479563748,-0.863246419970779,3.0,3.0,9.0,2015.0,2.0,10.0
-0.8027430716192195,-0.8035309900311939,-0.8030594040034584,-0.9019975201088872,-0.7886754704354197,-0.7563327162973369,4.0,4.0,9.0,2015.0,23.0,0.0
-0.8025600001950774,-0.8033797530524988,-0.8027696730419939,-0.9020133030565328,-0.7884494012076545,-0.4412822771025836,5.0,5.0,9.0,2015.0,16.0,1.0
-0.8022734310694157,-0.8030485737643381,-0.8024738046293063,-0.901752841030832,-0.7882185652183286,-0.2874623487211969,6.0,6.0,9.0,2015.0,14.0,0.0
-0.8019627498008223,-0.8027930766393764,-0.8024733748017018,-0.9019850564615712,-0.788215277231878,-0.8297775290700204,7.0,0.0,9.0,2015.0,13.0,5.0
-0.8019681494529713,-0.8027326327869859,-0.8022426210569144,-0.9016766110208112,-0.7880346506923958,-0.5360599460324922,8.0,1.0,9.0,2015.0,10.0,1.0
-0.8017491883159139,-0.8028500435134787,-0.8025764163710382,-0.9018525285145874,-0.7882892489148914,-0.4933785212058514,9.0,2.0,9.0,2015.0,4.0,11.0
-0.8020607888734101,-0.8029783926361675,-0.802557452452098,-0.9019837927410208,-0.7882713885412521,-0.5971902096125983,10.0,3.0,9.0,2015.0,14.0,6.0
-0.8020612185614032,-0.8028179248782555,-0.8024574187395427,-0.9020917676282134,-0.788191132873897,-0.8864287751985761,11.0,4.0,9.0,2015.0,8.0,0.0
-0.8019675971307189,-0.8030439583747327,-0.802756784768999,-0.9021602200619716,-0.7884195315165314,-0.6152288149903514,12.0,5.0,9.0,2015.0,0.0,19.0
-0.802250607990463,-0.8033867706829423,-0.8030462713186919,-0.902132222956904,-0.7886402239310385,-0.468120921287911,13.0,6.0,9.0,2015.0,0.0,22.0
-0.8025348470651175,-0.8034734539514297,-0.8030381701452792,-0.9019956001214416,-0.7886311241343976,-0.6920401133406395,14.0,0.0,9.0,2015.0,14.0,2.0
-0.8025420244460214,-0.8033557894942803,-0.8030590359811315,-0.9020943113403942,-0.7886442548314311,2.103753109057977,15.0,1.0,9.0,2015.0,19.0,22.0
-0.802556871617153,-0.8035087977637965,-0.8031334785635299,-0.9020418967678692,-0.7886991400870078,-0.7661638977004289,16.0,2.0,9.0,2015.0,4.0,11.0
-0.8026288972476608,-0.8034124408933838,-0.8030893533420372,-0.9021074583730724,-0.788664643521053,-1.0413922204236357,17.0,3.0,9.0,2015.0,2.0,0.0
-0.8023561932828792,-0.8032063865155179,-0.8028951143417677,-0.902036581548387,-0.788509407308827,-0.9546004327961402,18.0,4.0,9.0,2015.0,9.0,12.0
-0.8023968685404946,-0.8032756819982778,-0.8029860664244849,-0.9024449639627962,-0.7885773928117955,-0.9596992656925054,19.0,5.0,9.0,2015.0,1.0,15.0
-0.8024863793830089,-0.8032869995433275,-0.8030033110330133,-0.9023510201702974,-0.7885883497458273,-1.0321914196694917,20.0,6.0,9.0,2015.0,9.0,5.0
-0.8024975456539575,-0.8035644998436283,-0.8032565881187872,-0.9020671386367156,-0.7887818427032963,-0.6690584140652202,21.0,0.0,9.0,2015.0,0.0,22.0
-0.802758164058882,-0.8036532689131987,-0.8030397658451419,-0.901778028662745,-0.7886111462967981,-0.3656342707004623,22.0,1.0,9.0,2015.0,9.0,7.0
-0.802514784661299,-0.8033703949255725,-0.8030603245275008,-0.9021986469293496,-0.7886240897057651,-0.9433860653533914,23.0,2.0,9.0,2015.0,1.0,10.0
-0.8025502456223674,-0.8033258840078434,-0.8027997441182394,-0.9017732286941312,-0.7884197180821196,-0.5931230760069643,24.0,3.0,9.0,2015.0,21.0,0.0
-0.8023045970228461,-0.8031116099143685,-0.8027620016961857,-0.9019215233176804,-0.7883873430148097,-0.7814244388624143,25.0,4.0,9.0,2015.0,12.0,3.0
-0.8022607922511661,-0.8031322219124897,-0.8028113438448651,-0.9023901033045706,-0.7884227515633503,-0.9697413138169588,26.0,5.0,9.0,2015.0,2.0,17.0
-0.802318277764264,-0.8031879876661763,-0.8029084933111944,-0.9023653821102856,-0.7884952310745911,-0.9682861665693736,27.0,6.0,9.0,2015.0,7.0,21.0
-0.8023982184535304,-0.8031885568718318,-0.8025166413044358,-0.9017940990661382,-0.7881887670777349,-0.4306884541002895,28.0,0.0,9.0,2015.0,23.0,0.0
-0.8020190698203526,-0.802969731062606,-0.8026673066484779,-0.9019037498745756,-0.7883022036183601,-0.7752828913651696,29.0,1.0,9.0,2015.0,0.0,12.0
-0.8021648398333345,-0.8029886354437548,-0.8027057860516296,-0.9020636295071186,-0.788329265760003,-0.9646643118340243,30.0,2.0,9.0,2015.0,4.0,8.0
-0.8022038590603207,-0.8029894574153106,-0.8026144050777521,-0.9020232067205882,-0.7882554791715062,-0.8845958205473313,1.0,3.0,10.0,2015.0,16.0,10.0
-0.8021265564119229,-0.8029270531800408,-0.8026301157916953,-0.9020671874499556,-0.7882650121955759,-0.9834972837669648,2.0,4.0,10.0,2015.0,10.0,15.0
-0.8021303608825114,-0.8029054928274101,-0.8025419262175434,-0.902240485299844,-0.7881937882302557,-0.9361680548956444,3.0,5.0,10.0,2015.0,21.0,5.0
-0.8020488250116783,-0.8028425193864784,-0.8025708314215307,-0.9024294305050444,-0.788213248808092,-1.0834196974913926,4.0,6.0,10.0,2015.0,4.0,22.0
-0.8020723838962177,-0.8028997390264812,-0.8024404803480636,-0.901868788747248,-0.7881090414851898,-0.8309527397839441,5.0,0.0,10.0,2015.0,23.0,8.0
-0.8019363693920858,-0.8027036746903021,-0.8020918939075947,-0.901641037016135,-0.7878354945167576,-0.4624935547221627,6.0,1.0,10.0,2015.0,15.0,1.0
-0.8015801664721263,-0.8025488333856096,-0.8022817756358865,-0.901887050322754,-0.7879803716555225,-0.7641282718491065,7.0,2.0,10.0,2015.0,0.0,23.0
-0.8017700473743757,-0.8025745035960511,-0.8023225867835487,-0.9021302433088316,-0.7880093492744115,-0.9742775400361916,8.0,3.0,10.0,2015.0,4.0,9.0
-0.8018054465502416,-0.8025781079220485,-0.8022227366139317,-0.902193277472934,-0.7879292380389734,-0.970121668631463,9.0,4.0,10.0,2015.0,18.0,0.0
-0.8017292485463547,-0.8025179158708023,-0.8021607524769238,-0.9022714003519337,-0.7878778778305164,-0.95649985526309,10.0,5.0,10.0,2015.0,4.0,9.0
-0.8016677750793463,-0.8024497587993596,-0.8020313209910548,-0.9022217952525632,-0.7877743160080014,-0.8679565189478904,11.0,6.0,10.0,2015.0,22.0,10.0
-0.8015369140226986,-0.802384824975555,-0.8021382291359372,-0.9021913683328752,-0.7878546355461427,-0.9563819941079212,12.0,0.0,10.0,2015.0,3.0,13.0
-0.8016396768547839,-0.8024747324564363,-0.8018804721040684,-0.9016050562344576,-0.7876513511132005,-0.5107392665734901,13.0,1.0,10.0,2015.0,12.0,2.0
-0.8013762977747252,-0.802149370643059,-0.8017282110601636,-0.9016449691938132,-0.7875297717121592,-0.6374192241898146,14.0,2.0,10.0,2015.0,18.0,3.0
-0.8012159267952765,-0.8019506503353917,-0.8015851552566521,-0.9017664111115914,-0.7874150088801587,-0.7927652067418524,15.0,3.0,10.0,2015.0,15.0,0.0
-0.8010816291708368,-0.8018317857225825,-0.801060497757805,-0.9011872691357812,-0.7870035071121008,0.0483240020083929,16.0,4.0,10.0,2015.0,17.0,0.0
-0.8005631530361342,-0.8012980927087048,-0.8005835838984479,-0.9007914425714748,-0.7866291279743989,-0.0900351487024597,17.0,5.0,10.0,2015.0,14.0,0.0
-0.8000625300162223,-0.8013986221460271,-0.8011357372536905,-0.9019176887664828,-0.7870561340708241,-0.1539096968701957,18.0,6.0,10.0,2015.0,1.0,15.0
-0.8006175109074477,-0.8013876220054885,-0.8010256377090886,-0.9017644965478392,-0.7869668548673819,-0.8123954030118538,19.0,0.0,10.0,2015.0,4.0,6.0
-0.8005125397224806,-0.8012437190969921,-0.8006558174104406,-0.9014590883753548,-0.7866758169288965,-0.4475058823111286,20.0,1.0,10.0,2015.0,18.0,4.0
-0.8001607535082785,-0.8012050246892842,-0.8008516521105729,-0.9017439678685132,-0.7868253737375972,-0.5285244561095965,21.0,2.0,10.0,2015.0,5.0,10.0
-0.8003331491985216,-0.8010598560217674,-0.8003759668651896,-0.9010838338799216,-0.7864512169669126,-0.1868196023382179,22.0,3.0,10.0,2015.0,11.0,3.0
-0.7998943076354981,-0.8005914769453043,-0.800224197454161,-0.9015375854891956,-0.7863295634306744,-0.7085028410918556,23.0,4.0,10.0,2015.0,8.0,0.0
-0.7997191503339807,-0.8004042642394947,-0.7999076476850097,-0.9017274201801052,-0.7860792379038881,-0.7078127488213852,24.0,5.0,10.0,2015.0,23.0,0.0
-0.7994160152852152,-0.8000918629495292,-0.7997833104522165,-0.9006549010914129,-0.785978682314607,-0.0343502027211516,25.0,6.0,10.0,2015.0,14.0,0.0
-0.7992820874358397,-0.8001509792985567,-0.799683890110204,-0.90139297355343,-0.785897318793483,-0.7576704932875024,26.0,0.0,10.0,2015.0,23.0,4.0
-0.799186809038386,-0.7998665887155155,-0.7991629746399033,-0.9006215616483964,-0.7854871609615168,-0.1775950233987895,27.0,1.0,10.0,2015.0,21.0,0.0
-0.7986639770469826,-0.7993168363840295,-0.7984983281902707,-0.9003787808630134,-0.7849647139619165,-0.0815572187352558,28.0,2.0,10.0,2015.0,15.0,0.0
-0.7980123697175477,-0.7988034398932742,-0.7979314464503987,-0.8996363965647838,-0.7845181158963846,0.1960622998114261,29.0,3.0,10.0,2015.0,16.0,0.0
-0.7974222367912677,-0.7980373276672426,-0.7970624361725053,-0.8988874333265218,-0.7838346662472191,0.4736665019853639,30.0,4.0,10.0,2015.0,8.0,0.0
-0.7965284164939699,-0.7983337950577908,-0.797912361730236,-0.9004986444860271,-0.7844951022997211,0.659571111472914,31.0,5.0,10.0,2015.0,0.0,18.0
-0.7973570814879362,-0.7981675098251015,-0.7972210191470156,-0.9011276302037152,-0.7839507264507444,0.0867381229071921,1.0,6.0,11.0,2015.0,23.0,3.0
-0.7966860885834809,-0.7974512831688743,-0.7950265235494518,-0.8976067366160134,-0.7822304395755987,2.154013863479987,2.0,0.0,11.0,2015.0,23.0,1.0
-0.7944816918269536,-0.7952738997989274,-0.7924349590179366,-0.8919528617212423,-0.7801986152032138,3.1169425811119966,3.0,1.0,11.0,2015.0,19.0,1.0
-0.7919177782169278,-0.7938259563745199,-0.7919350329940374,-0.8888213296553749,-0.7798023344410661,6.18374442022134,4.0,2.0,11.0,2015.0,13.0,22.0
-0.791647037336503,-0.7942032278144417,-0.7934821276869412,-0.8948999344102045,-0.7810083760026333,3.436402643981627,5.0,3.0,11.0,2015.0,3.0,8.0
-0.7928758944415772,-0.7955029057066415,-0.7942114580404313,-0.8964802897443518,-0.781574788965142,1.5953275632575912,6.0,4.0,11.0,2015.0,17.0,5.0
-0.7937211852715639,-0.7943390364255202,-0.7934742727981946,-0.9000632846208999,-0.7809928555863322,0.0610516671893391,7.0,5.0,11.0,2015.0,10.0,0.0
-0.79310712462182,-0.7945750599636777,-0.7942790879957862,-0.9003240286786549,-0.7816188610416418,0.2333412090465388,8.0,6.0,11.0,2015.0,2.0,22.0
-0.7937178114251083,-0.7949420895607623,-0.7938563061940173,-0.8994341741582649,-0.7812831260290078,0.3535184143317333,9.0,0.0,11.0,2015.0,12.0,1.0
-0.7933705654870753,-0.797078312608321,-0.7965221288285482,-0.8979386718557202,-0.7833676361223629,2.3679668845839967,10.0,1.0,11.0,2015.0,7.0,22.0
-0.7958346604234844,-0.7988556640300618,-0.7981015046045413,-0.8973273079346711,-0.7846010406192157,1.821919188395461,11.0,2.0,11.0,2015.0,0.0,2.0
-0.7974138920445162,-0.7980742527136351,-0.7964403211173909,-0.8988780611844146,-0.7832945066886962,1.4208414039257802,12.0,3.0,11.0,2015.0,9.0,0.0
-0.7959157675424646,-0.7972700770298938,-0.7965261798834706,-0.9003139731511858,-0.7833574545415355,-0.0597526727329484,13.0,4.0,11.0,2015.0,1.0,12.0
-0.7960307385686665,-0.7970238116489051,-0.7967622722931115,-0.9010402599275554,-0.7835387823545328,-0.5633387765837685,14.0,5.0,11.0,2015.0,0.0,15.0
-0.7962499449742548,-0.7978128754047912,-0.7975441371314447,-0.9007364734393823,-0.7841480474331498,0.1402236241580058,15.0,6.0,11.0,2015.0,1.0,14.0
-0.7970668932472881,-0.7979130884023583,-0.7968945262199287,-0.9005321629109242,-0.7836335976838287,0.0783087134978643,16.0,0.0,11.0,2015.0,21.0,2.0
-0.7964149170789291,-0.7970463193912952,-0.7966279937752773,-0.900368286016383,-0.7834203730360092,-0.51021058689091,17.0,1.0,11.0,2015.0,2.0,0.0
-0.7961553424694591,-0.7969814492413452,-0.7966589245067258,-0.90075975735493,-0.7834405048535577,-0.7390711474982912,18.0,2.0,11.0,2015.0,22.0,5.0
-0.7961500663877094,-0.7973207845712602,-0.7971769557308005,-0.9006931923664572,-0.7838437165042216,-0.4165154124884064,19.0,3.0,11.0,2015.0,0.0,23.0
-0.7966573135301205,-0.798146265912226,-0.7974302318801363,-0.9002516061013651,-0.7840382726931807,-0.0639689287638168,20.0,4.0,11.0,2015.0,0.0,2.0
-0.7969222877917459,-0.7976797835447876,-0.7971292083455397,-0.9016049477605904,-0.7837971444556183,-0.5064563983021277,21.0,5.0,11.0,2015.0,9.0,1.0
-0.7966227119450381,-0.7975745750440054,-0.7972759453087642,-0.9018631752246316,-0.7839079690772284,-0.7395351640478162,22.0,6.0,11.0,2015.0,0.0,13.0
-0.7967837578810046,-0.797572614661126,-0.7973673890243635,-0.9016440851317972,-0.7839755603246329,-0.8893881827144552,23.0,0.0,11.0,2015.0,14.0,7.0
-0.7968657225036846,-0.7977731680039634,-0.7975515013237593,-0.9015419190201812,-0.7841163180558166,-0.7989708834020804,24.0,1.0,11.0,2015.0,0.0,2.0
-0.7970478727666438,-0.7978583983508906,-0.7970507156446571,-0.9008745715194356,-0.7837184446926526,-0.1945643573962771,25.0,2.0,11.0,2015.0,21.0,3.0
-0.7965412378594077,-0.7971338883051995,-0.7955484822178998,-0.8973796465754893,-0.7825315182750602,1.8441400629560143,26.0,3.0,11.0,2015.0,12.0,0.0
-0.7950959359600255,-0.7958920629325126,-0.7952196575462964,-0.9001417112267269,-0.7822688399026225,-0.0380992694091021,27.0,4.0,11.0,2015.0,10.0,4.0
-0.7947720036380012,-0.795620063667234,-0.7952602224092985,-0.901137636917944,-0.7822963091487778,-0.661045187075736,28.0,5.0,11.0,2015.0,5.0,0.0
-0.7947516969017917,-0.7953991520569316,-0.7944063712800769,-0.9009427798869932,-0.7816195103141621,-0.0161228274725624,29.0,6.0,11.0,2015.0,22.0,4.0
-0.7938949308748426,-0.7944686513072293,-0.7940364891761512,-0.8992455814931322,-0.7813232397654915,-0.3597619607595227,30.0,0.0,11.0,2015.0,9.0,14.0
-0.7935282375765925,-0.7953424379487297,-0.794946802234589,-0.8998557144527388,-0.7820354728857343,0.339809742133085,1.0,1.0,12.0,2015.0,5.0,17.0
-0.7944834087066396,-0.7957912170554353,-0.7951493868200429,-0.9001969569671803,-0.782190423465942,-0.2812955115059427,2.0,2.0,12.0,2015.0,17.0,1.0
-0.7946376451644985,-0.7952887589608759,-0.7950352998986848,-0.9003838357452147,-0.7820963373613979,-0.26798331793172,3.0,3.0,12.0,2015.0,4.0,15.0
-0.7945191767214358,-0.7953933982560027,-0.794904149102404,-0.9011936365517728,-0.7819884299389143,-0.6388214948004322,4.0,4.0,12.0,2015.0,15.0,2.0
-0.7943683141100322,-0.7949209710660777,-0.7933228704730485,-0.89953951313049,-0.7807358783376,0.6957800464977774,5.0,5.0,12.0,2015.0,23.0,0.0
-0.7927833776553979,-0.7934123946972341,-0.7933330589791999,-0.898916883981407,-0.7807389327570673,-0.1499788305703198,6.0,6.0,12.0,2015.0,5.0,13.0
-0.7927574259985145,-0.7935184869139211,-0.792918620889733,-0.8996928083993071,-0.7804072007934123,-0.2282784146684301,7.0,0.0,12.0,2015.0,13.0,0.0
-0.7924030635286463,-0.7932315030684967,-0.7916895499281765,-0.8999994857160352,-0.7794312834682212,0.481025456404441,8.0,1.0,12.0,2015.0,23.0,6.0
-0.791256599798105,-0.7921983253360592,-0.7915668083952461,-0.8982033862739545,-0.7793286573540543,-0.143432369052024,9.0,2.0,12.0,2015.0,11.0,17.0
-0.7910389885740834,-0.7918659439627264,-0.7916947041136413,-0.9003066023519244,-0.7794224473645988,-0.7017905703906906,10.0,3.0,12.0,2015.0,0.0,7.0
-0.7912050653232686,-0.7916299204245687,-0.7894571882980037,-0.8971171940543293,-0.7776488886055026,1.0909280098757828,11.0,4.0,12.0,2015.0,23.0,0.0
-0.7889317724502981,-0.7919169679438478,-0.7904968691641505,-0.895976862527694,-0.778464701310027,2.146332106463123,12.0,5.0,12.0,2015.0,3.0,6.0
-0.7902002001684768,-0.7909352541209784,-0.7905730919257942,-0.9001486806726805,-0.778519953741057,-0.2703943725348952,13.0,6.0,12.0,2015.0,20.0,4.0
-0.7901013026560427,-0.790670463507701,-0.789933178823998,-0.8960567535307254,-0.7780070436779377,-0.1976848017925409,14.0,0.0,12.0,2015.0,16.0,0.0
-0.7894506164877908,-0.7898218415448287,-0.788635861727211,-0.898626222614191,-0.7769741340604457,0.0560241943242046,15.0,1.0,12.0,2015.0,23.0,0.0
-0.7881420021767783,-0.7898235472322958,-0.78927332134683,-0.8972799048548005,-0.7774723809033404,-0.0061263011850355,16.0,2.0,12.0,2015.0,0.0,4.0
-0.7887819526982088,-0.789506974340183,-0.7892031124258541,-0.9005322551137112,-0.7774110900422151,-0.6824121075946827,17.0,3.0,12.0,2015.0,10.0,3.0
-0.7887163087300956,-0.7891224325039236,-0.7887404999328483,-0.899868302845002,-0.7770386014763172,-0.6134525341351927,18.0,4.0,12.0,2015.0,8.0,0.0
-0.78824359951529,-0.7890070439046529,-0.7888199140942175,-0.9005369032189112,-0.7770955904966071,-0.7025074146066449,19.0,5.0,12.0,2015.0,5.0,16.0
-0.788324459493459,-0.7904250181687623,-0.7900250514307515,-0.8990444817911365,-0.7780440497487798,0.3909045008827112,20.0,6.0,12.0,2015.0,0.0,18.0
-0.7895144200058126,-0.7908692455597047,-0.7902733569375607,-0.8989235173753207,-0.7782354516461183,-0.1764807671378334,21.0,0.0,12.0,2015.0,11.0,0.0
-0.7898458376986026,-0.7903505390554914,-0.7904002113306972,-0.9003770290100617,-0.7783306913028679,-0.7112278979879495,22.0,1.0,12.0,2015.0,10.0,20.0
-0.7898897651045481,-0.7902808007500228,-0.7900424805186622,-0.9005765666883727,-0.7780414952709507,-0.7259707598518551,23.0,2.0,12.0,2015.0,22.0,0.0
-0.7894988988142972,-0.7898724854123468,-0.789270191752382,-0.9000344251485897,-0.7774241465358591,-0.2961765233861085,24.0,3.0,12.0,2015.0,9.0,0.0
-0.7887771671535148,-0.7893035749690556,-0.7892291942524489,-0.9010149583980822,-0.7773856516983638,-0.8403244422421189,25.0,4.0,12.0,2015.0,6.0,12.0
-0.7887218899932926,-0.7922318968928425,-0.7915845446366564,-0.8968339687876425,-0.7792481070943315,1.7443469667218658,26.0,5.0,12.0,2015.0,0.0,17.0
-0.7911294196416405,-0.7920344423441954,-0.7912439975643165,-0.9002278340534163,-0.7789708869602133,-0.254677595257952,27.0,6.0,12.0,2015.0,22.0,0.0
-0.7907104560629734,-0.7914275977204159,-0.7912773836508368,-0.9004422109567304,-0.7789921784764482,-0.5045048743326099,28.0,0.0,12.0,2015.0,2.0,20.0
-0.7907868375501761,-0.7912919125980166,-0.7906204703522839,-0.9003360204646496,-0.7784651243937284,-0.4369447699597218,29.0,1.0,12.0,2015.0,23.0,8.0
-0.7900995857763508,-0.7911997919683553,-0.7910109729438459,-0.9005913191342821,-0.7787694715753298,-0.4597115553065473,30.0,2.0,12.0,2015.0,1.0,13.0
-0.7905551149606035,-0.7914115384028012,-0.7907687430829821,-0.9006397418685024,-0.7785721087651789,-0.3323856857329331,31.0,3.0,12.0,2015.0,21.0,6.0
-0.7902578083158401,-0.7908564104544904,-0.7905375576377017,-0.9011668001170818,-0.7783836802155109,-0.6700758876560395,1.0,4.0,1.0,2016.0,4.0,13.0
-0.7900184786573766,-0.7905810615586204,-0.7905925474776105,-0.9015021091109994,-0.7784223154374242,-0.9452452547638154,2.0,5.0,1.0,2016.0,0.0,13.0
-0.7900825293161973,-0.7910340141969853,-0.7908028652141562,-0.9009848406289148,-0.778584396240943,-0.6552560624667196,3.0,6.0,1.0,2016.0,0.0,20.0
-0.7902983000901275,-0.790757208520531,-0.790613842204623,-0.90104755479511,-0.7784277563961204,-0.8678681366760179,4.0,0.0,1.0,2016.0,15.0,1.0
-0.7901137570548303,-0.7907197798718498,-0.7906832532756676,-0.901262056443371,-0.7784774574467593,-0.9255728004563294,5.0,1.0,1.0,2016.0,2.0,13.0
-0.7901881763938223,-0.7909306387313667,-0.790858465615281,-0.9012880955951396,-0.7786119322994437,-0.8643105991699436,6.0,2.0,1.0,2016.0,0.0,3.0
-0.7903013687551355,-0.7907576523079954,-0.7890822119410024,-0.8983853511858146,-0.7771931341523126,0.5929785479539335,7.0,3.0,1.0,2016.0,23.0,2.0
-0.7886125638877648,-0.7895651432994512,-0.7893778958743073,-0.9000433308530688,-0.7774221036344185,-0.346236295050828,8.0,4.0,1.0,2016.0,1.0,18.0
-0.7888674765229465,-0.7896314663709678,-0.7897227393497916,-0.9013837966642836,-0.77769115324448,-0.7522917581325594,9.0,5.0,1.0,2016.0,1.0,15.0
-0.7891831258834221,-0.7900448389562079,-0.7896994181588676,-0.9011821491692596,-0.7776662605428122,-0.7352520668057103,10.0,6.0,1.0,2016.0,0.0,12.0
-0.7891549050245942,-0.7898232944663952,-0.7896725984147367,-0.9009405724438,-0.7776387153982828,-0.8021550663853414,11.0,0.0,1.0,2016.0,3.0,7.0
-0.7891865615150804,-0.7903395369854406,-0.7904543396425145,-0.8968642872334637,-0.778255533604185,-0.4732055479315751,12.0,1.0,1.0,2016.0,0.0,23.0
-0.7900158406165018,-0.7910506427202492,-0.7906580292313933,-0.8937033045127108,-0.7784126816321503,-0.5549632177131839,13.0,2.0,1.0,2016.0,0.0,0.0
-0.7901616724146804,-0.7908355466552183,-0.7907847600139746,-0.9007509872427844,-0.7785091023428291,-0.8667965836826551,14.0,3.0,1.0,2016.0,3.0,10.0
-0.7902863980135983,-0.7948512964344703,-0.7948336967061007,-0.8948171679819074,-0.7817339458255089,2.772966181564545,15.0,4.0,1.0,2016.0,0.0,23.0
-0.7942853684132406,-0.795446697130253,-0.7934095870214548,-0.8966069329840518,-0.7805937297887369,1.3333840607997471,16.0,5.0,1.0,2016.0,23.0,8.0
-0.792930802762869,-0.7938547871235007,-0.7937309856954659,-0.9006764602724754,-0.7808454295593561,-0.4677172822288618,17.0,6.0,1.0,2016.0,0.0,7.0
-0.7932632633149671,-0.7940714634578012,-0.793432172167719,-0.9001837556975687,-0.780601540200917,-0.4189937165644377,18.0,0.0,1.0,2016.0,14.0,7.0
-0.7929385334021594,-0.7939256020959374,-0.7938629343416781,-0.900595094024853,-0.7809412764128632,-0.6089997088924824,19.0,1.0,1.0,2016.0,13.0,19.0
-0.7933855362286124,-0.7940756369894605,-0.7914031311676599,-0.896532736859037,-0.7789723774643499,2.123996530386535,20.0,2.0,1.0,2016.0,23.0,0.0
-0.7909381289134325,-0.7921977561303973,-0.7920148760465668,-0.8994280128426204,-0.779456337088222,-0.1719919139310486,21.0,3.0,1.0,2016.0,1.0,17.0
-0.7915443353534805,-0.794158905023996,-0.7937191415570686,-0.8981692495480156,-0.7808120609242077,1.0251433675674764,22.0,4.0,1.0,2016.0,0.0,20.0
-0.7932202570702106,-0.7937353542697857,-0.7934123495300139,-0.9000837699106792,-0.7805612999988928,-0.3443689906696439,23.0,5.0,1.0,2016.0,5.0,13.0
-0.7928725205951218,-0.7933857751675274,-0.7924623293908946,-0.9001609273722626,-0.7797965567703135,0.0044034581840406,24.0,6.0,1.0,2016.0,20.0,0.0
-0.7920004187322657,-0.7933197685357658,-0.7931524433601349,-0.8999310929429037,-0.7803430138912226,-0.3091017292774359,25.0,0.0,1.0,2016.0,0.0,18.0
-0.7926332508495748,-0.7931919866892266,-0.793126237922991,-0.8999807414318208,-0.7803169712008495,-0.7199641546988506,26.0,1.0,1.0,2016.0,10.0,4.0
-0.792606134635264,-0.7931156726112671,-0.7929532355902272,-0.9005623023748648,-0.7801736668070566,-0.8610574559223927,27.0,2.0,1.0,2016.0,7.0,0.0
-0.7924403649398002,-0.7938773604692512,-0.7938543415353895,-0.8999210319917413,-0.780890095856104,-0.1616833556614007,28.0,3.0,1.0,2016.0,0.0,23.0
-0.7933629584181845,-0.7947804197176846,-0.7939043588598892,-0.8984632844524947,-0.7809248879614663,0.0944912922511883,29.0,4.0,1.0,2016.0,10.0,3.0
-0.7934392182072679,-0.7940824655278456,-0.7939791694646144,-0.90149192341489,-0.7809790323685056,-0.8924913510766598,30.0,5.0,1.0,2016.0,22.0,4.0
-0.7934743103294061,-0.7946297519446515,-0.7945614557013804,-0.9010791857747216,-0.7814398440350822,-0.3384813828303615,31.0,6.0,1.0,2016.0,7.0,23.0
-0.7940229704072935,-0.7946220377608494,-0.794298236394109,-0.9003327554012535,-0.7812241249301938,-0.4858095613294412,1.0,0.0,2.0,2016.0,10.0,1.0
-0.7938039474850334,-0.7943082452936663,-0.794212808392072,-0.900944439537158,-0.781150219066743,-0.989266552382324,2.0,1.0,2.0,2016.0,16.0,0.0
-0.7936980570111575,-0.7946164730519726,-0.7944889150358879,-0.900643169642699,-0.7813661427602719,-0.7177243298681641,3.0,2.0,2.0,2016.0,8.0,22.0
-0.7939724170065625,-0.7944933085245508,-0.7932832870029223,-0.8993766231311905,-0.7803943619888459,0.3171475576513046,4.0,3.0,2.0,2016.0,21.0,0.0
-0.7928236840740829,-0.7935083087449447,-0.7934701599379886,-0.90075752279327,-0.7805383406667181,-0.827311742243338,5.0,4.0,2.0,2016.0,12.0,22.0
-0.7929653444350289,-0.7943419461276648,-0.7940855251077813,-0.9004633253949382,-0.7810258034615823,-0.2408356700674974,6.0,5.0,2.0,2016.0,0.0,5.0
-0.7935834529516059,-0.7941828676174647,-0.7940795112671074,-0.9011235515863166,-0.7810156018926402,-0.7845415742401272,7.0,6.0,2.0,2016.0,12.0,21.0
-0.7935685458675518,-0.7942820695514178,-0.7942742409638148,-0.9005489221233727,-0.7811673738653492,-0.7451452003134198,8.0,0.0,2.0,2016.0,8.0,23.0
-0.7937730885853306,-0.7943096364708839,-0.7941157815998536,-0.9001341505981983,-0.7810347996517311,-0.8934919671809435,9.0,1.0,2.0,2016.0,13.0,5.0
-0.7936060307620337,-0.7941272301762373,-0.7937708781919802,-0.8985172176591576,-0.7807527641823347,-0.527194119885289,10.0,2.0,2.0,2016.0,15.0,1.0
-0.7932398879137559,-0.7940882830026291,-0.7938933125714172,-0.8991005519329789,-0.7808451942847356,-0.7388440536707997,11.0,3.0,2.0,2016.0,2.0,20.0
-0.7933888482898652,-0.7938858946951096,-0.7936104541693852,-0.8994982605188772,-0.7806126270483994,-0.829848840721086,12.0,4.0,2.0,2016.0,12.0,1.0
-0.7930848557374,-0.7935671723280718,-0.7931442213854997,-0.8997765556483096,-0.7802329256391107,-0.7089864364685116,13.0,5.0,2.0,2016.0,23.0,0.0
-0.7925761950244701,-0.7930429628593179,-0.7922009511317079,-0.8990954428138441,-0.779469142888488,-0.2526809491395829,14.0,6.0,2.0,2016.0,23.0,0.0
-0.79167826507513,-0.7927384031008637,-0.7926333090055238,-0.8991170998383345,-0.7798118790689371,-0.3923793920587126,15.0,0.0,2.0,2016.0,0.0,21.0
-0.7920547129461024,-0.7925055401012454,-0.7921851177436537,-0.8991701105832326,-0.7794468263999798,-0.7103495590246042,16.0,1.0,2.0,2016.0,17.0,0.0
-0.7916728654229809,-0.7921671540905955,-0.791642969351618,-0.8986222906534608,-0.7790054960244601,-0.2813180658906152,17.0,2.0,2.0,2016.0,20.0,1.0
-0.791125862311863,-0.791607349008324,-0.791271615158385,-0.8989716307420722,-0.7787008049180579,-0.5510982500148914,18.0,3.0,2.0,2016.0,13.0,0.0
-0.7907480626555807,-0.7914830460695851,-0.7913690708417634,-0.9001128463307234,-0.7787743371779476,-0.8580889358243279,19.0,4.0,2.0,2016.0,0.0,7.0
-0.7908173276109485,-0.7912303303343089,-0.7903638791926795,-0.8980366133441126,-0.7779597108588638,0.0570153922838431,20.0,5.0,2.0,2016.0,20.0,0.0
-0.7898251621234689,-0.7907576523079954,-0.790263599195458,-0.8982628568545789,-0.7778743619813614,-0.0728848012856597,21.0,6.0,2.0,2016.0,8.0,14.0
-0.7897505593011488,-0.7905148639053011,-0.790328039623982,-0.8985034249900232,-0.7779217942073416,-0.8335195241118505,22.0,0.0,2.0,2016.0,0.0,2.0
-0.7897955913516053,-0.7914693253189536,-0.7913720786985446,-0.8985110346487396,-0.7787582633731169,0.1071740373362898,23.0,1.0,2.0,2016.0,3.0,19.0
-0.7908569000963331,-0.7917167927851081,-0.7911131557944177,-0.8994602460691414,-0.7785455790840159,-0.4787527731110432,24.0,2.0,2.0,2016.0,19.0,6.0
-0.7906065277373144,-0.791305316908899,-0.7911383779658034,-0.899294589986234,-0.7785605376492568,-0.7500020268943518,25.0,3.0,2.0,2016.0,0.0,5.0
-0.790631558233015,-0.7912291301786489,-0.7906714690696593,-0.8997996443108964,-0.7781792065542567,-0.5527037611710445,26.0,4.0,2.0,2016.0,23.0,1.0
-0.7901278684203814,-0.7908192345717032,-0.7906489457286667,-0.9008622760066134,-0.7781558875341544,-0.8283848114256102,27.0,5.0,2.0,2016.0,0.0,10.0
-0.7901443089007993,-0.7910900317518161,-0.7905884964226881,-0.9002580874149173,-0.778102453194456,-0.4848127086041774,28.0,6.0,2.0,2016.0,15.0,1.0
-0.7900911193314737,-0.7905922527207168,-0.7903311692184238,-0.8998425619963675,-0.7778900946762657,-0.608658508954757,29.0,0.0,2.0,2016.0,11.0,0.0
-0.7898163287119417,-0.7905526726675983,-0.7904891378859532,-0.8990723378801772,-0.7780125892525839,-0.7613153079544085,1.0,1.0,3.0,2016.0,0.0,7.0
-0.7899872509187436,-0.7910793461215205,-0.7911724382916998,-0.8990691109995822,-0.7785587683470236,-0.4851242454399146,2.0,2.0,3.0,2016.0,1.0,23.0
-0.7906755474241572,-0.7913687958816314,-0.7913159239228158,-0.8976845123786387,-0.7786699226306091,-0.830805856598031,3.0,3.0,3.0,2016.0,13.0,5.0
-0.7908029110639438,-0.7919044492783885,-0.7919733279178066,-0.8982067003675385,-0.7791956162094248,-0.3208717167145808,4.0,4.0,3.0,2016.0,7.0,23.0
-0.7914811440706397,-0.7929732245538494,-0.7926096806611123,-0.8957915895967864,-0.7797047347187968,-0.1092881107041681,5.0,5.0,3.0,2016.0,4.0,16.0
-0.7921103589452487,-0.7928630205498457,-0.7921716779053937,-0.8981873703244424,-0.7793460057181102,-0.1521567788907575,6.0,6.0,3.0,2016.0,16.0,1.0
-0.7916666700523285,-0.792197186924742,-0.7917657708169377,-0.8984829668187106,-0.7790134873426661,-0.5848111628011545,7.0,0.0,3.0,2016.0,23.0,2.0
-0.791255128186944,-0.7918946492935098,-0.7917871910273879,-0.8993209656239382,-0.7790256289425953,-0.8733005097711222,8.0,1.0,3.0,2016.0,5.0,13.0
-0.7912901585238794,-0.7918622778923863,-0.7917326937567993,-0.8993372037279297,-0.7789759495738553,-0.9180940879188806,9.0,2.0,3.0,2016.0,17.0,8.0
-0.7912380118138679,-0.7917582695472576,-0.791593319113001,-0.898740022981936,-0.7788579598507329,-0.9289669263911364,10.0,3.0,3.0,2016.0,21.0,2.0
-0.7910850016986453,-0.7915204129739299,-0.7913135303730278,-0.8991225669212304,-0.7786261621707449,-0.7659517574170956,11.0,4.0,3.0,2016.0,10.0,1.0
-0.7908170823424235,-0.7919578755003419,-0.7919312890926086,-0.8981059932294335,-0.7791211986988622,-0.4762900065722843,12.0,5.0,3.0,2016.0,1.0,16.0
-0.79142795262904,-0.7918600010697519,-0.7917814824673252,-0.8991034156430672,-0.7789955254040296,-0.882863975667486,13.0,6.0,3.0,2016.0,12.0,0.0
-0.7912713252711173,-0.7916982058084769,-0.7916358505075194,-0.8979678786613525,-0.7788724694722965,-1.0397837126535037,14.0,0.0,3.0,2016.0,6.0,0.0
-0.7911371502809369,-0.7916486366784213,-0.7916117932719476,-0.8995124217822115,-0.7788475813444302,-0.9993623006400209,15.0,1.0,3.0,2016.0,4.0,14.0
-0.7911064748645623,-0.791590025861201,-0.7916006851782041,-0.8995989785043688,-0.77883341016488,-1.0848267102918312,16.0,2.0,3.0,2016.0,11.0,8.0
-0.7910450622466104,-0.7914650263690972,-0.7913791357373597,-0.8986041212807414,-0.7786491563990936,-1.0024215761905733,17.0,3.0,3.0,2016.0,19.0,0.0
-0.7908819923772303,-0.7922080616470831,-0.792058694114566,-0.8974428326030055,-0.7791952792514596,-0.3076628261992157,18.0,4.0,3.0,2016.0,0.0,19.0
-0.7915741513938751,-0.7921389542916191,-0.7920037061475457,-0.8999657720381775,-0.7791461523425389,-0.9574859890060397,19.0,5.0,3.0,2016.0,8.0,19.0
-0.7915044576866482,-0.7919384646226301,-0.7918005072550988,-0.9006423832071634,-0.778976563178931,-0.9284853571413442,20.0,6.0,3.0,2016.0,19.0,0.0
-0.7913193623290927,-0.7919397284521447,-0.791828001238612,-0.8997904565743632,-0.7789941971747134,-1.0047870420534637,21.0,0.0,3.0,2016.0,0.0,3.0
-0.791336909326302,-0.7918037924933569,-0.7915345273121567,-0.8995107078951132,-0.7787511624314792,-0.8286976985536983,22.0,1.0,3.0,2016.0,11.0,1.0
-0.7910283746253873,-0.7914982197417828,-0.7915374733636603,-0.8998019114147163,-0.7787485002894398,-1.0771127241607492,23.0,2.0,3.0,2016.0,21.0,15.0
-0.7910122393264167,-0.791616959901157,-0.7916385493379186,-0.8994275407643513,-0.7788255523011105,-0.9973451972504026,24.0,3.0,3.0,2016.0,0.0,9.0
-0.7911297884805708,-0.791612406255888,-0.7915904966720527,-0.9002837631792316,-0.7787817131707238,-1.0382205079577873,25.0,4.0,3.0,2016.0,16.0,1.0
-0.7910772111464263,-0.7915680853949607,-0.7915433635937789,-0.9007127556283672,-0.778738128806032,-1.025758818210272,26.0,5.0,3.0,2016.0,1.0,13.0
-0.7910296627532265,-0.7914762812050482,-0.7910020729840639,-0.8992711921731263,-0.7782937151464107,-0.5084249621207332,27.0,6.0,3.0,2016.0,17.0,2.0
-0.7905138255955327,-0.7911233524722049,-0.7911575881694098,-0.8994179898573114,-0.7784142079544881,-0.9786465568431622,28.0,0.0,3.0,2016.0,6.0,16.0
-0.7906514980025682,-0.7917943089482332,-0.7916310634079433,-0.8990443676766284,-0.7787935653151136,-0.3697187774163556,29.0,1.0,3.0,2016.0,2.0,12.0
-0.7911097869258149,-0.7918060056421367,-0.7917353925871986,-0.8995529693136889,-0.7788733677818808,-0.925515450088695,30.0,2.0,3.0,2016.0,0.0,7.0
-0.79120653880671,-0.7916314389494958,-0.7916179906555598,-0.8998685686059761,-0.7787737494608451,-1.0009514519848768,31.0,3.0,3.0,2016.0,21.0,0.0
-0.7911143272019842,-0.7915951467826198,-0.7915424440061808,-0.9003555891502529,-0.7787071439318327,-1.0494980804465397,1.0,4.0,4.0,2016.0,14.0,9.0
-0.7910123628968223,-0.7914313274646108,-0.7913636713080828,-0.9006568481973253,-0.7785570570203897,-0.9685643971427752,2.0,5.0,4.0,2016.0,1.0,0.0
-0.7908435863215594,-0.7913507144368009,-0.7913617684547265,-0.9010705404075232,-0.7785506621081641,-1.079247013215664,3.0,6.0,4.0,2016.0,15.0,20.0
-0.790835855682263,-0.7913567827479729,-0.7913286277164282,-0.900388207242054,-0.778517992356287,-1.0264802695539483,4.0,0.0,4.0,2016.0,6.0,15.0
-0.7908531574109473,-0.7912927345695786,-0.791169923004245,-0.899841298275817,-0.7783835109955585,-0.9709457626064836,5.0,1.0,4.0,2016.0,23.0,1.0
-0.7906527243452044,-0.7911590117595708,-0.7912077890368479,-0.8999295417666059,-0.7784090103526282,-1.085283635035514,6.0,2.0,4.0,2016.0,2.0,17.0
-0.7906934613880165,-0.7912988048102627,-0.7912487846638987,-0.8999963833634395,-0.7784375542142495,-1.003131803512448,7.0,3.0,4.0,2016.0,17.0,4.0
-0.7907372034383537,-0.7913546332730478,-0.791395828780623,-0.899692868059934,-0.778552394349482,-0.8443916264447257,8.0,4.0,4.0,2016.0,8.0,21.0
-0.790865795293057,-0.7915518987296429,-0.7914533938403756,-0.9004338530452796,-0.7785937748927781,-0.9257262206870388,9.0,5.0,4.0,2016.0,0.0,2.0
-0.7909405815987053,-0.7913785341221676,-0.7913212635241135,-0.8991492024623198,-0.7784802361234298,-0.998882459972923,10.0,6.0,4.0,2016.0,19.0,3.0
-0.7908007017749281,-0.7912978574205032,-0.7912648634001688,-0.9003820676211829,-0.7784290273213169,-1.0596092662402117,11.0,0.0,4.0,2016.0,5.0,9.0
-0.790741131479348,-0.7911518050370879,-0.7910987326903994,-0.8992983431820316,-0.7782884577150347,-0.923465401774865,12.0,1.0,4.0,2016.0,4.0,0.0
-0.7905700239169378,-0.7911471896474763,-0.7911880881368096,-0.8993888320818669,-0.7783556829408744,-0.967350054775747,13.0,2.0,4.0,2016.0,3.0,13.0
-0.7906741357259187,-0.7911410557329377,-0.7911544567020734,-0.9006785538181081,-0.7783226435409302,-1.0509842912184904,14.0,3.0,4.0,2016.0,3.0,8.0
-0.7906439508465999,-0.7910516537838633,-0.7908211520843875,-0.9001621910928129,-0.7780458413881383,-0.8593746792349317,15.0,4.0,4.0,2016.0,19.0,0.0
-0.790328116130522,-0.7907635315271153,-0.7907684359294885,-0.900997911729886,-0.777998003512983,-0.9755295515937246,16.0,5.0,4.0,2016.0,8.0,2.0
-0.7902630244846672,-0.7909472035807822,-0.790963165626196,-0.9003073074320598,-0.7781514660303614,-0.8767837754684145,17.0,6.0,4.0,2016.0,1.0,18.0
-0.7904486103792785,-0.7908835355159978,-0.7908900106537166,-0.9001150375028364,-0.7780870841066387,-1.0625190446566566,18.0,0.0,4.0,2016.0,5.0,17.0
-0.7903816146258493,-0.7908191708978485,-0.7904654477362641,-0.9002701768273923,-0.7777350910030085,-0.7168377593770517,19.0,1.0,4.0,2016.0,23.0,5.0
-0.7899754106274112,-0.7904207192189058,-0.7901045873297813,-0.8991811211146266,-0.7774344371141884,-0.6805647011300962,20.0,2.0,4.0,2016.0,21.0,2.0
-0.7896016625825225,-0.7900068411018648,-0.7896114130640982,-0.8994352424089069,-0.7770260045065819,-0.6320453552365791,21.0,3.0,4.0,2016.0,22.0,0.0
-0.7890941682993002,-0.7898046438159031,-0.7898377477316363,-0.8999450860717443,-0.7772058341539966,-0.8690733930025248,22.0,4.0,4.0,2016.0,0.0,5.0
-0.7893289576816068,-0.7897931998879063,-0.7895588167739774,-0.9003962831214507,-0.7769725424534124,-0.8493723345213855,23.0,5.0,4.0,2016.0,23.0,9.0
-0.789040669803973,-0.7895025480426234,-0.7890510976666095,-0.8994355843185357,-0.776552564676447,-0.5502430633194493,24.0,6.0,4.0,2016.0,19.0,14.0
-0.7885154450402195,-0.789207660921345,-0.788874902061244,-0.8984108642393285,-0.7764036887396116,-0.4601711161929461,25.0,0.0,4.0,2016.0,22.0,11.0
-0.7883604109915833,-0.7887000182315123,-0.7885887305218257,-0.8988512624986293,-0.7761639877739184,-0.8391479412986164,26.0,1.0,4.0,2016.0,18.0,0.0
-0.7880773392827766,-0.7898056548795173,-0.7899021862872658,-0.8980597833620997,-0.7772338373779653,0.0793879795250558,27.0,2.0,4.0,2016.0,0.0,23.0
-0.789379449297129,-0.7902788403671435,-0.7896368206513168,-0.8991174139786533,-0.7770117712063164,-0.4443062051259967,28.0,3.0,4.0,2016.0,23.0,0.0
-0.7891113464575791,-0.7896866002099001,-0.7892633182565053,-0.9004628264151501,-0.7767002726533017,-0.6552535308432954,29.0,4.0,4.0,2016.0,20.0,3.0
-0.7887573509543612,-0.7895803806455036,-0.7896793501729467,-0.8993746111579057,-0.7770355274230968,-0.7461289110994695,30.0,5.0,4.0,2016.0,0.0,23.0
-0.7891680334437596,-0.7895658379233103,-0.7894610539371054,-0.9009291772640736,-0.7768510887624727,-0.9321787461193276,1.0,6.0,5.0,2016.0,14.0,1.0
-0.7889564341070683,-0.7899547423832745,-0.7899032912906906,-0.8981377704318178,-0.7772076928726962,-0.5836603770231122,2.0,0.0,5.0,2016.0,5.0,15.0
-0.7893985296907021,-0.7899015689272278,-0.7895574682952252,-0.8999146049151227,-0.77691884742623,-0.7012250626303759,3.0,1.0,5.0,2016.0,23.0,1.0
-0.7890637980643793,-0.7897110683351696,-0.7897772984256517,-0.9004005190259563,-0.7770929454874506,-0.921896578472392,4.0,2.0,5.0,2016.0,0.0,12.0
-0.7892768090993092,-0.7896950726914096,-0.7897003377464658,-0.9003987020886844,-0.7770242661294566,-1.042964838286626,5.0,3.0,5.0,2016.0,21.0,12.0
-0.7892012869880864,-0.789620149790674,-0.7889867808486407,-0.8991861812035735,-0.776433096296335,-0.3678865385222657,6.0,4.0,5.0,2016.0,21.0,4.0
-0.7884836649793341,-0.7889717010570357,-0.7890522626024234,-0.9010536835685944,-0.7764812222468598,-1.0062263835061525,7.0,5.0,5.0,2016.0,18.0,14.0
-0.7885579008350039,-0.7890564876165047,-0.7890515265577697,-0.9009478944298212,-0.7764744073422108,-1.001038821144055,8.0,6.0,5.0,2016.0,7.0,12.0
-0.7885715815764278,-0.7890218393927466,-0.78893277427449,-0.900124680829611,-0.7763705786216585,-0.858743680787902,9.0,0.0,5.0,2016.0,16.0,6.0
-0.7884297377321537,-0.789500904099499,-0.789521197962479,-0.8999368583289338,-0.7768478373632878,-0.4653813075156234,10.0,1.0,5.0,2016.0,1.0,10.0
-0.7890220181622528,-0.7893801418129092,-0.7894087048680891,-0.9003897855368186,-0.7767505626530191,-0.9818166900933012,11.0,2.0,5.0,2016.0,9.0,0.0
-0.7889249011869878,-0.7894821897751585,-0.7892836315906483,-0.8998884138999402,-0.7766426566736097,-0.8688286859529608,12.0,3.0,5.0,2016.0,23.0,6.0
-0.7887774742072425,-0.7892164498426095,-0.7892281510543017,-0.8998344101852638,-0.7765915085984169,-0.9899472407639898,13.0,4.0,5.0,2016.0,17.0,7.0
-0.7887177803412566,-0.7891321688149476,-0.7892280911219125,-0.9011163543452424,-0.7765860994256708,-1.0785608259309707,14.0,5.0,5.0,2016.0,2.0,13.0
-0.7887217065099706,-0.7890896173153357,-0.7891116705831432,-0.9015879444819412,-0.7764853112231939,-1.011324725109319,15.0,6.0,5.0,2016.0,19.0,9.0
-0.7886096187931623,-0.7892485684778326,-0.7893206379680421,-0.89992517569346,-0.776651871965188,-0.8976204944259955,16.0,0.0,5.0,2016.0,2.0,19.0
-0.7888290704672817,-0.7892068389497828,-0.78934395915896,-0.8996578526956726,-0.7766658180659142,-1.1113509682649418,17.0,1.0,5.0,2016.0,16.0,12.0
-0.7888485796127015,-0.7892261861536336,-0.7892926532880972,-0.8984239735231009,-0.7766179881546271,-1.040968551865791,18.0,2.0,5.0,2016.0,20.0,0.0
-0.7887974757619982,-0.7901482780956748,-0.7902686934485337,-0.8979262246964319,-0.7774165075649836,-0.2880755627396113,19.0,3.0,5.0,2016.0,1.0,23.0
-0.7898239357808325,-0.7902321153358722,-0.790025603932467,-0.8986876839072223,-0.777211179325411,-0.8007687271075687,20.0,4.0,5.0,2016.0,13.0,0.0
-0.7895065676683909,-0.7899591686808405,-0.7899941825045745,-0.9008151603824904,-0.777180291604616,-1.07389219044375,21.0,5.0,5.0,2016.0,5.0,9.0
-0.7894911082620844,-0.7901280452464071,-0.7902313799176401,-0.900983549789898,-0.7773689580400769,-0.9384047486253,22.0,6.0,5.0,2016.0,0.0,19.0
-0.7897285356852535,-0.7901414495572834,-0.7899348363291322,-0.9003910167152088,-0.7771182997180253,-0.8695364621166112,23.0,0.0,5.0,2016.0,23.0,2.0
-0.7894252789383688,-0.7898185536585864,-0.7898227739987911,-0.8995665827839949,-0.777020696603613,-1.0102526902964513,24.0,1.0,5.0,2016.0,19.0,1.0
-0.7893166249809385,-0.7896837541816039,-0.789600733861515,-0.899596526994975,-0.776832767783803,-0.9490982569028448,25.0,2.0,5.0,2016.0,14.0,0.0
-0.7890951493734119,-0.7895677983061833,-0.7893684452856982,-0.899598002239566,-0.7766364591582058,-0.8639930270347838,26.0,3.0,5.0,2016.0,14.0,2.0
-0.7888590100780695,-0.7892121508927531,-0.7881361211191447,-0.8941972406999033,-0.7756155583062981,0.2112936086975995,27.0,4.0,5.0,2016.0,7.0,0.0
-0.7876621783024117,-0.7879995981269929,-0.7846640093248322,-0.8933067778580672,-0.7727479698063248,2.1322071150610102,28.0,5.0,5.0,2016.0,22.0,0.0
-0.7843217482807112,-0.7855034267866416,-0.7848976482522897,-0.8950674180608229,-0.7729342721931963,0.8562691109872155,29.0,6.0,5.0,2016.0,19.0,4.0
-0.7842607644146122,-0.7848215955882719,-0.7844293253263327,-0.898363846024738,-0.772541890747694,-0.1470285780044329,30.0,0.0,5.0,2016.0,17.0,0.0
-0.7839098394486763,-0.7849670806955438,-0.7845814037637435,-0.895625352961743,-0.772661809626417,0.0633007734575064,31.0,1.0,5.0,2016.0,10.0,21.0
-0.7840990444582678,-0.7846525936045079,-0.7842417781518841,-0.8984667282808236,-0.7723753961023799,-0.3444431960081417,1.0,2.0,6.0,2016.0,13.0,3.0
-0.7837672579265477,-0.7841820631236076,-0.7841772159856994,-0.8998597279858171,-0.7723160999502982,-0.8439186010309562,2.0,3.0,6.0,2016.0,23.0,12.0
-0.7836956619840328,-0.7839391493027159,-0.7822610988440728,-0.8965164657789898,-0.7707280635396303,0.6216439679699611,3.0,4.0,6.0,2016.0,21.0,4.0
-0.7817310236378219,-0.7822119362166923,-0.7820442746975392,-0.8979859994377793,-0.7705435389473689,-0.0179566031905616,4.0,5.0,6.0,2016.0,9.0,17.0
-0.7815099786544223,-0.7818995986005816,-0.7819061904729925,-0.899398936639524,-0.7704216415584871,-0.5793401851394103,5.0,6.0,6.0,2016.0,12.0,21.0
-0.7814305902874082,-0.7815566589446626,-0.7812581153289502,-0.8992218638990646,-0.7698783541737799,-0.6601409180494212,6.0,0.0,6.0,2016.0,18.0,0.0
-0.7807653621294781,-0.7820048071013639,-0.78180677013098,-0.8972893420812278,-0.7703250305454808,-0.1889013710060678,7.0,1.0,6.0,2016.0,0.0,16.0
-0.7812732252516247,-0.7816497269640833,-0.7814969683742617,-0.8987810855473338,-0.7700621921184395,-0.7593912965360727,8.0,2.0,6.0,2016.0,22.0,6.0
-0.7809642617988571,-0.7817874978875531,-0.781927485200005,-0.8992673088086884,-0.7704103350613093,-0.6945233133588364,9.0,3.0,6.0,2016.0,0.0,14.0
-0.7813548229076545,-0.7816373973906696,-0.7817531943208781,-0.8995010211787918,-0.770259541856021,-0.9340946573684372,10.0,4.0,6.0,2016.0,21.0,5.0
-0.7811807683783678,-0.7812992004720654,-0.7799576686377214,-0.8986676652720188,-0.7687670369383482,0.0778284584903857,11.0,5.0,6.0,2016.0,23.0,0.0
-0.7792782784556895,-0.7795057897327224,-0.7759036994978032,-0.8881062161211997,-0.7654059215616182,2.109853992939104,12.0,6.0,6.0,2016.0,23.0,0.0
-0.7754763691476148,-0.775873570726122,-0.7739648754722458,-0.8899388812360486,-0.7637926136309032,0.7913339818153987,13.0,0.0,6.0,2016.0,14.0,0.0
-0.7734609920450707,-0.7759799793825641,-0.775119686457898,-0.8930087463424331,-0.7647409919694328,0.3378436844252319,14.0,1.0,6.0,2016.0,0.0,16.0
-0.7746155552538326,-0.7753630839375114,-0.7745728745768353,-0.8977528617622232,-0.7642797659700602,-0.2983313122941313,15.0,2.0,6.0,2016.0,18.0,11.0
-0.7739506341496302,-0.7738480552848618,-0.7701640607439968,-0.8884018620795512,-0.7606203512454899,1.6752855455364306,16.0,3.0,6.0,2016.0,22.0,0.0
-0.7695355834807144,-0.7725814434176385,-0.7712318499006376,-0.8834290399247233,-0.7614955580086684,0.7864711812158366,17.0,4.0,6.0,2016.0,2.0,7.0
-0.7707460978700763,-0.7714830154216347,-0.7707827390511696,-0.8894278070456643,-0.7611139227335599,0.3289085596958945,18.0,5.0,6.0,2016.0,20.0,1.0
-0.7702594626453158,-0.7707433336332578,-0.7703191432924056,-0.8957482000499941,-0.760718859250038,-0.4765558419419502,19.0,6.0,6.0,2016.0,22.0,4.0
-0.7698153431282686,-0.7715590149893448,-0.771948843546398,-0.8936695144692509,-0.7620596794355993,-0.1320225190197169,20.0,0.0,6.0,2016.0,8.0,15.0
-0.7715358662713159,-0.7774805907312174,-0.7762800262064454,-0.8863240442897438,-0.765642004693351,2.212019329571868,21.0,1.0,6.0,2016.0,0.0,19.0
-0.7758284624155445,-0.7807422433476022,-0.780608871503323,-0.8886861174140788,-0.7692251282442,2.351207033039568,22.0,2.0,6.0,2016.0,9.0,23.0
-0.780029275706888,-0.7825975527904143,-0.7788990229161962,-0.8893874547671474,-0.767800041619868,1.890744551610784,23.0,3.0,6.0,2016.0,23.0,2.0
-0.7783033529116915,-0.778352988125006,-0.7763630587858058,-0.89096819062762,-0.7656894331132639,1.142067078930027,24.0,4.0,6.0,2016.0,5.0,0.0
-0.775867357135985,-0.7770070888038298,-0.7763738615989504,-0.8962650233553284,-0.7656896558862898,0.5633705465644907,25.0,5.0,6.0,2016.0,2.0,17.0
-0.7758274775968789,-0.7788801651812294,-0.778568233585965,-0.8972104273429993,-0.7675032864560202,0.7123077880419609,26.0,6.0,6.0,2016.0,1.0,16.0
-0.7780718156777212,-0.778653185259755,-0.7769782385397657,-0.8965102827685719,-0.7661756120098283,0.2349498282187192,27.0,0.0,6.0,2016.0,23.0,0.0
-0.7763077957528555,-0.7775625949362447,-0.7774860231981884,-0.8956288787963153,-0.7665894566243255,-0.3499588118884769,28.0,1.0,6.0,2016.0,0.0,14.0
-0.7771654791964329,-0.7781625492772964,-0.7779224283811618,-0.8954080798061804,-0.7669443137908525,-0.5357393282796075,29.0,2.0,6.0,2016.0,0.0,2.0
-0.777382109346343,-0.7776362559369778,-0.775869762782456,-0.895596607386993,-0.7652310502461753,0.3733419845655206,30.0,3.0,6.0,2016.0,17.0,3.0
-0.7754235446726653,-0.775550674827425,-0.7756881638976327,-0.8958433307635453,-0.7650716081092869,-0.5573361704902716,1.0,4.0,7.0,2016.0,3.0,0.0
-0.7751647058687695,-0.7751204209530143,-0.7740062363122907,-0.8970407199781079,-0.7636652695893097,-0.1501973125124169,2.0,5.0,7.0,2016.0,23.0,0.0
-0.773432525917718,-0.7768521876843069,-0.7767702544206311,-0.8961101226732799,-0.7659547364155171,0.8606452259534427,3.0,6.0,7.0,2016.0,0.0,16.0
-0.7762647258506158,-0.7767574101184014,-0.7752361088695495,-0.8981442029321297,-0.7646707896041298,0.1082366640957315,4.0,0.0,7.0,2016.0,23.0,1.0
-0.7747674607245443,-0.7758369640489966,-0.7760360751622811,-0.8960578382693952,-0.7653281736195254,-0.4966223777809319,5.0,1.0,7.0,2016.0,0.0,15.0
-0.775552196440285,-0.7754985741793226,-0.7756246468024838,-0.8958145860565864,-0.7649782216390408,-0.7515749623084719,6.0,2.0,7.0,2016.0,5.0,0.0
-0.7750815130311731,-0.779202621151486,-0.777881187405889,-0.889136391568125,-0.76684875143228,1.5012113521279729,7.0,3.0,7.0,2016.0,1.0,21.0
-0.7773761592442154,-0.7776451702764398,-0.776287941027587,-0.8954344389558568,-0.765514883800459,0.0273008690105343,8.0,4.0,7.0,2016.0,23.0,5.0
-0.7757996892344581,-0.7778391478467923,-0.7772430535468937,-0.8933427373788668,-0.7663034076666783,0.0868443474638766,9.0,5.0,7.0,2016.0,0.0,16.0
-0.776768110481802,-0.7773418743475002,-0.777341249020703,-0.8975734351388504,-0.7663811948613545,-0.7559765330811139,10.0,6.0,7.0,2016.0,1.0,14.0
-0.7768978668939326,-0.7771069255468052,-0.7774456400052422,-0.8972817489105391,-0.7664645166913803,-0.6100189109202502,11.0,0.0,7.0,2016.0,2.0,12.0
-0.7769101977223208,-0.7769931808906586,-0.7764089632501057,-0.8956403770262152,-0.7655974798119555,-0.0573273412779716,12.0,1.0,7.0,2016.0,23.0,6.0
-0.7758970514782542,-0.7765070329501024,-0.7770277651678337,-0.8960050657331091,-0.7661096091840006,-0.6406204263306488,13.0,2.0,7.0,2016.0,9.0,23.0
-0.7766255327042275,-0.7766047202181525,-0.7768062175998777,-0.8977915001536418,-0.7659214544477204,-0.7992266641673743,14.0,3.0,7.0,2016.0,17.0,0.0
-0.7762422098253906,-0.7762179652331133,-0.7764885010220239,-0.8987047576938851,-0.7656532672653587,-0.8792730877723485,15.0,4.0,7.0,2016.0,21.0,2.0
-0.7759593833851086,-0.7761993763269637,-0.7766411900206448,-0.9004047006935284,-0.7657764415120293,-0.9170088698430808,16.0,5.0,7.0,2016.0,1.0,12.0
-0.7760690802018471,-0.7760312580591043,-0.7754940503808008,-0.8990987998630794,-0.7648166532795655,-0.3980740426240709,17.0,6.0,7.0,2016.0,19.0,0.0
-0.7749760513091565,-0.7756119406513776,-0.7758839367924873,-0.8993668878185768,-0.765137709507781,-0.7024628782415965,18.0,0.0,7.0,2016.0,2.0,19.0
-0.7754098658035214,-0.7756747230707451,-0.7758987887876657,-0.8998149770919942,-0.7651467082622886,-0.9777250524063276,19.0,1.0,7.0,2016.0,6.0,17.0
-0.7754056906217285,-0.7759448275565111,-0.7763393705090053,-0.898001668270917,-0.7655100500453332,-0.8267040335361749,20.0,2.0,7.0,2016.0,0.0,19.0
-0.7758706074120347,-0.7761310291987192,-0.7763806714166611,-0.8998535666701726,-0.7655410368653244,-0.9690797502579388,21.0,3.0,7.0,2016.0,17.0,3.0
-0.7758893826241605,-0.7769967852166562,-0.7772639811880236,-0.8958575412740153,-0.7662741765240298,-0.4214864586192485,22.0,4.0,7.0,2016.0,1.0,22.0
-0.776760318057303,-0.7768828514684576,-0.7769609929947993,-0.8993632430966462,-0.7660182361129828,-0.8829360543216951,23.0,5.0,7.0,2016.0,19.0,7.0
-0.776472953213138,-0.7766129360747374,-0.7766094033797643,-0.896724518655859,-0.7657218403694506,-0.7873750682711925,24.0,6.0,7.0,2016.0,18.0,2.0
-0.7761138651114925,-0.7765748745465397,-0.7770505357299247,-0.898894402989423,-0.7660863806636924,-0.8647658955984425,25.0,0.0,7.0,2016.0,0.0,14.0
-0.7765455901426809,-0.7770500821613943,-0.777192485593573,-0.8909238239482339,-0.7662014966992587,-0.785489708633543,26.0,1.0,7.0,2016.0,19.0,6.0
-0.7767050408970807,-0.7768877176944575,-0.7770348858848148,-0.8951366243879566,-0.766066781850153,-0.8369909063449307,27.0,2.0,7.0,2016.0,16.0,5.0
-0.7765292713603882,-0.7765055163546873,-0.7769929706701719,-0.898446845021006,-0.7660283990614692,-1.0722497420269463,28.0,3.0,7.0,2016.0,15.0,0.0
-0.7764912940565701,-0.7764869274485378,-0.7768728661623631,-0.8998420847113527,-0.7659243906593078,-1.0760404288723455,29.0,4.0,7.0,2016.0,21.0,7.0
-0.776374666063599,-0.7765234106369779,-0.7769922327526297,-0.9010487154654866,-0.7660209503849731,-1.036809237870959,30.0,5.0,7.0,2016.0,16.0,20.0
-0.7764919718215084,-0.778410333183206,-0.7788558154094132,-0.8971240279079491,-0.7675722467507691,0.0272912918809495,31.0,6.0,7.0,2016.0,0.0,23.0
-0.7783630486499514,-0.779578817853939,-0.7799855933852772,-0.8965236792911441,-0.7685114936283968,-0.3560440971858734,1.0,0.0,8.0,2016.0,11.0,23.0
-0.7794799416086228,-0.784292330801466,-0.7835946207225515,-0.8851856657266097,-0.7715204157819355,2.286169764113557,2.0,1.0,8.0,2016.0,1.0,23.0
-0.7830223980053528,-0.7836466007484146,-0.7824353297908107,-0.8918541505022899,-0.7705490614513817,0.3065829292510401,3.0,2.0,8.0,2016.0,13.0,0.0
-0.781938146355827,-0.7821146309917577,-0.781702929775274,-0.8963390025326093,-0.7699341640407087,-0.5676835802621305,4.0,3.0,8.0,2016.0,22.0,19.0
-0.7812048795851597,-0.7818487637115057,-0.7819021375451755,-0.8995478818893274,-0.7700967068026308,-0.823373545765856,5.0,4.0,8.0,2016.0,0.0,7.0
-0.781404329704517,-0.781881198786484,-0.7811205817332304,-0.8987522588341315,-0.7694402790865632,-0.3426267063287053,6.0,5.0,8.0,2016.0,23.0,5.0
-0.780622660781498,-0.7807844147336045,-0.7808191293074734,-0.8986654198629723,-0.7691851076985219,-0.7237176639991318,7.0,6.0,8.0,2016.0,15.0,17.0
-0.7803180522492975,-0.7807065821307243,-0.7809195310423557,-0.8998154760717824,-0.7692655621738502,-0.9788889348670872,8.0,0.0,8.0,2016.0,0.0,6.0
-0.7804222258434812,-0.7809123181393167,-0.781119169576312,-0.8981322872947897,-0.7694295122156661,-0.9190739376807198,9.0,1.0,8.0,2016.0,0.0,4.0
-0.7806302060651923,-0.7808125508587261,-0.7808551524191093,-0.8975532047626584,-0.7692054463846856,-0.5951122413668863,10.0,2.0,8.0,2016.0,15.0,0.0
-0.7803555989289823,-0.7806387405342806,-0.7810382233932461,-0.8990930238466104,-0.7693550071643225,-0.8266833993976344,11.0,3.0,8.0,2016.0,13.0,23.0
-0.7805596548542658,-0.7809744097938558,-0.7811340215714905,-0.8993802843411489,-0.7694316262945233,-0.9267756267937644,12.0,4.0,8.0,2016.0,9.0,4.0
-0.7806480601161291,-0.7809005597010708,-0.7812549838616198,-0.9007717328698446,-0.7695289746404507,-0.9836130704618046,13.0,5.0,8.0,2016.0,11.0,4.0
-0.780756528717951,-0.7821776025031772,-0.7821826023974195,-0.8998340793399695,-0.7703006570484273,-0.2714052293601102,14.0,6.0,8.0,2016.0,0.0,18.0
-0.78168261774091,-0.782275035075815,-0.7823810160631666,-0.9000287248468798,-0.7704632856193566,-0.7256499092488224,15.0,0.0,8.0,2016.0,7.0,16.0
-0.7818820716048276,-0.7820552599473177,-0.7817550934284573,-0.8999667374555936,-0.7699370074579938,-0.509207489212158,16.0,1.0,8.0,2016.0,17.0,5.0
-0.7812367832164508,-0.7817572122875001,-0.7820142635536828,-0.9001816350334693,-0.7701509482711669,-0.7708207005842017,17.0,2.0,8.0,2016.0,10.0,17.0
-0.7814855004809801,-0.781630759873836,-0.7819466335983277,-0.8998858484929861,-0.7700909552953791,-0.998127863139852,18.0,3.0,8.0,2016.0,16.0,1.0
-0.7814467255863788,-0.7815832128710088,-0.7818661144335397,-0.9003883536817745,-0.7700201479005254,-1.0121436012731098,19.0,4.0,8.0,2016.0,15.0,0.0
-0.7813396686827954,-0.7815026017727112,-0.7814937769745423,-0.9006774473846648,-0.7697052330505243,-0.8641224163779299,20.0,5.0,8.0,2016.0,23.0,7.0
-0.7809804570107504,-0.7812015788073821,-0.7815176525400643,-0.9010572143929644,-0.7697215130969681,-1.019692774025871,21.0,6.0,8.0,2016.0,7.0,22.0
-0.781018988509101,-0.7811778072354774,-0.7811834882671632,-0.8991836212203127,-0.7694383575954259,-0.8451356786412337,22.0,0.0,8.0,2016.0,17.0,8.0
-0.7806840116142472,-0.7811120533696162,-0.7813883446647505,-0.8985053775196289,-0.7696064123894198,-0.8490083889721968,23.0,1.0,8.0,2016.0,7.0,16.0
-0.7808900896006702,-0.7812245322667424,-0.7815867545847268,-0.9000793875664531,-0.7697689999058857,-1.029233304940164,24.0,2.0,8.0,2016.0,0.0,23.0
-0.781088375162594,-0.7815209359834421,-0.7817353344689185,-0.8957511826474406,-0.7698904356595491,-0.9591698985420196,25.0,3.0,8.0,2016.0,0.0,14.0
-0.7812372737535004,-0.7814140217951927,-0.7816193428213095,-0.9004846133913332,-0.7697903586433293,-1.0262660603503753,26.0,4.0,8.0,2016.0,17.0,3.0
-0.7811330365018399,-0.7819342448948274,-0.7822148834805087,-0.8998966036768973,-0.7702856831088738,-0.6938029248280545,27.0,5.0,8.0,2016.0,1.0,16.0
-0.7817233547837282,-0.7818640647314067,-0.7819715504891085,-0.8984537222641726,-0.7700785462889853,-0.9996952342744156,28.0,6.0,8.0,2016.0,13.0,0.0
-0.781463167939077,-0.7816285447955441,-0.781959582740156,-0.8971468074200151,-0.7700652194724598,-1.0681310357919007,29.0,0.0,8.0,2016.0,1.0,17.0
-0.7814605280259219,-0.7815875118208591,-0.7817511678569665,-0.8993193003331322,-0.7698870504005354,-1.0036361758426584,30.0,1.0,8.0,2016.0,7.0,0.0
-0.7812472118095386,-0.7816173536334478,-0.7818758122432533,-0.8990210787712831,-0.7699883799901994,-1.005863815100136,31.0,2.0,8.0,2016.0,1.0,14.0
-0.781372673214037,-0.7817329313247704,-0.7820702965917449,-0.8989623670738321,-0.7701481599846631,-0.992684878881245,1.0,3.0,9.0,2016.0,2.0,22.0
-0.7815650723313162,-0.7817963504826724,-0.7818718229936025,-0.898800339658723,-0.7699784743133716,-0.9764163174257892,2.0,4.0,9.0,2016.0,14.0,4.0
-0.7813721227640588,-0.7815911778912055,-0.7804802416131563,-0.8945100246614468,-0.7688098558058047,-0.050171598616247,3.0,5.0,9.0,2016.0,22.0,7.0
-0.7799589042347294,-0.7801501266790442,-0.7798406356648536,-0.8978223340672788,-0.7682698093746521,-0.5465512725665286,4.0,6.0,9.0,2016.0,13.0,5.0
-0.7793208578208732,-0.779809085661662,-0.7799660741552948,-0.8986627947953914,-0.768371606170174,-0.9053076750731543,5.0,0.0,9.0,2016.0,0.0,12.0
-0.7794732538286407,-0.7796289542601379,-0.7797300454238201,-0.8988752786127788,-0.7681705674928468,-0.9499788040220722,6.0,1.0,9.0,2016.0,12.0,3.0
-0.779223738973328,-0.7794125943655924,-0.7794779323374097,-0.8990649291150624,-0.767955676542009,-0.9391849146281888,7.0,2.0,9.0,2016.0,23.0,6.0
-0.7789745311717491,-0.7790755358583118,-0.778755477352691,-0.8984314091897346,-0.7673466266016066,-0.5661311227937275,8.0,3.0,9.0,2016.0,12.0,2.0
-0.7782556846926405,-0.7786696864353159,-0.7789675106538716,-0.8996334514992953,-0.7675209414089851,-0.9235085191928952,9.0,4.0,9.0,2016.0,0.0,7.0
-0.7784658105458966,-0.7785348869583333,-0.7789277455136834,-0.9006928832159362,-0.7674838164914201,-1.0827829850053232,10.0,5.0,9.0,2016.0,21.0,6.0
-0.7784353186128441,-0.7799188478077133,-0.7799581593341592,-0.8991420323397123,-0.7683438563071395,-0.0189389948946954,11.0,6.0,9.0,2016.0,18.0,21.0
-0.7794426383251888,-0.7796087214108702,-0.7798646310951538,-0.8991853403141566,-0.7682615709387988,-1.064990698061666,12.0,0.0,9.0,2016.0,6.0,9.0
-0.7793800592775231,-0.7795129983847173,-0.7798033801934668,-0.8984201496023421,-0.7682062936555636,-1.0132447808034548,13.0,1.0,9.0,2016.0,19.0,9.0
-0.779329998286128,-0.7794191083937408,-0.779714822596982,-0.9005377167729136,-0.7681283090846663,-1.0443670100604836,14.0,2.0,9.0,2016.0,18.0,3.0
-0.7792228178121453,-0.7794984537330117,-0.7799313995224113,-0.8999092788482539,-0.7683063866738763,-1.028302752896778,15.0,3.0,9.0,2016.0,11.0,23.0
-0.7794278548115341,-0.7795250115183758,-0.7799425694214386,-0.8996110407983771,-0.7683124252152143,-1.0873028857136957,16.0,4.0,9.0,2016.0,8.0,18.0
-0.779429569818946,-0.7796225675796987,-0.7800032659485214,-0.9011200804225732,-0.7683595041600928,-1.081243143131365,17.0,5.0,9.0,2016.0,0.0,15.0
-0.7794869326977845,-0.7795805852857485,-0.7797645327679883,-0.9004942350233344,-0.7681557380753012,-1.0112703116310686,18.0,6.0,9.0,2016.0,19.0,7.0
-0.7792668088755675,-0.779427957129836,-0.7798042417215584,-0.9001624677011737,-0.7681859059051306,-1.081992108888478,19.0,0.0,9.0,2016.0,1.0,16.0
-0.7793046588644258,-0.7794489502063232,-0.7798603946243926,-0.899190840373108,-0.7682295070192112,-1.1275700278989642,20.0,1.0,9.0,2016.0,0.0,18.0
-0.7796522736413892,-0.7802111416666021,-0.7805454780187232,-0.8986449291494996,-0.7688006716126707,-0.8644417973598194,21.0,2.0,9.0,2016.0,0.0,18.0
-0.7800393373333316,-0.7801902759378243,-0.7805977053500728,-0.8994959554492038,-0.7688412653072196,-1.0964322270264837,22.0,3.0,9.0,2016.0,1.0,23.0
-0.7801055972811742,-0.7802172736516286,-0.7801960946647611,-0.9003647389209327,-0.7685008431006269,-0.8727681533027365,23.0,4.0,9.0,2016.0,22.0,0.0
-0.7796907414822568,-0.7798215425827787,-0.780209410892472,-0.9012166655537328,-0.7685081309186127,-1.0861493451419264,24.0,5.0,9.0,2016.0,7.0,15.0
-0.7797037463310228,-0.7799691115616152,-0.7803198175905673,-0.9012916047247366,-0.7685965429622051,-1.0373477408296288,25.0,6.0,9.0,2016.0,9.0,18.0
-0.7798228906667436,-0.7799287732107894,-0.7798769022518228,-0.8999261356871827,-0.7682209002386062,-0.8590757779853508,26.0,0.0,9.0,2016.0,23.0,2.0
-0.7793802465054055,-0.77969098031131,-0.7799920960495004,-0.900453936981751,-0.7683137198170887,-1.018781115053658,27.0,1.0,9.0,2016.0,0.0,20.0
-0.7794893891276113,-0.779659556299946,-0.7800803464924857,-0.9004918919878075,-0.7683843746835352,-1.1103189762197108,28.0,2.0,9.0,2016.0,1.0,6.0
-0.7795644824869812,-0.7796443170243877,-0.7800211258004811,-0.9001157046171183,-0.7683312682106799,-1.1104506565224972,29.0,3.0,9.0,2016.0,9.0,1.0
-0.7795217795513917,-0.7796889543250702,-0.7797730656418878,-0.9000905495273654,-0.7681194344041575,-0.955903459172492,30.0,4.0,9.0,2016.0,23.0,7.0
-0.7792632478012298,-0.7793230650688088,-0.7795123634949658,-0.9000778255427686,-0.7678965955792699,-0.9696553737940936,1.0,5.0,10.0,2016.0,17.0,0.0
-0.7790166799127997,-0.7793386825284712,-0.7797020569980981,-0.9010056676113752,-0.768052676278805,-1.012678847878442,2.0,6.0,10.0,2016.0,0.0,15.0
-0.7791995041961367,-0.7792898080222747,-0.7796258979146145,-0.9005962601189231,-0.7679850602171847,-1.105466140469755,3.0,0.0,10.0,2016.0,14.0,1.0
-0.7791330008520434,-0.7793515176336855,-0.7797442831120115,-0.9004333703365714,-0.7680808267478131,-1.086075017809294,4.0,1.0,10.0,2016.0,0.0,21.0
-0.7792455173206986,-0.7793427923862756,-0.7796027003342518,-0.8994421413468469,-0.7679578089917592,-1.0169105837831134,5.0,2.0,10.0,2016.0,13.0,4.0
-0.7791073581211678,-0.7792256980995379,-0.7795714006440261,-0.9000531423143372,-0.7679276486482552,-1.0956646583321004,6.0,3.0,10.0,2016.0,21.0,6.0
-0.7790988916762908,-0.7792034431230481,-0.7793197819998305,-0.8996594201430504,-0.7677126106942639,-0.937539744450025,7.0,4.0,10.0,2016.0,14.0,1.0
-0.7788085162077605,-0.7788544332264453,-0.7791978383168314,-0.9008377446415956,-0.7676060007393002,-1.089819795076699,8.0,5.0,10.0,2016.0,6.0,0.0
-0.7786961832224334,-0.7789008418179614,-0.7793424252055954,-0.9010060147277495,-0.7677237816141788,-1.086659065522211,9.0,6.0,10.0,2016.0,0.0,23.0
-0.7788403561815685,-0.7789267628647911,-0.7792048316774866,-0.8994744882539806,-0.7676050179103008,-0.9800256119595812,10.0,0.0,10.0,2016.0,4.0,1.0
-0.7786921353556002,-0.7787811542688341,-0.7778498877156692,-0.8975160524632175,-0.7664616082606455,-0.2088860732701455,11.0,1.0,10.0,2016.0,23.0,1.0
-0.7773649330603444,-0.777676906868541,-0.7781493773556807,-0.8981245800095929,-0.76671001499746,-0.9779518928538772,12.0,2.0,10.0,2016.0,1.0,22.0
-0.7776619289068197,-0.7777360888209351,-0.7781129234799963,-0.8997923385959553,-0.7666761649835245,-1.040141181404984,13.0,3.0,10.0,2016.0,4.0,21.0
-0.7776019298593866,-0.7776109639106341,-0.7778924809154653,-0.8999808716004613,-0.7664872742397314,-1.0211509643763792,14.0,4.0,10.0,2016.0,18.0,0.0
-0.7773992893769021,-0.7775868102956139,-0.7779987747533545,-0.9010172960099156,-0.766573209885188,-1.0044545152782698,15.0,5.0,10.0,2016.0,10.0,22.0
-0.7774746261325225,-0.7774912763615067,-0.7778155839144455,-0.9009488110339972,-0.7664157565398036,-1.0330605361780052,16.0,6.0,10.0,2016.0,14.0,5.0
-0.7773068325036451,-0.7775063226860015,-0.7779652051238959,-0.899985264792074,-0.7665385814140208,-1.0471481362599508,17.0,0.0,10.0,2016.0,0.0,17.0
-0.7774545028796412,-0.7776749503446857,-0.7780408735109418,-0.8995794043950721,-0.7665984661760997,-1.0030491504972203,18.0,1.0,10.0,2016.0,13.0,20.0
-0.7775328502596212,-0.7781796833323674,-0.7784974721632737,-0.8993714059720842,-0.76697984501207,-0.7542590143347389,19.0,2.0,10.0,2016.0,8.0,14.0
-0.7779911990957967,-0.7781641932204145,-0.7784767917432541,-0.9000452671115944,-0.7669591374958583,-1.0447780794979888,20.0,3.0,10.0,2016.0,9.0,3.0
-0.7779812610397586,-0.7780101758167963,-0.7783558294531248,-0.9000998457377657,-0.7668532232470143,-1.0554482384419477,21.0,4.0,10.0,2016.0,17.0,1.0
-0.7778394808529675,-0.7778738597444051,-0.7768543320710212,-0.8988737929546967,-0.7655848735178095,-0.1582559710534967,22.0,5.0,10.0,2016.0,19.0,1.0
-0.7763373066117963,-0.7765438325782976,-0.7768680191303917,-0.9001799211463709,-0.765592539689057,-0.9097969550039036,23.0,6.0,10.0,2016.0,0.0,11.0
-0.776365525598344,-0.7766254585992273,-0.7770711562175611,-0.8997599320281948,-0.7657600411365012,-1.0115057105097969,24.0,0.0,10.0,2016.0,0.0,10.0
-0.7765593326693014,-0.7765557183642466,-0.7768362886761233,-0.8982325874389456,-0.7655585894190522,-0.7702995494292062,25.0,1.0,10.0,2016.0,23.0,0.0
-0.7763338091949415,-0.7763040792959451,-0.7755649316682643,-0.8983140348250204,-0.7644836398707596,-0.3267694554252389,26.0,2.0,10.0,2016.0,18.0,0.0
-0.7750739078345624,-0.7750166673033043,-0.7749506733747851,-0.8979219998562608,-0.7639616013927277,-0.7920298537870589,27.0,3.0,10.0,2016.0,3.0,0.0
-0.7744735279262365,-0.7746295958785037,-0.7748685585101343,-0.8987333730999947,-0.7638883099174969,-0.958567118948894,28.0,4.0,10.0,2016.0,18.0,6.0
-0.7743330957802069,-0.7742571925941002,-0.7733448449405377,-0.8958254334432844,-0.7625997995425086,-0.0564039263315988,29.0,5.0,10.0,2016.0,20.0,0.0
-0.7728711680447984,-0.7738510923347159,-0.7741190365601741,-0.897674695493677,-0.7632478631323132,-0.5552118915456473,30.0,6.0,10.0,2016.0,0.0,1.0
-0.7735753508360976,-0.774154133568243,-0.774173781051867,-0.8978699809964024,-0.7632899809908171,-0.5460874122777971,31.0,0.0,10.0,2016.0,14.0,1.0
-0.773655293397638,-0.7735436865479656,-0.7724050114346812,-0.8960550721857872,-0.7617943785865917,0.1016125597819925,1.0,1.0,11.0,2016.0,12.0,0.0
-0.7718927450839395,-0.7722151759772793,-0.7717277267424908,-0.8985316281954382,-0.7612193585511128,-0.5394988767951031,2.0,2.0,11.0,2016.0,23.0,9.0
-0.771139355060391,-0.7750093313035936,-0.7749269214198244,-0.8937618804008804,-0.7639134849901373,1.1638353459010569,3.0,3.0,11.0,2016.0,5.0,22.0
-0.7744045681523163,-0.7745410159009853,-0.7740348989773888,-0.8977157693403569,-0.7631578662128661,-0.3920585807745788,4.0,4.0,11.0,2016.0,12.0,0.0
-0.7735210547499807,-0.7737711720012469,-0.7740236654002016,-0.900219096483431,-0.7631443664343609,-0.835352252094588,5.0,5.0,11.0,2016.0,11.0,14.0
-0.7735034478398489,-0.7736560380973886,-0.7735263202148118,-0.8998855447661586,-0.7627205202418836,-0.6542065392357033,6.0,6.0,11.0,2016.0,6.0,15.0
-0.7730786539848995,-0.7736343503970485,-0.7740412817768338,-0.8996065011670439,-0.7631510695489213,-0.8003047232274327,7.0,0.0,11.0,2016.0,0.0,14.0
-0.7735478058699277,-0.7734771068515307,-0.7736290518213281,-0.8988138988920955,-0.7627985292058378,-0.804705119988851,8.0,1.0,11.0,2016.0,22.0,8.0
-0.773134545252577,-0.7730838416973608,-0.7728051500306853,-0.8959519135382885,-0.7620989994978813,-0.0481177334774954,9.0,2.0,11.0,2016.0,8.0,2.0
-0.7723358198694047,-0.7729194512441843,-0.7732800992314147,-0.8994025323312667,-0.7624952699326487,-0.7719862167152302,10.0,3.0,11.0,2016.0,0.0,21.0
-0.7727830061791798,-0.7727171304695436,-0.7732262762002023,-0.8997110374326532,-0.7624452322008701,-1.0535909663085512,11.0,4.0,11.0,2016.0,15.0,5.0
-0.7727095679142932,-0.7733731023654261,-0.7739232636653195,-0.8996295301690039,-0.7630290808964367,-0.7212372010563141,12.0,5.0,11.0,2016.0,1.0,14.0
-0.7734185399948467,-0.7744302426913261,-0.7741087881216335,-0.89877824917266,-0.7631818557270066,-0.5361363221579301,13.0,6.0,11.0,2016.0,0.0,14.0
-0.7736147997510767,-0.77364035889339,-0.773925290129225,-0.8997179092521265,-0.7630005311806349,-0.9561239499580656,14.0,0.0,11.0,2016.0,21.0,0.0
-0.7733818508188617,-0.7732956479466436,-0.7735203644336446,-0.899227309287187,-0.7626538871372129,-0.8113004660139997,15.0,1.0,11.0,2016.0,20.0,0.0
-0.7730522136632406,-0.7730567166358534,-0.7715209674915533,-0.8954711031228962,-0.7609587489665317,0.2097203845310175,16.0,2.0,11.0,2016.0,19.0,3.0
-0.7709841394007068,-0.7711300886183033,-0.7717186432397644,-0.897245464402034,-0.7611210987568504,-0.6340944413476595,17.0,3.0,11.0,2016.0,5.0,23.0
-0.7712400312377198,-0.771295802715825,-0.77106762017133,-0.8983961495423248,-0.760566232767852,-0.6359015269996178,18.0,4.0,11.0,2016.0,9.0,1.0
-0.7705573197400575,-0.7708167399385784,-0.7710657173179798,-0.8971354176639821,-0.7605602960671687,-0.7896055045280954,19.0,5.0,11.0,2016.0,7.0,8.0
-0.7705544963435804,-0.7724936892707,-0.7723293430476353,-0.8947756771616826,-0.7616249731533246,0.0978369848874451,20.0,6.0,11.0,2016.0,5.0,19.0
-0.7718191832486536,-0.7716991862241344,-0.7718247535347152,-0.8998367206786305,-0.7611940782263718,-0.7979650675049229,21.0,0.0,11.0,2016.0,18.0,6.0
-0.7713051865410514,-0.7713187561751852,-0.771082228691181,-0.8960887533214847,-0.7605620075429375,-0.5877954643652772,22.0,1.0,11.0,2016.0,18.0,3.0
-0.7705629627884574,-0.7711672008272294,-0.7714966649077657,-0.898982955413785,-0.7609080999301225,-0.7359532520221215,23.0,2.0,11.0,2016.0,0.0,16.0
-0.7709998440755442,-0.7715107733626585,-0.7717608656079068,-0.8984744572607938,-0.7611267433129941,-0.7310068040848613,24.0,3.0,11.0,2016.0,1.0,16.0
-0.7712561665366843,-0.7714411604753875,-0.7716774022644975,-0.8994567801121437,-0.7610516146719093,-0.948173694866426,25.0,4.0,11.0,2016.0,23.0,8.0
-0.77119058435378,-0.7717551420346226,-0.772062010880164,-0.9001534480991342,-0.7613725307705367,-0.7553594186141878,26.0,5.0,11.0,2016.0,3.0,15.0
-0.7715632277541575,-0.7716628303833973,-0.7722674216523493,-0.9002814960754117,-0.7615420289502547,-0.9156819951269122,27.0,6.0,11.0,2016.0,13.0,23.0
-0.7717443969430052,-0.7715743777535883,-0.7720355619676866,-0.8997778085214733,-0.7613409556721031,-0.9997979747562732,28.0,0.0,11.0,2016.0,16.0,0.0
-0.7715085047884741,-0.7714431826026095,-0.7720483874989597,-0.8994186242124855,-0.7613473385079806,-1.092612569087836,29.0,1.0,11.0,2016.0,16.0,9.0
-0.7715112645274743,-0.771335319095095,-0.7714293421059042,-0.898574714015403,-0.7608189422005045,-0.7847726350945438,30.0,2.0,11.0,2016.0,13.0,0.0
-0.7709123562303095,-0.770716903195603,-0.7707491694217109,-0.8987704494677287,-0.7602385765996061,-0.7705281143578228,1.0,3.0,12.0,2016.0,19.0,0.0
-0.7702068853111713,-0.769989867420395,-0.7694499513444562,-0.8962135525054461,-0.7591339219407116,-0.3830824139321863,2.0,4.0,12.0,2016.0,15.0,0.0
-0.7689367388410325,-0.7695276183994526,-0.7698665938221136,-0.8993624243358982,-0.7594814492749672,-0.7493937447560592,3.0,5.0,12.0,2016.0,0.0,8.0
-0.7693422669468067,-0.7693186562489541,-0.7696998506782459,-0.8998499816088689,-0.7593356084203634,-1.0033603169205718,4.0,6.0,12.0,2016.0,23.0,10.0
-0.7692345360228455,-0.7703586007754406,-0.7706309677672584,-0.8973656534466488,-0.7601195651829369,-0.466558993085049,5.0,0.0,12.0,2016.0,0.0,12.0
-0.7701347988316068,-0.7699155773991759,-0.7702919564623921,-0.896831148467101,-0.7598276831111468,-0.9594434082389476,6.0,1.0,12.0,2016.0,16.0,0.0
-0.7697979197014588,-0.769850452553807,-0.7700521182784278,-0.897904600647997,-0.7596191168407304,-0.7953924277337304,7.0,2.0,12.0,2016.0,20.0,7.0
-0.7695607993320173,-0.7694587039950584,-0.769887768684348,-0.8987894323944503,-0.7594748759767594,-0.8999374271353491,8.0,3.0,12.0,2016.0,17.0,2.0
-0.7694461971447396,-0.7692245771659255,-0.7697660085442871,-0.8994080918338971,-0.7593677364662159,-1.030922113392479,9.0,4.0,12.0,2016.0,14.0,3.0
-0.7692572954443214,-0.7690183973698687,-0.7696521032929788,-0.9002141717698701,-0.7592668283414096,-1.0549268650048194,10.0,5.0,12.0,2016.0,17.0,0.0
-0.7691512196148435,-0.7694924665733996,-0.7699539864827845,-0.9000259533395785,-0.7595168875521636,-0.881288765434492,11.0,6.0,12.0,2016.0,0.0,6.0
-0.7694403069555409,-0.7691998562747557,-0.7693184334622927,-0.8989814801691941,-0.7589731314648978,-0.7954247626661969,12.0,0.0,12.0,2016.0,18.0,0.0
-0.768789559002086,-0.7686989784494598,-0.7692896471866455,-0.8987062494265038,-0.7589430289099663,-0.8467663602828832,13.0,1.0,12.0,2016.0,3.0,3.0
-0.7688289442595885,-0.7687699805844428,-0.769232879976818,-0.8990135884338204,-0.7589021775716194,-1.0225479421081314,14.0,2.0,12.0,2016.0,14.0,15.0
-0.7688249563056778,-0.7687090929445878,-0.7694411113170632,-0.8987098021625952,-0.7590631118812216,-1.0744189324862163,15.0,3.0,12.0,2016.0,17.0,23.0
-0.7688928713480097,-0.7686356866392673,-0.7690226259184385,-0.8985998040208356,-0.7587038889605094,-0.9932616501392943,16.0,4.0,12.0,2016.0,23.0,0.0
-0.7685123119527272,-0.7682625887310045,-0.7686591884192293,-0.8988502918744676,-0.7583909736183045,-0.9428746073562286,17.0,5.0,12.0,2016.0,2.0,0.0
-0.7681539016160198,-0.7680626682676772,-0.7686775352218498,-0.8998517985461408,-0.7584021172344877,-0.9753143148486212,18.0,6.0,12.0,2016.0,1.0,18.0
-0.7681732871910403,-0.7679176269478699,-0.76854350392512,-0.899072847707352,-0.7582834434401909,-1.0872399325662472,19.0,0.0,12.0,2016.0,17.0,0.0
-0.7680778870954673,-0.7678432095789415,-0.7680425965083512,-0.8977308689026406,-0.7578539713066519,-0.873377184864472,20.0,1.0,12.0,2016.0,23.0,2.0
-0.7675627258304316,-0.7673432154695502,-0.7659925042566069,-0.8946964912387867,-0.7561086953443954,-0.0669480036050499,21.0,2.0,12.0,2016.0,23.0,0.0
-0.7655052636443137,-0.7651464868252583,-0.7641354879422129,-0.8922856048743104,-0.7545270198607111,0.0974731001870304,22.0,3.0,12.0,2016.0,10.0,0.0
-0.7636213017929498,-0.7632163162260535,-0.7606101037455089,-0.888188710063143,-0.751528748691852,0.6147185606135226,23.0,4.0,12.0,2016.0,22.0,0.0
-0.7601063903623898,-0.7618469617727216,-0.7620315726592563,-0.895664565830761,-0.7527305031736495,-0.151928621821296,24.0,5.0,12.0,2016.0,0.0,14.0
-0.7614885028512114,-0.7633587642834713,-0.7621935324493251,-0.895342507787486,-0.7528620896553776,-0.1233909730093363,25.0,6.0,12.0,2016.0,0.0,10.0
-0.7616570304133892,-0.7611791040908898,-0.7614922485810575,-0.8964214969084482,-0.7522612816104826,-0.7247869888163332,26.0,0.0,12.0,2016.0,1.0,12.0
-0.7609546262869787,-0.7607139492268208,-0.7599218926296248,-0.8940601835350775,-0.7509217719176136,-0.1745691492017286,27.0,1.0,12.0,2016.0,14.0,3.0
-0.7593302409173713,-0.758780745436786,-0.7572999479954883,-0.8903003708316575,-0.7486882128742179,-0.0567291641008772,28.0,2.0,12.0,2016.0,23.0,0.0
-0.756858170073141,-0.7575369596812134,-0.7574487114226244,-0.8923239508201836,-0.748808740542524,-0.5338982802417758,29.0,3.0,12.0,2016.0,1.0,18.0
-0.7570170703775686,-0.7587806180890766,-0.7582010576864213,-0.8929664415343106,-0.7494417128217308,-0.1910789734827964,30.0,4.0,12.0,2016.0,0.0,10.0
-0.757747633577598,-0.7579964224887025,-0.7580473236167647,-0.8977576723612761,-0.7493053044095741,-0.7500234760881875,31.0,5.0,12.0,2016.0,23.0,3.0
-0.7575616788440623,-0.757271663536129,-0.7559249978530277,-0.8951195931230497,-0.7474955303073147,-0.0023380722076078,1.0,6.0,1.0,2017.0,21.0,20.0
-0.7554169160405921,-0.7548688747254412,-0.7544873883977327,-0.8910838237698214,-0.7462672290922188,-0.2954620862013478,2.0,0.0,1.0,2017.0,2.0,2.0
-0.7540068916189504,-0.7532946718384458,-0.7531317102641502,-0.8930915119029393,-0.7451079418157497,-0.6251688625213786,3.0,1.0,1.0,2017.0,23.0,0.0
-0.7526080896366193,-0.7518531112354532,-0.7463263050718312,-0.8844256440115045,-0.7393154651987489,1.6570397599059377,4.0,2.0,1.0,2017.0,23.0,0.0
-0.7457165532899898,-0.7603243501429974,-0.7550010614133854,-0.8754628267397324,-0.7466849815740035,5.088990846869261,5.0,3.0,1.0,2017.0,15.0,22.0
-0.7544584328492863,-0.7619981389365796,-0.7618242028471087,-0.8840497811946252,-0.7524808935716291,2.9635349166759,6.0,4.0,1.0,2017.0,6.0,7.0
-0.7612532210595812,-0.7658162392866091,-0.7614324098362889,-0.8879725207784595,-0.7521424131860625,1.2422123657891548,7.0,5.0,1.0,2017.0,23.0,9.0
-0.7609656090746053,-0.7617891729270634,-0.7612719895594708,-0.8945262410706649,-0.7519998774162415,0.3868780801191366,8.0,6.0,1.0,2017.0,5.0,17.0
-0.760654619816144,-0.7622597034079637,-0.7617857225075128,-0.8954394834245668,-0.7524318422565517,-0.2343093929564218,9.0,0.0,1.0,2017.0,0.0,1.0
-0.76131745520173,-0.7609159574207306,-0.7614880121103024,-0.8968533856098321,-0.7521727315909481,-0.798639249818562,10.0,1.0,1.0,2017.0,10.0,5.0
-0.7609692899747883,-0.7696598246140457,-0.7694614246511999,-0.8862706213441512,-0.7589515965381357,3.273189827134052,11.0,2.0,1.0,2017.0,6.0,17.0
-0.7691250863469182,-0.7701029791970376,-0.7677996905352227,-0.8910761759283039,-0.7575319632255111,1.1599088004100644,12.0,3.0,1.0,2017.0,22.0,7.0
-0.7673729666263074,-0.768569932773406,-0.7666244388591014,-0.8939701502254835,-0.7565268396947442,0.3837365938311693,13.0,4.0,1.0,2017.0,22.0,4.0
-0.766059750253923,-0.766518052497858,-0.7669663980883598,-0.8980869886079385,-0.7568121727629874,-0.4848129691773805,14.0,5.0,1.0,2017.0,2.0,22.0
-0.766489206083167,-0.7664918150112668,-0.7667585975121636,-0.8992828965033736,-0.7566297246332324,-0.8646899868420406,15.0,6.0,1.0,2017.0,10.0,7.0
-0.766265828240346,-0.7660239395370988,-0.7661610903214481,-0.898646068125103,-0.7561154190413062,-0.7456776291664371,16.0,0.0,1.0,2017.0,23.0,0.0
-0.765703672776643,-0.7653584821665869,-0.761472118789859,-0.8947225787699001,-0.7521172730447627,1.2909230308249602,17.0,1.0,1.0,2017.0,22.0,1.0
-0.7608921108968022,-0.7636192559468984,-0.7627805439803955,-0.8908944283980731,-0.7532259482668073,0.4907336307712914,18.0,2.0,1.0,2017.0,1.0,14.0
-0.762182807499395,-0.76197322509434,-0.7620161700352508,-0.8974056803035646,-0.7525687428033987,-0.6039320052594047,19.0,3.0,1.0,2017.0,21.0,2.0
-0.7615793008854248,-0.7618044122026216,-0.7622645373473377,-0.8984305739409589,-0.7527733572979028,-0.8377846413134329,20.0,4.0,1.0,2017.0,20.0,10.0
-0.7617402232509857,-0.7612652837570886,-0.7606220714944676,-0.8971055873505623,-0.7513674423845884,-0.2745194167317614,21.0,5.0,1.0,2017.0,12.0,0.0
-0.7601048550937518,-0.7611369944492302,-0.760445079912053,-0.896811894355712,-0.7512100084439185,-0.0728498375314034,22.0,6.0,1.0,2017.0,2.0,14.0
-0.7599027650612394,-0.7599246983083948,-0.7606697552015623,-0.8991432363996358,-0.7513963066423966,-0.8724533362492326,23.0,0.0,1.0,2017.0,15.0,1.0
-0.760812108422333,-0.7614707033259259,-0.7624080829108429,-0.8970952280962657,-0.7528723662600025,-0.2890435802871092,24.0,1.0,1.0,2017.0,4.0,23.0
-0.7619626200197014,-0.7615085757620718,-0.7618646459724441,-0.8965809534929099,-0.7524037065040993,-0.8592365575864254,25.0,2.0,1.0,2017.0,9.0,0.0
-0.7613202149407241,-0.7608423620233644,-0.7608800130057127,-0.8959774591339624,-0.7515587055771159,-0.7042306053234045,26.0,3.0,1.0,2017.0,15.0,0.0
-0.7603408109057598,-0.7599810940473234,-0.7607472065771861,-0.8963226229786952,-0.7514390720484925,-0.9870014264284496,27.0,4.0,1.0,2017.0,16.0,5.0
-0.7602517316235188,-0.7597304042982871,-0.7606342827187474,-0.899393214426093,-0.7513371116544291,-1.079592975159522,28.0,5.0,1.0,2017.0,8.0,0.0
-0.7601133215386227,-0.7597723209888767,-0.7607627964899067,-0.8998340467978094,-0.7514405441699272,-1.0751012638334614,29.0,6.0,1.0,2017.0,2.0,19.0
-0.7602308706927767,-0.7597517099555116,-0.7607084190840966,-0.8988916477532017,-0.7513887227447507,-1.094441413669018,30.0,0.0,1.0,2017.0,16.0,1.0
-0.7601813002384374,-0.7596578199645286,-0.7576385922144718,-0.8942080334157724,-0.7487647199193048,0.2407707656716398,31.0,1.0,1.0,2017.0,23.0,0.0
-0.7571148632454916,-0.7565102284440517,-0.7564958688425505,-0.8949929503172451,-0.7477822901132409,-0.7050053892890324,1.0,2.0,2.0,2017.0,23.0,13.0
-0.7559455165230751,-0.755721228362014,-0.7550980282732146,-0.8952255729588808,-0.7465832416998858,-0.4024434907002192,2.0,3.0,2.0,2017.0,16.0,16.0
-0.7546289862171578,-0.7541045993936039,-0.753986600845742,-0.8922177549044094,-0.7456286950738695,-0.5528851051952612,3.0,4.0,2.0,2017.0,6.0,0.0
-0.7534099492145566,-0.7537018487648046,-0.753189395188681,-0.8947242605487338,-0.7449423493066878,-0.4231304147594678,4.0,5.0,2.0,2017.0,18.0,6.0
-0.7526620786690024,-0.7532459864242951,-0.7541443279108264,-0.8969401647034168,-0.7457507063681075,-0.6674155273837008,5.0,6.0,2.0,2017.0,0.0,18.0
-0.7535897029606055,-0.7528799042169638,-0.7534809063293908,-0.8970728282427342,-0.7451791414219471,-0.7800293393659342,6.0,0.0,2.0,2017.0,10.0,0.0
-0.7528694447832646,-0.7521224554940059,-0.7520571075440217,-0.8952154840214607,-0.7439571947402125,-0.6525044261252834,7.0,1.0,2.0,2017.0,23.0,0.0
-0.7515086875067887,-0.7522900064857154,-0.7519515516236684,-0.89218645975989,-0.7438607825217161,-0.1838302083372021,8.0,2.0,2.0,2017.0,4.0,8.0
-0.7513626722252819,-0.7576102386388309,-0.7561669224332804,-0.8810480923475337,-0.7474532214794157,2.1043573989830784,9.0,3.0,2.0,2017.0,14.0,13.0
-0.7556000473776506,-0.7580308835499205,-0.7565172871801122,-0.8928049239463762,-0.7477464794419447,0.1631027429027301,10.0,4.0,2.0,2017.0,0.0,8.0
-0.7560131844246019,-0.7557459492531902,-0.7555491019084282,-0.8975881333478263,-0.7469139480443786,-0.5020964475668536,11.0,5.0,2.0,2017.0,7.0,7.0
-0.7551161119789678,-0.7548550285566126,-0.7558724633681847,-0.8994718362848806,-0.7471844693390466,-0.9927332374968942,12.0,6.0,2.0,2017.0,15.0,9.0
-0.755400473687894,-0.7561776579786669,-0.7563965084329272,-0.8976778412358194,-0.7476255742637975,-0.5184097453396745,13.0,0.0,2.0,2017.0,8.0,4.0
-0.7558391336398694,-0.7555157431898099,-0.7555429663300876,-0.895652688376222,-0.7468894784496081,-0.5411842706327171,14.0,1.0,2.0,2017.0,7.0,8.0
-0.7549510780890908,-0.7545604578750893,-0.7553631504338363,-0.8982661817955496,-0.7467301583904147,-1.0081754885550636,15.0,2.0,2.0,2017.0,22.0,7.0
-0.75486273274015,-0.754176674336531,-0.7541381923324858,-0.8965025268870829,-0.7456771775421456,-0.5340099008010903,16.0,3.0,2.0,2017.0,18.0,0.0
-0.7537295846566627,-0.7530392354930706,-0.7529862618472887,-0.8957325251423199,-0.7446862960437334,-0.500225828656563,17.0,4.0,2.0,2017.0,17.0,0.0
-0.7523129960254383,-0.7516912561593477,-0.7524824027603568,-0.8977610133563791,-0.7442492216466191,-0.8460168750042834,18.0,5.0,2.0,2017.0,16.0,1.0
-0.751972495908036,-0.75191254788326,-0.752884384277322,-0.898935254247728,-0.7445871074065129,-0.8672479662504757,19.0,6.0,2.0,2017.0,7.0,12.0
-0.7523448996567231,-0.7520244595042365,-0.750913769865107,-0.8971967053988262,-0.7428958173476679,-0.2368679855092215,20.0,0.0,2.0,2017.0,23.0,3.0
-0.7504681722907657,-0.7497963608748811,-0.7487461501982925,-0.8929992553129678,-0.7410362207270769,-0.2275553799825109,21.0,1.0,2.0,2017.0,23.0,0.0
-0.7482889895132611,-0.748302958178229,-0.7486148233506151,-0.8957528097554454,-0.7409177097024994,-0.6179872438871246,22.0,2.0,2.0,2017.0,20.0,5.0
-0.7481374547537537,-0.7472654216811043,-0.7455904701812415,-0.8928590524059996,-0.7383241323154168,0.1878326288393155,23.0,3.0,2.0,2017.0,23.0,3.0
-0.7447361681809201,-0.7463170285786236,-0.7451633245523912,-0.8851951020852461,-0.7379511373221243,0.3161282159896547,24.0,4.0,2.0,2017.0,4.0,7.0
-0.7448772706027732,-0.7467830054142549,-0.7469946336176272,-0.8955434013891345,-0.7395099939383131,-0.0829442636215391,25.0,5.0,2.0,2017.0,3.0,16.0
-0.7464809822695271,-0.7464283073200898,-0.7456837549449133,-0.8968166129689256,-0.7383799141898106,-0.351530320630063,26.0,6.0,2.0,2017.0,17.0,2.0
-0.7452840269234637,-0.7443304583814659,-0.7447773075255772,-0.8959985030641567,-0.7375974841786497,-0.7811297875073997,27.0,0.0,2.0,2017.0,17.0,0.0
-0.744244747411472,-0.7437968329004608,-0.7447773075255772,-0.8931030101328393,-0.7375901611562283,-0.724994734706163,28.0,1.0,2.0,2017.0,2.0,4.0
-0.7442864617838352,-0.7432992429614136,-0.7421672070298377,-0.8907111075628756,-0.7353491660882986,-0.2555168461873045,1.0,2.0,3.0,2017.0,23.0,6.0
-0.7415477597112223,-0.7410275219540015,-0.7404175258785918,-0.883160349288421,-0.733843597263553,-0.2115227667056426,2.0,3.0,3.0,2017.0,18.0,4.0
-0.7399508032264877,-0.7388089165173176,-0.7389458560974002,-0.8860097408262716,-0.7325760434105342,-0.5821287817116944,3.0,4.0,3.0,2017.0,12.0,0.0
-0.7383115032837054,-0.7400860828081095,-0.7401634500064359,-0.8931944536027041,-0.7336118490624401,-0.203885882220416,4.0,5.0,3.0,2017.0,1.0,16.0
-0.7397311624522119,-0.7396087218593057,-0.7394288437298204,-0.8958598192252218,-0.7329751570268973,-0.5915199472973429,5.0,6.0,3.0,2017.0,23.0,7.0
-0.7389225626704844,-0.7379307035782577,-0.7390784190505995,-0.8948005723480502,-0.7326677509846491,-0.9621013984270697,6.0,0.0,3.0,2017.0,13.0,4.0
-0.738570409489632,-0.7417116261159878,-0.7421033790354183,-0.887337624102812,-0.7352508211483655,0.2440339571277485,7.0,1.0,3.0,2017.0,2.0,12.0
-0.7416367229121723,-0.7452978224332119,-0.746616587598567,-0.8850950891798899,-0.7391097648405718,0.5850463525248579,8.0,2.0,3.0,2017.0,2.0,23.0
-0.7461079719024993,-0.7457309204064005,-0.7442544273966426,-0.8916208770174523,-0.7370791920471939,0.0708474160303443,9.0,3.0,3.0,2017.0,17.0,0.0
-0.7437146753178216,-0.7497761318846313,-0.748659008504503,-0.8725558919849259,-0.7408456794350872,3.012161074788609,10.0,4.0,3.0,2017.0,13.0,21.0
-0.7481957425383353,-0.7473058873796395,-0.7450313833977268,-0.8877680484069916,-0.7377303612695151,0.6031068706108433,11.0,5.0,3.0,2017.0,9.0,0.0
-0.7444962843279179,-0.7435730096585016,-0.7422359419886176,-0.8908131268008755,-0.7353273128011348,-0.0588805369263983,12.0,6.0,3.0,2017.0,19.0,0.0
-0.741725678624014,-0.7409383708413155,-0.7415890917127785,-0.8825093984804604,-0.7347656190900723,-0.7638969222573594,13.0,0.0,3.0,2017.0,13.0,7.0
-0.741088856680514,-0.740705069842769,-0.7410932186166963,-0.8898298111966949,-0.7343327583666593,-0.6887097293582043,14.0,1.0,3.0,2017.0,17.0,7.0
-0.740598050018521,-0.7395018732744232,-0.7405034464499489,-0.886982426859279,-0.7338199532230152,-0.9473670372031266,15.0,2.0,3.0,2017.0,12.0,1.0
-0.739912766009747,-0.7450221570975869,-0.7442961553225702,-0.8685004862584014,-0.7370640783559987,0.989203281551748,16.0,3.0,3.0,2017.0,1.0,21.0
-0.7442790999834691,-0.7483649263440764,-0.7496710118441862,-0.8648106947378038,-0.7416656535408128,0.5734264454953475,17.0,4.0,3.0,2017.0,0.0,23.0
-0.7492160071865173,-0.7573376682383783,-0.7574290123954684,-0.8694369402842553,-0.748311916797509,2.488476777039431,18.0,5.0,3.0,2017.0,15.0,19.0
-0.756759703184834,-0.7561316314302726,-0.7535674412077412,-0.8810791158734902,-0.7449933971074816,1.275567705595883,19.0,6.0,3.0,2017.0,1.0,13.0
-0.7530473636960562,-0.7523412156998711,-0.7524940671015867,-0.8875939487182785,-0.7440668938125334,-0.5371375809640672,20.0,0.0,3.0,2017.0,17.0,0.0
-0.7519356869062057,-0.7511601544783476,-0.748424567981337,-0.8848354027423379,-0.7405695641259427,0.4507878932489061,21.0,1.0,3.0,2017.0,22.0,0.0
-0.7479300886394978,-0.7537619105740733,-0.7528064422052665,-0.8824788088499719,-0.7443220036824002,1.2647058291297175,22.0,2.0,3.0,2017.0,0.0,18.0
-0.7522614559337676,-0.7528312188028196,-0.7534539067880925,-0.8896544089537871,-0.7448712947492226,-0.4778343819142159,23.0,3.0,3.0,2017.0,12.0,6.0
-0.7529731315849466,-0.758810652852735,-0.7596566468584481,-0.8765020601884461,-0.7501871864856976,1.45123002318703,24.0,4.0,3.0,2017.0,15.0,11.0
-0.7592253933028099,-0.7607482173369691,-0.7574927767117279,-0.8794978376436827,-0.7483248272127192,0.7972440293612915,25.0,5.0,3.0,2017.0,23.0,6.0
-0.7569262685988011,-0.7575570034384354,-0.757864316320794,-0.8866644352843295,-0.7486372918788567,0.234722150222454,26.0,6.0,3.0,2017.0,15.0,15.0
-0.7570465175790267,-0.7564317012173123,-0.753013261388587,-0.882929299951752,-0.7444674356082915,0.7875430696604512,27.0,0.0,3.0,2017.0,9.0,10.0
-0.7525970506806307,-0.7529070948818382,-0.7529285694312037,-0.8854352094237035,-0.7443881473460198,-0.2797071267345392,28.0,1.0,3.0,2017.0,12.0,19.0
-0.7525050244315069,-0.7536563238891932,-0.7533692148307094,-0.8869470105756052,-0.7447606649513484,-0.2233381588177293,29.0,2.0,3.0,2017.0,11.0,3.0
-0.7527424518546822,-0.7533933045667434,-0.7542001699143963,-0.8839905006602157,-0.7454673376186022,-0.4682124042579993,30.0,3.0,3.0,2017.0,0.0,13.0
-0.7536976810253779,-0.7529760092862386,-0.751416392846517,-0.8788749806994791,-0.7430707488351145,0.0228459471305101,31.0,4.0,3.0,2017.0,22.0,0.0
-0.7509326022885827,-0.75079786954809,-0.7508818558679003,-0.8874255972767243,-0.7426059398123416,-0.4548733126837344,1.0,5.0,4.0,2017.0,10.0,20.0
-0.75038657837929,-0.7498899421441445,-0.7495519486616421,-0.8752465298489728,-0.7414564697242954,-0.4247813471822047,2.0,6.0,4.0,2017.0,20.0,1.0
-0.7490160028726275,-0.7481512214562631,-0.7469964690470403,-0.8716529520450144,-0.7392528872696666,-0.0494403250250983,3.0,0.0,4.0,2017.0,22.0,0.0
-0.7464042937285906,-0.7470403326801185,-0.7476445479368595,-0.8794703390845076,-0.7398040606440791,-0.3829729632579495,4.0,1.0,4.0,2017.0,10.0,15.0
-0.7471024665048459,-0.7474759621713604,-0.7481643565308468,-0.8806378441826124,-0.7402433359891574,-0.7050071622601678,5.0,2.0,4.0,2017.0,1.0,9.0
-0.7476135162455592,-0.7467058635762033,-0.7446109876542042,-0.8754073419228763,-0.7371824611869605,0.2440497241315382,6.0,3.0,4.0,2017.0,21.0,0.0
-0.7443539536911483,-0.7443298255019558,-0.7449657124823402,-0.8859401544067079,-0.7374796559749413,-0.6856263941373011,7.0,4.0,4.0,2017.0,21.0,4.0
-0.7447398453365428,-0.7443810424341472,-0.7450240192054121,-0.8917820153807476,-0.7375231914507762,-0.7003388549995039,8.0,5.0,4.0,2017.0,13.0,0.0
-0.7444993548652,-0.7437943013824138,-0.7442924769721898,-0.8899905147967315,-0.7368867357907649,-0.6370562212328399,9.0,6.0,4.0,2017.0,16.0,11.0
-0.7438410541389487,-0.7433403338214233,-0.7443378907400517,-0.8914256240568869,-0.7369187540793297,-0.9485567501444948,10.0,0.0,4.0,2017.0,10.0,6.0
-0.7438312433978704,-0.7428079740994448,-0.7432405811359923,-0.8914094076476687,-0.7359669319648966,-0.7455474576812879,11.0,1.0,4.0,2017.0,21.0,0.0
-0.7427668004583775,-0.7422199672886912,-0.7435253423913745,-0.8874761443631555,-0.7362049132315809,-0.971912443959174,12.0,2.0,4.0,2017.0,3.0,13.0
-0.7429993225110136,-0.7447692522702587,-0.7454333574231441,-0.884044737593706,-0.7378399148548154,-0.1287520164519052,13.0,3.0,4.0,2017.0,2.0,17.0
-0.744882183462427,-0.7445574383029402,-0.7455401419574712,-0.8893134209190375,-0.7379252351741608,-0.5088351082545978,14.0,4.0,4.0,2017.0,7.0,9.0
-0.7450680707939314,-0.7442305637531659,-0.7452345167391191,-0.8920940400252223,-0.7376551366186627,-0.6838724846983003,15.0,5.0,4.0,2017.0,15.0,0.0
-0.7447423017663697,-0.7437468817272898,-0.7445950381471426,-0.8931965684092148,-0.7370979419062588,-0.8723659617489822,16.0,6.0,4.0,2017.0,19.0,0.0
-0.7440895280072274,-0.7437443502092428,-0.7439217951454443,-0.889401339422121,-0.7365119638308734,-0.7080539830451782,17.0,0.0,4.0,2017.0,20.0,12.0
-0.7434441160484448,-0.7424090130296709,-0.7428318497336995,-0.8884620642079346,-0.7355669302053858,-0.6787218384938268,18.0,1.0,4.0,2017.0,12.0,0.0
-0.7423177156578685,-0.741693928643785,-0.7429165416910827,-0.8875109115392092,-0.7356327526310196,-0.9721905306008898,19.0,2.0,4.0,2017.0,3.0,22.0
-0.7423821370278997,-0.7414833804354869,-0.7417633900834533,-0.8860439647651995,-0.7346332477639788,-0.5026285177504048,20.0,3.0,4.0,2017.0,17.0,2.0
-0.741256957363119,-0.7410313115130268,-0.7421948208781293,-0.8883729524923144,-0.734996418138712,-0.7657352834005221,21.0,4.0,4.0,2017.0,2.0,23.0
-0.7416686265434634,-0.7414795908764616,-0.7416019846679885,-0.8896121041456646,-0.734478772149471,-0.6212558935643369,22.0,5.0,4.0,2017.0,22.0,13.0
-0.7411035802812462,-0.7417660074457364,-0.7431055684463868,-0.8890897478053232,-0.7357659306636565,-0.600951616114403,23.0,6.0,4.0,2017.0,0.0,22.0
-0.7424710927397413,-0.7414062463154837,-0.7404703038387621,-0.8903450620648535,-0.7334903045071584,-0.3106156476900191,24.0,0.0,4.0,2017.0,21.0,0.0
-0.73996675504213,-0.7388557032929316,-0.7395288783788199,-0.8899789627637935,-0.7326719272465125,-0.8303206056221838,25.0,1.0,4.0,2017.0,17.0,2.0
-0.7390133607046916,-0.7378466077836238,-0.7385721102272613,-0.8852562813462233,-0.7318399415206518,-0.6038495414285835,26.0,2.0,4.0,2017.0,17.0,0.0
-0.7380384950736163,-0.736874821293336,-0.7363228701379987,-0.8787713890243035,-0.7298944836500489,-0.4192535401630359,27.0,3.0,4.0,2017.0,21.0,1.0
-0.7358384551099239,-0.7361749105796417,-0.7363995835960803,-0.8745250710274747,-0.7299534202585366,-0.4303394161951988,28.0,4.0,4.0,2017.0,3.0,19.0
-0.7358323215244743,-0.7347308261766504,-0.7360737012302095,-0.8802081800632926,-0.7296632057175557,-0.9594107020205096,29.0,5.0,4.0,2017.0,5.0,13.0
-0.7355850758711061,-0.7347491565283635,-0.7344719257237792,-0.8807283651907124,-0.7282747688781759,-0.5487103389589855,30.0,6.0,4.0,2017.0,23.0,10.0
-0.7339635700663381,-0.7326386654355888,-0.7299482889249226,-0.8644296789783474,-0.7243674183543598,0.4571829577122378,1.0,0.0,5.0,2017.0,17.0,0.0
-0.7295015251987488,-0.7283778581490499,-0.7280322953938452,-0.8772451079128462,-0.7227066635953039,-0.134192865254759,2.0,1.0,5.0,2017.0,11.0,1.0
-0.7274922854262146,-0.726367261684575,-0.7257450057290413,-0.8714711533151183,-0.7207270959729491,-0.3884232778633786,3.0,2.0,5.0,2017.0,21.0,7.0
-0.7252259892592401,-0.7236339939981156,-0.7228249798660346,-0.8525016218143713,-0.7181991575760552,0.858204324121497,4.0,3.0,5.0,2017.0,18.0,0.0
-0.7221492434990455,-0.7211308629126392,-0.7217338133318575,-0.8518243665275633,-0.7172501839334956,0.2792709800210448,5.0,4.0,5.0,2017.0,9.0,17.0
-0.721171307330682,-0.7203601391560202,-0.7203007999416585,-0.8715398164051262,-0.7160036601407795,-0.5911849135328274,6.0,5.0,5.0,2017.0,23.0,6.0
-0.7197811028527543,-0.7192688542086572,-0.7192016549081798,-0.8445569437292443,-0.7150451064191612,-0.5890279617104951,7.0,6.0,5.0,2017.0,23.0,15.0
-0.718710526327812,-0.7169193662017255,-0.7114296601440395,-0.8304396097076606,-0.7083287168351329,0.855283875513877,8.0,0.0,5.0,2017.0,23.0,0.0
-0.7109208128910436,-0.7093714213213944,-0.709465181310159,-0.8397900570414021,-0.706623089205869,0.5654634997780486,9.0,1.0,5.0,2017.0,9.0,21.0
-0.7089189349188691,-0.7091943925730911,-0.707515430860914,-0.8534684485229798,-0.7049301302474968,-0.1727160655725984,10.0,2.0,5.0,2017.0,23.0,7.0
-0.7074557190556278,-0.7069024425754294,-0.7037448145652305,-0.8597725713150535,-0.7016665891278117,0.5298350084318593,11.0,3.0,5.0,2017.0,8.0,2.0
-0.7034439872034703,-0.7107807359414545,-0.7113750392628958,-0.8629457564780507,-0.7082402721429639,1.079902847149989,12.0,4.0,5.0,2017.0,0.0,19.0
-0.7109680542305157,-0.7134950403966909,-0.706424256835189,-0.8716968310258945,-0.7039560394901502,1.238360678127061,13.0,5.0,5.0,2017.0,14.0,2.0
-0.7061986410917256,-0.7055576199212216,-0.706178773769328,-0.879422286029226,-0.7037319741911495,-0.4069780607892038,14.0,6.0,5.0,2017.0,10.0,19.0
-0.7057336044755679,-0.709862057303853,-0.7105041841911528,-0.8634585653825158,-0.7074543593424119,0.2979959050543718,15.0,0.0,5.0,2017.0,0.0,15.0
-0.7098281584541175,-0.7112530338541581,-0.7107484461345813,-0.8511187969581006,-0.7076555351488537,0.2829422917330731,16.0,1.0,5.0,2017.0,15.0,4.0
-0.7107465786229828,-0.7128102956371524,-0.7043266082326762,-0.8453867670760652,-0.7020990655477545,1.8366365885816125,17.0,2.0,5.0,2017.0,9.0,2.0
-0.7051041443324341,-0.703629220612844,-0.7012850694507129,-0.85462922650575,-0.6994617170596833,0.1913207821608648,18.0,3.0,5.0,2017.0,23.0,3.0
-0.7002776716239789,-0.6983732257301749,-0.6952056852202749,-0.8403665965121957,-0.6941980181643657,0.3646443759663654,19.0,4.0,5.0,2017.0,22.0,0.0
-0.6949481250826254,-0.6930198600192107,-0.6892514922591676,-0.8509945397095786,-0.6890412428842186,0.238151266049672,20.0,5.0,5.0,2017.0,23.0,11.0
-0.6898688872428076,-0.6890631667741556,-0.6919229635213722,-0.8408780516628009,-0.6913366253869023,-0.1729354041830802,21.0,6.0,5.0,2017.0,12.0,20.0
-0.6913314964877084,-0.6903042975229896,-0.6838097511912867,-0.7977943977042194,-0.6843141091559444,2.4303727677774347,22.0,0.0,5.0,2017.0,8.0,0.0
-0.6822288662431686,-0.6801482716108366,-0.6747870199069239,-0.8283552869569982,-0.6765022640703394,0.4867392886424685,23.0,1.0,5.0,2017.0,23.0,0.0
-0.6742649110492311,-0.6711151360314206,-0.6672249158610516,-0.809555137833437,-0.6699518251913366,1.0623886652233747,24.0,2.0,5.0,2017.0,20.0,0.0
-0.6666040403525251,-0.6733957096339581,-0.6757345809452007,-0.7726024268366081,-0.677291401293455,3.869680705006449,25.0,3.0,5.0,2017.0,15.0,23.0
-0.6742943732289245,-0.68688249551796,-0.682028770349821,-0.807488705460708,-0.6827182453955779,4.404217859502435,26.0,4.0,5.0,2017.0,8.0,19.0
-0.681939906217437,-0.7005494745478287,-0.6920659547102794,-0.8109056357417657,-0.6913817862280174,3.5730850848824023,27.0,5.0,5.0,2017.0,1.0,10.0
-0.6906633775312644,-0.6880148713253328,-0.684889867691221,-0.840917102254914,-0.6851626988890717,1.4936903892801427,28.0,6.0,5.0,2017.0,9.0,0.0
-0.684200076288083,-0.6846582018837141,-0.67876444789438,-0.849189045128931,-0.6798522039617229,1.202058669997642,29.0,0.0,5.0,2017.0,21.0,3.0
-0.6783146801181292,-0.6835580566231835,-0.6836827095094411,-0.8248179489480101,-0.6840897461418295,0.8418554079581658,30.0,1.0,5.0,2017.0,6.0,22.0
-0.6824969765718331,-0.6822303062797104,-0.6768742402737287,-0.819347617042916,-0.6781856372470402,0.7646781129023323,31.0,2.0,5.0,2017.0,18.0,4.0
-0.6762919449597795,-0.6732041323749252,-0.6694195350691705,-0.8134710409602787,-0.671720576681571,0.6163821577698444,1.0,3.0,6.0,2017.0,12.0,0.0
-0.6691936566063491,-0.667830537673711,-0.6644687451499158,-0.8317027870208606,-0.6674225038836312,0.0462773055097679,2.0,4.0,6.0,2017.0,23.0,1.0
-0.6636911040118577,-0.6646534207804006,-0.6628240056120236,-0.8209682131444448,-0.6659798245738812,0.4493272715304908,3.0,5.0,6.0,2017.0,17.0,4.0
-0.6603738602912058,-0.662821759420808,-0.6630412605226061,-0.829636903092003,-0.6661515305756477,0.1604171832061026,4.0,6.0,6.0,2017.0,0.0,0.0
-0.6625450746500038,-0.659174876132841,-0.6523013763911909,-0.8288672836091474,-0.656838454214616,0.6252206396399497,5.0,0.0,6.0,2017.0,23.0,0.0
-0.6515976206707975,-0.6477549512455151,-0.6414761934869533,-0.7898004186804453,-0.6474509334646988,1.7795269761208572,6.0,1.0,6.0,2017.0,1.0,0.0
-0.6406440555734791,-0.6471403943674331,-0.6495182211218525,-0.8208185226791751,-0.6543947189823434,0.328633496198507,7.0,2.0,6.0,2017.0,0.0,22.0
-0.6497785744710748,-0.6490125291436093,-0.6450099120315167,-0.8336477217202438,-0.6504724752240165,0.1790867660385509,8.0,3.0,6.0,2017.0,6.0,0.0
-0.644444122559182,-0.641130107441321,-0.6438935813854545,-0.8299715441038478,-0.649488783095435,-0.2164031904422305,9.0,4.0,6.0,2017.0,21.0,23.0
-0.6431741633169258,-0.6442326217326753,-0.6362897494136545,-0.7936360546168849,-0.6428867685291547,0.6770245221582729,10.0,5.0,6.0,2017.0,23.0,6.0
-0.6361636024604206,-0.6382906240494829,-0.6356514844525561,-0.8080896541549452,-0.6423163501578533,0.1786011621465506,11.0,6.0,6.0,2017.0,16.0,6.0
-0.6355003963636302,-0.6586475640108661,-0.6539694446115489,-0.7637710226174149,-0.6581673248450225,3.0027641149624635,12.0,0.0,6.0,2017.0,2.0,17.0
-0.6522068452243194,-0.6503130965402502,-0.6504473679335719,-0.8065276304704222,-0.6551006689568315,0.1444096759046825,13.0,1.0,6.0,2017.0,8.0,2.0
-0.6500000575677223,-0.6653255233857883,-0.6633751138962366,-0.8111182445210479,-0.6662867973265746,2.368883301341345,14.0,2.0,6.0,2017.0,6.0,22.0
-0.6633315815415247,-0.6779694989931778,-0.6659398006241142,-0.7932363292848517,-0.6684938366752569,2.138505362449664,15.0,3.0,6.0,2017.0,2.0,14.0
-0.6651727206314539,-0.6670825821434246,-0.6626270078489658,-0.8383110149973285,-0.6656079402443653,0.4279723226647016,16.0,4.0,6.0,2017.0,20.0,2.0
-0.6624462932188608,-0.6607719707348604,-0.6541995849857936,-0.8199073421965367,-0.6582883977568027,0.8675733621162284,17.0,5.0,6.0,2017.0,18.0,2.0
-0.6537749611259304,-0.6587885572172179,-0.6608024561606053,-0.8392075541112972,-0.6639968903750089,0.2266442737205673,18.0,6.0,6.0,2017.0,0.0,20.0
-0.6602977858577246,-0.6567210633410253,-0.6582672262019803,-0.8246622880811018,-0.6617833377278566,-0.038657863020715,19.0,0.0,6.0,2017.0,13.0,0.0
-0.6577069413889902,-0.6541420638945723,-0.650154628178888,-0.8025688792983322,-0.6547344637884362,0.5402402637876557,20.0,1.0,6.0,2017.0,20.0,0.0
-0.6504571182760587,-0.649679568712903,-0.6521608349386899,-0.8149137468622866,-0.656459014288997,-0.1282389800735426,21.0,2.0,6.0,2017.0,5.0,22.0
-0.6515859676073474,-0.6508201565178428,-0.6511598891247975,-0.8435855593826407,-0.6555755740133917,-0.4118666359648504,22.0,3.0,6.0,2017.0,15.0,5.0
-0.6505853319304368,-0.6467730464010815,-0.6487357438494209,-0.8509954630391343,-0.6534553359085611,-0.632575933369653,23.0,4.0,6.0,2017.0,17.0,0.0
-0.6486724171592186,-0.6545612616726318,-0.6570938249383803,-0.8498331091480247,-0.6606893438881667,0.4575211771386116,24.0,5.0,6.0,2017.0,12.0,20.0
-0.6567259421724592,-0.6565256888049251,-0.6582788980347641,-0.8401599511922245,-0.6617046115813698,0.0976215458795768,25.0,6.0,6.0,2017.0,12.0,21.0
-0.6577492698688087,-0.6676427576917517,-0.6650885958844505,-0.8129232496676078,-0.6675993033059949,1.1937898272013234,26.0,0.0,6.0,2017.0,4.0,19.0
-0.6646279324261923,-0.6703804555347951,-0.6605471591660235,-0.8223328178622265,-0.6636440163152164,1.0981003853098714,27.0,1.0,6.0,2017.0,23.0,14.0
-0.660052382526728,-0.6608061153563234,-0.6591761308492767,-0.8389249805556033,-0.6624379884659054,0.0177552681640069,28.0,2.0,6.0,2017.0,21.0,5.0
-0.6591609531294939,-0.6591584367016164,-0.6613529501378252,-0.8516105081293334,-0.6643148948603648,-0.4047649509591459,29.0,3.0,6.0,2017.0,17.0,13.0
-0.6608984129068555,-0.6611848397178055,-0.6649419113620672,-0.8564758856172304,-0.6674140986780545,-0.3707603805059924,30.0,4.0,6.0,2017.0,11.0,7.0
-0.6637598091558521,-0.664927828075041,-0.6677827665390382,-0.8608343135250611,-0.6698635304848869,-0.1972070504654097,1.0,5.0,7.0,2017.0,11.0,21.0
-0.6672077379389381,-0.6664699084678017,-0.66336898580945,-0.8595416833874985,-0.6660128335319374,0.0745343374113448,2.0,6.0,7.0,2017.0,23.0,2.0
-0.6633941605891842,-0.6610558557860945,-0.6598346379747979,-0.8508439779822093,-0.6629269867211078,-0.0079409455711285,3.0,0.0,7.0,2017.0,14.0,4.0
-0.6595634181871066,-0.6560685645644131,-0.6575283347595453,-0.8496830889221993,-0.6609077869379779,-0.4645270504360637,4.0,1.0,7.0,2017.0,7.0,0.0
-0.6569946516303496,-0.6573836727537415,-0.6575068489980403,-0.8520668030168924,-0.6608738290905511,-0.358278372915835,5.0,2.0,7.0,2017.0,22.0,8.0
-0.656673787973327,-0.65465610098288,-0.6571036388670951,-0.8618082457058525,-0.6605082987062275,-0.847197183848291,6.0,3.0,7.0,2017.0,23.0,11.0
-0.6566437266644138,-0.6598924843187317,-0.6626208797621791,-0.8533768445117919,-0.6652854813071053,2.9474902212556,7.0,4.0,7.0,2017.0,20.0,23.0
-0.6620622364067174,-0.6603072519402075,-0.6593878569969639,-0.863360886834777,-0.6624597872865978,-0.3829498335287382,8.0,5.0,7.0,2017.0,23.0,3.0
-0.6588511284284662,-0.6587088915791677,-0.6626343795328283,-0.8745051656389883,-0.6652664739075045,-0.0081872101428632,9.0,6.0,7.0,2017.0,4.0,23.0
-0.6617567104578882,-0.6711303251397025,-0.6715871397528893,-0.8428663759089764,-0.6730266828061665,1.020427146891376,10.0,0.0,7.0,2017.0,9.0,23.0
-0.6703065691002308,-0.6726679753758731,-0.6737210025015362,-0.8310123517253191,-0.6748646261673771,0.0712360242870076,11.0,1.0,7.0,2017.0,13.0,6.0
-0.6735655175471802,-0.6740380977744667,-0.669974314212216,-0.8425295619486283,-0.6715909047746567,0.4543208624288488,12.0,2.0,7.0,2017.0,19.0,2.0
-0.6692752580069393,-0.6698847565162426,-0.6724868447784519,-0.8578048553680225,-0.6737601831919416,-0.2854420662712138,13.0,3.0,7.0,2017.0,4.0,18.0
-0.6718587331861994,-0.6798498457669212,-0.6801311760622115,-0.8552702011891121,-0.6803934863926681,0.7800195607470267,14.0,4.0,7.0,2017.0,0.0,21.0
-0.6798631745375897,-0.692040486692824,-0.6945213996758756,-0.8492442053919771,-0.6928950296235068,1.600442905172668,15.0,5.0,7.0,2017.0,0.0,14.0
-0.6944732702362748,-0.7013587653644524,-0.6987584397899306,-0.83897921401793,-0.6965667295161613,1.6097530047815165,16.0,6.0,7.0,2017.0,3.0,13.0
-0.6981150547695719,-0.6956943316554218,-0.680433744728712,-0.8379546792120877,-0.6806168867468584,2.7964489305485984,17.0,0.0,7.0,2017.0,23.0,0.0
-0.6796545876975318,-0.6810163661957507,-0.6748815332845759,-0.8211038037425888,-0.6757724100894315,1.3887591028124409,18.0,1.0,7.0,2017.0,20.0,1.0
-0.6741600035217471,-0.6749807949613369,-0.6776708316238027,-0.8356040487790327,-0.6781849305980228,0.3315501998374807,19.0,2.0,7.0,2017.0,7.0,2.0
-0.6774232656991304,-0.6743700353603349,-0.6442746914479079,-0.7811414896453334,-0.6491125812201899,6.001900982894632,20.0,3.0,7.0,2017.0,23.0,0.0
-0.6425440890663306,-0.65211692663741,-0.6534704924889776,-0.8223512566840313,-0.6570969250995093,0.7808309626355168,21.0,4.0,7.0,2017.0,0.0,19.0
-0.652960235247868,-0.6498496435046238,-0.6447337435824231,-0.8392905357517466,-0.6494762134916221,0.7915417475614626,22.0,5.0,7.0,2017.0,11.0,0.0
-0.6444036214235,-0.6500880075392643,-0.6496262342701539,-0.8449469046776673,-0.6537149406738526,0.448759566515056,23.0,6.0,7.0,2017.0,0.0,11.0
-0.6490294831997248,-0.6472270216801141,-0.648125092736614,-0.8561395645621339,-0.6523884650797561,-0.4551752279860458,24.0,0.0,7.0,2017.0,14.0,6.0
-0.6475079795519016,-0.6610248755621886,-0.6590724178498908,-0.8239436530513089,-0.6619031988591109,1.5014778410189822,25.0,1.0,7.0,2017.0,6.0,20.0
-0.6585345635236421,-0.662931772403254,-0.6619586867947237,-0.8522925362662885,-0.6644007569042265,0.4119881415636934,26.0,2.0,7.0,2017.0,0.0,16.0
-0.6609309306456018,-0.657965983648891,-0.6532237808091365,-0.8603358752384936,-0.6567782284786063,0.4777213719956864,27.0,3.0,7.0,2017.0,23.0,0.0
-0.6522792350130572,-0.648457401195292,-0.6448018717257639,-0.8282820662289953,-0.6494276293794181,0.9090432169830394,28.0,4.0,7.0,2017.0,23.0,0.0
-0.6444698851159029,-0.6476310303498979,-0.6498686458010735,-0.8595417389261184,-0.6538227792903799,-0.1251962389680793,29.0,5.0,7.0,2017.0,0.0,11.0
-0.6495393122146486,-0.6506627238802729,-0.6479827233462478,-0.8648462741661734,-0.6521637748814052,-0.1144217242200761,30.0,6.0,7.0,2017.0,22.0,6.0
-0.6471558263710493,-0.6458727058332349,-0.6407311439915341,-0.8564595086666891,-0.6458297777852305,0.3889419350888874,31.0,0.0,7.0,2017.0,21.0,4.0
-0.6405262517894055,-0.6480856230723566,-0.6503712687824835,-0.8312884203201579,-0.6542118555938395,0.931190482686077,1.0,1.0,8.0,2017.0,5.0,13.0
-0.6493712115320436,-0.6491617343475281,-0.650837078293868,-0.8437477252104041,-0.6546010086811062,-0.3029613751325982,2.0,2.0,8.0,2017.0,12.0,15.0
-0.6504491348791167,-0.6481153529733262,-0.6450645404042021,-0.8594847354751246,-0.649555272688464,0.029986333976266,3.0,3.0,8.0,2017.0,22.0,2.0
-0.6444754120830181,-0.6444115568375574,-0.6394699867271514,-0.848782540614107,-0.6446582192997178,0.2406574722862971,4.0,4.0,8.0,2017.0,23.0,1.0
-0.6389108945483161,-0.636121962067928,-0.6175593944850842,-0.7976056566468367,-0.6255370746345724,2.5155944171551394,5.0,5.0,8.0,2017.0,17.0,0.0
-0.6168258079953087,-0.6183699387408035,-0.6199510114562611,-0.8432010169208211,-0.6276037005579327,-0.1004264463326301,6.0,6.0,8.0,2017.0,1.0,8.0
-0.6195761706204863,-0.6167709609363377,-0.6098248349894982,-0.8227401381005301,-0.6187543892065203,0.552449043227626,7.0,0.0,8.0,2017.0,13.0,1.0
-0.6099170991072409,-0.6063424186500327,-0.6073086335644238,-0.8080701253877248,-0.6165381027966925,-0.1267801355068361,8.0,1.0,8.0,2017.0,9.0,0.0
-0.6068385185137892,-0.6125487129917615,-0.612063025044518,-0.8234625705834583,-0.6206651530155294,0.1306489853811082,9.0,2.0,8.0,2017.0,0.0,15.0
-0.6116582285511106,-0.6080090682540048,-0.609681222002056,-0.8209595352350864,-0.6185696633920348,-0.1567655060517929,10.0,3.0,8.0,2017.0,22.0,3.0
-0.6096962301180486,-0.6046801992026444,-0.5931516143683976,-0.7935113079342752,-0.6041307282929106,1.1660886320186352,11.0,4.0,8.0,2017.0,23.0,0.0
-0.5927137174882174,-0.5894060226526945,-0.5787853412357342,-0.7827507072721114,-0.5915779765386338,1.190084878016901,12.0,5.0,8.0,2017.0,16.0,2.0
-0.5786392133611709,-0.57397249939056,-0.5672138802220973,-0.731795106522318,-0.5814582069885341,1.1449763092152223,13.0,6.0,8.0,2017.0,8.0,12.0
-0.5672242738250882,-0.5656671135053067,-0.5517564330637089,-0.769544012231622,-0.5679488881243813,0.9447839259856508,14.0,0.0,8.0,2017.0,23.0,4.0
-0.5512184466813604,-0.5709136229133466,-0.56054470884181,-0.7264278126417826,-0.5755916788322512,2.0954913401514186,15.0,1.0,8.0,2017.0,3.0,14.0
-0.5589885536142074,-0.5653345430399284,-0.5485958385907496,-0.7799059775071682,-0.5651411230374962,1.1898521822531658,16.0,2.0,8.0,2017.0,23.0,6.0
-0.5476938593137962,-0.549572879468993,-0.5513538372397506,-0.7646480468488184,-0.5675166185715937,0.2284094575450008,17.0,3.0,8.0,2017.0,11.0,19.0
-0.5513810503533146,-0.5640080584554757,-0.5618525234711305,-0.7435851224465474,-0.576655716805024,0.9293474979051668,18.0,4.0,8.0,2017.0,10.0,21.0
-0.5628284926499082,-0.5668437445702464,-0.5598223737218695,-0.7417351032485633,-0.5748575668038023,0.5117989994316322,19.0,5.0,8.0,2017.0,23.0,11.0
-0.5596652401185842,-0.5605634959421556,-0.5663301471782337,-0.7887070021012792,-0.5805175586397098,-0.4135941857597741,20.0,6.0,8.0,2017.0,8.0,1.0
-0.565728547712215,-0.5657025084497062,-0.5716031186383351,-0.7512227656850807,-0.5851031586294081,-0.4318782346123409,21.0,0.0,8.0,2017.0,0.0,23.0
-0.5713807927438421,-0.5855568031539963,-0.5655409125289266,-0.6989736288239877,-0.579795004096388,1.74668412458199,22.0,1.0,8.0,2017.0,19.0,5.0
-0.5658187316389733,-0.5600241745455463,-0.5624110034391999,-0.7746026918860607,-0.5770350156998227,-0.071679152745014,23.0,2.0,8.0,2017.0,12.0,5.0
-0.5628376892835252,-0.5567459049829575,-0.5511703242642462,-0.7926131443156744,-0.5671989442324066,0.3455007064593582,24.0,3.0,8.0,2017.0,23.0,4.0
-0.5508607964898573,-0.5455491550219903,-0.5489045203609411,-0.8094146598367423,-0.5652017106652346,-0.3083416324214741,25.0,4.0,8.0,2017.0,16.0,6.0
-0.5484533754336799,-0.5479410073659942,-0.5500828510635513,-0.8211493662378845,-0.5662126785456991,-0.5448838811732656,26.0,5.0,8.0,2017.0,0.0,13.0
-0.5501073914880796,-0.5449206902307434,-0.5482122713003419,-0.8197473423749492,-0.5645512978079554,-0.6031923701571633,27.0,6.0,8.0,2017.0,3.0,0.0
-0.547693230228112,-0.5507785921192954,-0.5482257560878953,-0.7968664029044081,-0.5645396345377096,-0.1360328970524472,28.0,0.0,8.0,2017.0,22.0,6.0
-0.5474012146433276,-0.5427178990638096,-0.5361750007753142,-0.7682971007917235,-0.5539824455743219,0.4189735507709849,29.0,1.0,8.0,2017.0,21.0,7.0
-0.5362875172821109,-0.5351762598244668,-0.5370170208763457,-0.7980314157069452,-0.5546866305717123,-0.3161231991107836,30.0,2.0,8.0,2017.0,4.0,10.0
-0.5371936702800773,-0.5302452640071612,-0.5285423113581469,-0.7976474147466696,-0.547248871567494,-0.1339774296614331,31.0,3.0,8.0,2017.0,19.0,0.0
-0.5282260238501699,-0.5220808713282598,-0.5169665801617862,-0.7621683307784745,-0.5370956868920682,-0.0191840073927602,1.0,4.0,9.0,2017.0,23.0,6.0
-0.51597670699741,-0.5353134557537449,-0.5361903434669305,-0.7554939354787302,-0.5538710772310158,1.4774245787762486,2.0,5.0,9.0,2017.0,2.0,21.0
-0.5353727667797537,-0.5385791140343573,-0.5359332035513875,-0.7982841580814285,-0.5536178161794343,0.4795238919766486,3.0,6.0,9.0,2017.0,6.0,14.0
-0.5349825838712815,-0.5581280212200951,-0.5572073737533175,-0.7411108352762981,-0.572190983718684,1.5304348295409909,4.0,0.0,9.0,2017.0,0.0,18.0
-0.5572737858562845,-0.5651012266052914,-0.548601981660632,-0.7568048412934018,-0.5646300185710565,1.436959943264604,5.0,1.0,9.0,2017.0,23.0,2.0
-0.5481754693421723,-0.5411713885144713,-0.5350641839090576,-0.7853264079622873,-0.552758537833273,0.2290094729130792,6.0,2.0,9.0,2017.0,18.0,0.0
-0.5351353318674639,-0.5339167987239197,-0.534894814977387,-0.8030879224128805,-0.5525775304527974,-0.2711882683750615,7.0,3.0,9.0,2017.0,16.0,7.0
-0.5341524903285674,-0.5602283939587303,-0.557671340343741,-0.7566464590341186,-0.572474996142884,2.0993453013486,8.0,4.0,9.0,2017.0,9.0,21.0
-0.5571805313922443,-0.5577670020488578,-0.5578364241095861,-0.8279495912233265,-0.5725908406575282,-0.0029071155964604,9.0,5.0,9.0,2017.0,7.0,2.0
-0.5572093794644825,-0.5680772884829816,-0.5641649847393673,-0.812065761145752,-0.5781060069984495,0.6076503171229645,10.0,6.0,9.0,2017.0,18.0,7.0
-0.5637659201934688,-0.5586970570815836,-0.5618126384661639,-0.8186696501675407,-0.5760182975867759,-0.1756537197933269,11.0,0.0,9.0,2017.0,3.0,0.0
-0.5609186484159783,-0.5595936003723627,-0.5636819896153993,-0.802008064199296,-0.5776226374373166,0.4165592327269115,12.0,1.0,9.0,2017.0,7.0,19.0
-0.563182488153126,-0.5782643023370825,-0.5789154394694315,-0.7827604681845577,-0.5909292716543865,0.9488366609822292,13.0,2.0,9.0,2017.0,0.0,14.0
-0.5789257169570755,-0.6184799517232493,-0.6235712723707225,-0.7558101307264427,-0.6300075451046111,3.9287262874479314,14.0,3.0,9.0,2017.0,0.0,23.0
-0.6224277561284107,-0.6315829502096815,-0.593955577402328,-0.6781558657745845,-0.6040462452626317,5.2404697067500985,15.0,4.0,9.0,2017.0,22.0,11.0
-0.5935039090244756,-0.5973668287979286,-0.5947214833691693,-0.8045100165445801,-0.6046925116434765,1.090534575281976,16.0,5.0,9.0,2017.0,5.0,13.0
-0.5954346179337017,-0.6000318226775525,-0.5973088844725256,-0.8359267628722552,-0.606933208285493,0.3788646241952588,17.0,6.0,9.0,2017.0,18.0,8.0
-0.5963665334883888,-0.5908355585449623,-0.5677085321957472,-0.7977407057434368,-0.5809799602866248,2.3252042336089693,18.0,0.0,9.0,2017.0,22.0,0.0
-0.5667524895160259,-0.5732725809588237,-0.5763145535785217,-0.8183089754276205,-0.5884959380313295,0.2365754087896641,19.0,1.0,9.0,2017.0,0.0,5.0
-0.576410946921816,-0.5739769295471375,-0.5774818267553351,-0.8373000385570678,-0.5894996017555537,-0.04668948158189,20.0,2.0,9.0,2017.0,14.0,5.0
-0.577324469209263,-0.5894104528092783,-0.5943532587703779,-0.8265801060493215,-0.6042587890641498,0.8148352341371753,21.0,3.0,9.0,2017.0,0.0,20.0
-0.5941008514288632,-0.5932103385782315,-0.5943741302248895,-0.8383305437645487,-0.6042566175703843,0.2664291468647057,22.0,4.0,9.0,2017.0,6.0,15.0
-0.5939842908379351,-0.5906148997005602,-0.5844504802840799,-0.8527963999817869,-0.5955329336161754,0.4075663348399702,23.0,5.0,9.0,2017.0,12.0,1.0
-0.5837859431083018,-0.586042391536445,-0.5911742500708611,-0.8614796792305587,-0.6014052109091582,-0.3132890633549519,24.0,6.0,9.0,2017.0,0.0,7.0
-0.5908148972320473,-0.585114219706172,-0.576247039742168,-0.8286015174282989,-0.5882979524223675,0.6948682784394417,25.0,0.0,9.0,2017.0,16.0,0.0
-0.5756716813697735,-0.573207471549539,-0.5783164601894023,-0.8465251977066555,-0.5900914911465938,-0.5358657515510433,26.0,1.0,9.0,2017.0,12.0,5.0
-0.577847793609996,-0.572264126047068,-0.5593946362606758,-0.8116432580372348,-0.5734729215108053,0.968516111569112,27.0,2.0,9.0,2017.0,23.0,0.0
-0.5591854873908152,-0.5580458086279138,-0.5609865903468375,-0.8102634704492395,-0.574839133596756,-0.1484981510596395,28.0,3.0,9.0,2017.0,9.0,15.0
-0.5607505327551442,-0.5624975757300532,-0.5617021830730043,-0.8289898573432537,-0.5754382566562015,-0.1065270609586228,29.0,4.0,9.0,2017.0,12.0,6.0
-0.5610885914209487,-0.5548111768794595,-0.55092301326052,-0.8376460719283183,-0.5659578589958472,0.0331009671703817,30.0,5.0,9.0,2017.0,20.0,0.0
-0.5503558803345935,-0.5479226692962391,-0.546932055536217,-0.8376048483877019,-0.5624332502791337,-0.396047052786039,1.0,6.0,10.0,2017.0,23.0,13.0
-0.5469962931558879,-0.5411163743052063,-0.5465896318309416,-0.8254818090139323,-0.5621063148652584,-0.6484890138153082,2.0,0.0,10.0,2017.0,10.0,18.0
-0.5462202111129068,-0.5486130945352977,-0.5522259134339259,-0.8332762030647893,-0.5670198697099474,-0.1753433333021448,3.0,1.0,10.0,2017.0,2.0,13.0
-0.5516859472164596,-0.5516776823642057,-0.5576339125667287,-0.8425642735860621,-0.5717435069869565,-0.3443120317566765,4.0,2.0,10.0,2017.0,7.0,18.0
-0.557176247618281,-0.5546094889843289,-0.551555120168634,-0.8401236150501589,-0.5663865796228222,0.0208305943891749,5.0,3.0,10.0,2017.0,19.0,8.0
-0.5513736810638341,-0.5447158533741335,-0.5489530056637442,-0.8451041935203714,-0.5640735307133508,-0.6396499096519259,6.0,4.0,10.0,2017.0,10.0,0.0
-0.5486196337939131,-0.5446829745116971,-0.5455113282857829,-0.8539454627869232,-0.5610238369531252,-0.4670126007885182,7.0,5.0,10.0,2017.0,23.0,11.0
-0.5449189623468145,-0.5393346486826944,-0.5342442788596137,-0.831874179201854,-0.5510967266751239,0.0823902023382203,8.0,6.0,10.0,2017.0,20.0,4.0
-0.5335782549218415,-0.5293063486612741,-0.5243304428475248,-0.7963560376992184,-0.5423605980039291,0.5697576833987895,9.0,0.0,10.0,2017.0,19.0,7.0
-0.5236584423694124,-0.5166073588446195,-0.5237185631207439,-0.8165104821842433,-0.5417914258744135,-0.343376049537305,10.0,1.0,10.0,2017.0,18.0,23.0
-0.5228584251138467,-0.5174590294344057,-0.5209881933031241,-0.8368417408080288,-0.5393659669919787,-0.5347891076379669,11.0,2.0,10.0,2017.0,19.0,4.0
-0.5203841412360403,-0.5130097938503133,-0.4829119178772745,-0.7517260844278714,-0.505884678798845,2.155872386262104,12.0,3.0,10.0,2017.0,23.0,0.0
-0.4814521249970604,-0.4741351544051901,-0.4706193653407668,-0.7070419046365254,-0.495053715013425,0.7171096810225145,13.0,4.0,10.0,2017.0,2.0,1.0
-0.4704476488937556,-0.4643483673798834,-0.4592915444720236,-0.8126113864322471,-0.4850673483355284,-0.0658997669912054,14.0,5.0,10.0,2017.0,23.0,6.0
-0.4586418973635165,-0.471494842826526,-0.4687181001943187,-0.7959601098203204,-0.4933058249226746,0.4640300409982831,15.0,6.0,10.0,2017.0,2.0,11.0
-0.4677457558229668,-0.4673471974839124,-0.4658091318571088,-0.7942228965016689,-0.4907093126664447,-0.1385714320885942,16.0,0.0,10.0,2017.0,11.0,9.0
-0.4644321817688292,-0.4718672229568034,-0.4731785382888447,-0.8043380828620428,-0.4971493123996879,0.2827362861958142,17.0,1.0,10.0,2017.0,8.0,6.0
-0.4728838880657068,-0.4921805559762202,-0.4740880422600264,-0.7730054150625599,-0.4979141531200717,0.8955786235229268,18.0,2.0,10.0,2017.0,0.0,14.0
-0.474115787623885,-0.4681786159293164,-0.4668567200528372,-0.806563425110944,-0.4915157652816928,-0.2057957638101223,19.0,3.0,10.0,2017.0,22.0,0.0
-0.4664856073217827,-0.4620981565578256,-0.4482656629796982,-0.7754373956891049,-0.4751252950988816,0.7689122172614088,20.0,4.0,10.0,2017.0,20.0,7.0
-0.4487748381394394,-0.4407378247207807,-0.4470290480286596,-0.7834281257036152,-0.4740008667893666,-0.2025906867360679,21.0,5.0,10.0,2017.0,14.0,17.0
-0.4463287732481806,-0.451658886191997,-0.4484516331831568,-0.7927823635481644,-0.4752069575594717,0.0229856132883421,22.0,6.0,10.0,2017.0,0.0,11.0
-0.4482097993663367,-0.4554442157321784,-0.4532446960373271,-0.7728660131266256,-0.4793817489740985,0.2844663893265556,23.0,0.0,10.0,2017.0,5.0,15.0
-0.4525338048602342,-0.4698781289596408,-0.4780188278656465,-0.754758479189437,-0.5011398805110168,0.6869475343114181,24.0,1.0,10.0,2017.0,0.0,22.0
-0.477744084260475,-0.4765990932691936,-0.464261977231816,-0.7964509532006174,-0.4889923734567035,0.4758746278849277,25.0,2.0,10.0,2017.0,23.0,2.0
-0.4640413697746665,-0.4561555105590391,-0.4548090212921077,-0.7998109286269737,-0.4806303611918308,-0.0435221528934566,26.0,3.0,10.0,2017.0,13.0,1.0
-0.4547289244751584,-0.4556750160848525,-0.4624147111679705,-0.8103822467302106,-0.4872999934257607,-0.0556309264485233,27.0,4.0,10.0,2017.0,1.0,18.0
-0.461595334839866,-0.4581806632522855,-0.464121435779315,-0.8269901407376725,-0.4887823802198894,-0.3559367904959161,28.0,5.0,10.0,2017.0,1.0,12.0
-0.4636432184474814,-0.4559430791482945,-0.4395264718282853,-0.7480688940771517,-0.4670947842455904,1.1952637432019566,29.0,6.0,10.0,2017.0,20.0,2.0
-0.4415317552302981,-0.4359465254786321,-0.440957657280619,-0.8070184738507192,-0.4683181275697603,-0.457521659632951,30.0,0.0,10.0,2017.0,11.0,15.0
-0.4404783662250293,-0.4319961533106556,-0.4202223092231251,-0.7777722948080747,-0.4500262473033757,0.3553373045203082,31.0,1.0,10.0,2017.0,23.0,8.0
-0.4215240144645995,-0.4146374105737849,-0.4018779638298211,-0.7474570945250527,-0.4338325736559618,0.3707544403465515,1.0,2.0,11.0,2017.0,23.0,4.0
-0.4008610659772754,-0.3905583209707875,-0.3827799986094527,-0.6507282294170991,-0.4169692307079532,1.1304133330364168,2.0,3.0,11.0,2017.0,11.0,0.0
-0.3818570464040047,-0.3751172340266803,-0.3748472277199305,-0.7203635785048504,-0.4099487540469915,0.4797435077700908,3.0,4.0,11.0,2017.0,10.0,1.0
-0.3771360878413743,-0.3733254132041548,-0.3642797690720313,-0.7684207575289179,-0.4006011687140164,0.4734309046702351,4.0,5.0,11.0,2017.0,20.0,1.0
-0.362409431551755,-0.3542367792203958,-0.3625945302221917,-0.7740283114791154,-0.3990749222087728,-0.2007275706129256,5.0,6.0,11.0,2017.0,13.0,0.0
-0.3624891756517444,-0.3748409280935031,-0.386200819515998,-0.73435454828152,-0.419833051307045,0.3387495389574226,6.0,0.0,11.0,2017.0,12.0,19.0
-0.3858098613858963,-0.3738425838178513,-0.37873689970661,-0.7769609033407312,-0.4132122298198878,-0.3461085755477932,7.0,1.0,11.0,2017.0,5.0,0.0
-0.3785532980691746,-0.3680940620322288,-0.359386079736512,-0.6535252376228983,-0.3961176551760317,1.2070735389386946,8.0,2.0,11.0,2017.0,17.0,0.0
-0.3598136742233668,-0.3688843896176294,-0.3787859843333044,-0.7281525505979404,-0.4131691652160893,0.0058275809795844,9.0,3.0,11.0,2017.0,0.0,12.0
-0.3765685926384448,-0.4109076818141201,-0.4110326362688483,-0.620654955362336,-0.4415577861238209,1.964198644054971,10.0,4.0,11.0,2017.0,1.0,20.0
-0.4106256741036953,-0.425617252659159,-0.4270221781609948,-0.6369026953044392,-0.455631064691432,1.422353002272367,11.0,5.0,11.0,2017.0,1.0,18.0
-0.4304517888445151,-0.4689405102449486,-0.4520326233996388,-0.4173152662779728,-0.4776586388789344,3.354825446132859,12.0,6.0,11.0,2017.0,11.0,6.0
-0.4523663182850906,-0.4483742723982035,-0.4146320257287981,-0.563434987058822,-0.4446509110083643,3.0217076964822613,13.0,0.0,11.0,2017.0,13.0,1.0
-0.4141306399891026,-0.4093346211974598,-0.4099519054619331,-0.7297330131042682,-0.4404902596691011,0.0017768047315284,14.0,1.0,11.0,2017.0,3.0,13.0
-0.4096348641460921,-0.3983958699720891,-0.368232669729239,-0.6752916003000935,-0.4036601746317259,1.5664940557400535,15.0,2.0,11.0,2017.0,20.0,0.0
-0.3673960140567648,-0.3641386268281584,-0.3341013239528374,-0.6252347254974273,-0.37351337033636,1.6014830765593846,16.0,3.0,11.0,2017.0,22.0,1.0
-0.3348598520883405,-0.3398275328578092,-0.3440863296770166,-0.650842139126502,-0.3822950676506801,0.2674171857212323,17.0,4.0,11.0,2017.0,1.0,7.0
-0.3444526599091891,-0.3460015657805214,-0.3391054986477078,-0.7042373154091106,-0.3778319224058584,0.2232753614525089,18.0,5.0,11.0,2017.0,21.0,2.0
-0.3402305063837167,-0.331417799033546,-0.3239874036596539,-0.7323250004947282,-0.3644433754458572,0.1648875316632729,19.0,6.0,11.0,2017.0,20.0,7.0
-0.323479272613376,-0.3152786922962392,-0.3139134283038199,-0.7139316231655992,-0.3554972148127681,0.0532734285315628,20.0,0.0,11.0,2017.0,22.0,3.0
-0.3132539041556532,-0.3270798576270102,-0.3218535708772047,-0.6711300082034951,-0.3624465939448822,0.6542240298294805,21.0,1.0,11.0,2017.0,15.0,4.0
-0.3210939294691821,-0.3073052131246861,-0.3106662914609623,-0.7060629253836512,-0.3525253566733586,-0.4679608039623335,22.0,2.0,11.0,2017.0,11.0,1.0
-0.3116195395398684,-0.3096256272642909,-0.3238474914972357,-0.6739736549653504,-0.3641070702965376,-0.4758089356082735,23.0,3.0,11.0,2017.0,0.0,23.0
-0.3213350490262092,-0.3158116694616438,-0.3106576611969281,-0.6287709527340176,-0.352414684563643,0.1945462021113036,24.0,4.0,11.0,2017.0,8.0,1.0
-0.3110471314772852,-0.2999912252765442,-0.2776874754936552,-0.6676344352366674,-0.3232541461087586,0.6895781209070978,25.0,5.0,11.0,2017.0,23.0,2.0
-0.2774679753956673,-0.2630393046602848,-0.24456997597791,-0.6061557933289801,-0.2939586346445949,1.0070358607376155,26.0,6.0,11.0,2017.0,18.0,0.0
-0.2428857571637701,-0.2265495713206251,-0.2146333280826487,-0.5965157051501632,-0.2674578640567924,0.0942778503313271,27.0,0.0,11.0,2017.0,23.0,0.0
-0.2140073090769417,-0.2022972579644401,-0.1998767152996064,-0.5587939300566774,-0.2543625892211219,-0.1684637033432919,28.0,1.0,11.0,2017.0,13.0,15.0
-0.1984259949463397,-0.210849837325327,-0.210321372482186,-0.27567823412464,-0.2635185756104378,3.7297225489422794,29.0,2.0,11.0,2017.0,23.0,19.0
-0.2088930820903217,-0.2360758589644626,-0.1891491173079621,-0.4523881268956071,-0.2447466155801726,2.984770231255975,30.0,3.0,11.0,2017.0,12.0,19.0
-0.1909903219474826,-0.2049305924323894,-0.1436120085907617,-0.5352388350485513,-0.2044390969455988,2.238222230231986,1.0,4.0,12.0,2017.0,3.0,5.0
-0.1431550656703975,-0.128398479768009,-0.1375363027107039,-0.6244379684564259,-0.1989973963129239,-0.2158285831332529,2.0,5.0,12.0,2017.0,10.0,15.0
-0.1367500147662188,-0.1311235045847333,-0.1222794942080143,-0.544719999466541,-0.1854356021874916,1.1339864779665911,3.0,6.0,12.0,2017.0,20.0,22.0
-0.1224736640029106,-0.1172263966719173,-0.1017816582086276,-0.570531350907867,-0.1672345888325369,0.121873416869565,4.0,0.0,12.0,2017.0,23.0,13.0
-0.0997554626184904,-0.0841717480889902,-0.0858559443109005,-0.5291566897067033,-0.15307183028741,-0.2478468616184088,5.0,1.0,12.0,2017.0,13.0,4.0
-0.0851723576914365,-0.0640151839554587,0.059887339904249,-0.2166955533336155,-0.024128528597564,4.1169502334074695,6.0,2.0,12.0,2017.0,22.0,0.0
0.0585541902596237,0.0709031817568464,0.2813252915181795,0.070456439568539,0.171757827628544,5.780075419863304,7.0,3.0,12.0,2017.0,23.0,2.0
0.2755398634571023,0.0885812662336931,0.1996838328083514,0.2432173143105527,0.0996735347453472,4.647628971479426,8.0,4.0,12.0,2017.0,1.0,11.0
0.1970353618364783,0.0467255173108762,0.114304810515446,-0.1486281983320256,0.0242799228584209,3.67634607088107,9.0,5.0,12.0,2017.0,0.0,17.0
0.1139110945795063,0.0183811593925943,0.1313167989660855,-0.1745534594827545,0.0394279829191936,3.2849656285270767,10.0,6.0,12.0,2017.0,14.0,4.0
0.1298009602615323,0.1561004954630334,0.2222314763806324,-0.2439441887191821,0.1199630140093798,2.3454170360849265,11.0,0.0,12.0,2017.0,20.0,0.0
0.2213609670215103,0.2298728212458004,0.2516035012379358,-0.1110691513948297,0.1460593190629786,0.657289755620328,12.0,1.0,12.0,2017.0,18.0,5.0
0.2569566722522203,0.1962428388784388,0.1897907933352894,-0.1993071889854361,0.0914912539991883,1.1925473268345597,13.0,2.0,12.0,2017.0,1.0,18.0
0.1885259294386661,0.2054865226661529,0.1993524066964835,-0.1558905393466243,0.1000777023538896,0.2273390349504722,14.0,3.0,12.0,2017.0,8.0,3.0
0.2018207267909108,0.2317507136819234,0.2694930796625502,-0.1270039589831395,0.1622743094870795,1.227263002443007,15.0,4.0,12.0,2017.0,12.0,0.0
0.2729263419471582,0.2895394667264168,0.379377437018544,-0.2121233919894496,0.2596656588882138,2.014946893852384,16.0,5.0,12.0,2017.0,23.0,3.0
0.3781736955282992,0.3817737831597997,0.3574926456699987,-0.1809913852236444,0.2404409420571469,0.2874690293744111,17.0,6.0,12.0,2017.0,12.0,19.0
0.3555106739455997,0.3426873914917007,0.355860087390201,-0.0982854940220742,0.2391359711797208,0.1808592414222609,18.0,0.0,12.0,2017.0,12.0,1.0
0.3562407728204835,0.2743714750096711,0.2737766872429563,0.0131714077718191,0.1665531687092726,1.3819213967371935,19.0,1.0,12.0,2017.0,4.0,22.0
0.2729263419471582,0.1986454347380566,0.2030714511713208,0.2981973267658058,0.1040311104600081,1.512759777706352,20.0,2.0,12.0,2017.0,12.0,22.0
0.2043422220517312,0.1521741727165002,0.1526431403127529,-0.0073247311297771,0.0594551180931194,2.2672917249884903,21.0,3.0,12.0,2017.0,7.0,19.0
0.1586726381881061,-0.069730857750813,0.0316751865737051,0.300816972388973,-0.0476038848904335,5.500657215980178,22.0,4.0,12.0,2017.0,0.0,14.0
0.0390814718928019,0.0564559934957231,0.084908213378601,-0.1933899378060539,-0.0003656633844598,2.099332996247898,23.0,5.0,12.0,2017.0,15.0,6.0
0.0795423460908564,-0.0118978340126687,0.0374440386214367,-0.2754884031218417,-0.0423292441728454,2.134797740797492,24.0,6.0,12.0,2017.0,0.0,12.0
0.0419772431811456,0.032436394566833,0.043630199894654,-0.3247138370153826,-0.0367730074448653,0.9219492912201008,25.0,0.0,12.0,2017.0,12.0,4.0
0.0444741741436973,0.0691075945294218,0.1708640849168461,-0.1734144734659653,0.0760635352753309,3.2925123689037914,26.0,1.0,12.0,2017.0,16.0,1.0
0.1749612842830014,0.137733282378323,0.1548279156259594,-0.2258453188066969,0.0619548222923905,1.7155371308209886,27.0,2.0,12.0,2017.0,6.0,17.0
0.1565928209927414,0.0633160369370005,0.0792191313407964,-0.2340405420196576,-0.0049704089938251,1.990031341312076,28.0,3.0,12.0,2017.0,0.0,19.0
0.0849166550745116,0.0866907779516778,0.0822692704205961,-0.19667127054664,-0.002168062004025,0.5178490011710226,29.0,4.0,12.0,2017.0,6.0,11.0
0.0840639144470521,-0.0370366108956972,-0.0223065156361552,-0.1192697618539201,-0.0948017161420931,2.9180079759677207,30.0,5.0,12.0,2017.0,0.0,16.0
-0.0253982533265389,-0.011398384025301,0.0515961733277522,-0.2448987865179227,-0.0291849440335765,2.0613778673062315,31.0,6.0,12.0,2017.0,20.0,0.0
0.0491123330472854,0.0138352321679755,0.0209598747218317,-0.3449713264672936,-0.0562630061588378,0.5620749292434555,1.0,0.0,1.0,2018.0,0.0,14.0
0.0192221953493224,0.0143979083621751,0.102269967252181,0.0105734777490305,0.0159483247483429,3.140501240204805,2.0,1.0,1.0,2018.0,19.0,4.0
0.1022421542080363,0.1206748641239045,0.1157040520043754,0.0119456704307552,0.0279603697309211,0.0641977057397355,3.0,2.0,1.0,2018.0,7.0,10.0
0.1201872727871583,0.1002970700108034,0.1401419031973077,0.2783194993194912,0.0497442273037608,0.8697017577505134,4.0,3.0,1.0,2018.0,20.0,13.0
0.1328562197498547,0.1433288016829594,0.2524688050721398,0.3899228009154255,0.149498793928772,2.9921128480995565,5.0,4.0,1.0,2018.0,23.0,1.0
0.2546314517258591,0.242075479164386,0.2584524548024997,0.0901933099975624,0.1549272351890376,0.2106105760893258,6.0,5.0,1.0,2018.0,22.0,13.0
0.2586315979166098,0.1992776968063772,0.194049948500932,-0.0426112488181442,0.0978861001180429,1.0093076260714278,7.0,6.0,1.0,2018.0,0.0,18.0
0.1941456417533179,0.0804440410655398,0.1138076713476442,0.0955790010459377,0.0267752728414189,2.4667863496342552,8.0,0.0,1.0,2018.0,0.0,15.0
0.1111687003730354,0.0940882441510276,0.078537939805988,0.0004528416615795,-0.0044319305350397,0.6431905849705355,9.0,1.0,1.0,2018.0,5.0,23.0
0.0783337227031139,0.0477560921333701,0.1017299164937648,0.1002922304846348,0.0162556181852412,1.080930570446879,10.0,2.0,1.0,2018.0,23.0,9.0
0.101628645880545,0.01074980562344,0.0055312400595173,-0.0063755761157861,-0.069046459067445,2.1145746437653266,11.0,3.0,1.0,2018.0,0.0,4.0
0.0087250918311144,0.0140501642245989,0.0408071446372535,-0.2487278966665248,-0.0376219545486378,0.8680662048372196,12.0,4.0,1.0,2018.0,11.0,0.0
0.0393084819565582,0.06427078970677,0.0641035235468881,-0.2108759390480072,-0.0168480944083689,0.1174278518108037,13.0,5.0,1.0,2018.0,14.0,0.0
0.0649776344310427,0.0209987490531782,0.0280052267255622,-0.3019668844653362,-0.0488197764136413,1.0463895345377892,14.0,6.0,1.0,2018.0,1.0,15.0
0.0279524068669397,0.0446263948951836,0.0309387373761224,-0.211570171796684,-0.0461294327487477,0.3169734987679379,15.0,0.0,1.0,2018.0,15.0,3.0
0.0321733321774957,-0.1733016824646565,-0.1120121769648593,0.119437836766265,-0.1730469671364312,5.633361096486218,16.0,1.0,1.0,2018.0,0.0,22.0
-0.1153754205841738,-0.2234154284897708,-0.1305400353336678,0.1181795537939432,-0.1894322953294372,3.960608240866614,17.0,2.0,1.0,2018.0,18.0,16.0
-0.1296272070492133,-0.1260337949347533,-0.1129695369487612,-0.0884740414315739,-0.1737398272314599,1.4985718039060325,18.0,3.0,1.0,2018.0,20.0,8.0
-0.1154551646841631,-0.1115170825438517,-0.1048379103921182,-0.3206080890010878,-0.166436254667227,0.6644844057350772,19.0,4.0,1.0,2018.0,13.0,3.0
-0.1015653121845899,-0.0809092387698509,-0.0255591662588123,-0.263046419338675,-0.0958793770945244,2.01940769580184,20.0,5.0,1.0,2018.0,18.0,0.0
-0.0259197354049065,-0.1041764828840452,-0.1052859649332257,-0.3642807716776116,-0.1666613249525923,2.035194179432104,21.0,6.0,1.0,2018.0,0.0,21.0
-0.1029825523688485,-0.1704375476440332,-0.1463245485226135,-0.3316181760861436,-0.2030708413165096,2.647783155086782,22.0,0.0,1.0,2018.0,8.0,21.0
-0.1452287118347338,-0.1774240434989747,-0.150190906809923,-0.3791726195229291,-0.2064323400302696,1.7577917554375435,23.0,1.0,1.0,2018.0,17.0,11.0
-0.1477502070955542,-0.1451723800916832,-0.1200578604754952,-0.3639656455483323,-0.1795544438967782,0.851403540805589,24.0,2.0,1.0,2018.0,14.0,4.0
-0.1159520824642621,-0.1187690790720137,-0.1261949371220182,-0.421880929603611,-0.1849395243534857,0.4562970340714464,25.0,3.0,1.0,2018.0,4.0,17.0
-0.1261179274333783,-0.1558892221497156,-0.1315955645709584,-0.3745304795176966,-0.1896743947100226,1.5345811361445043,26.0,4.0,1.0,2018.0,2.0,10.0
-0.131093456004164,-0.123081118726828,-0.1150684291483499,-0.4918411518484332,-0.1748979975086009,0.2549977304089006,27.0,5.0,1.0,2018.0,20.0,2.0
-0.1126637017940775,-0.0923468842835057,-0.0938587162309221,-0.4502365329915979,-0.1559539635529437,0.0800519919519522,28.0,6.0,1.0,2018.0,7.0,0.0
-0.0954731864751853,-0.1110681394287386,-0.1239242187628047,-0.5176530586759581,-0.1826389443145394,0.3391310702822361,29.0,0.0,1.0,2018.0,0.0,11.0
-0.1230013171123067,-0.1833356938377714,-0.196961603892508,-0.4346434267621868,-0.2475642762876535,1.7160854284318825,30.0,1.0,1.0,2018.0,0.0,19.0
-0.1965364012802508,-0.1996973889301851,-0.1899162518887775,-0.4670065858844957,-0.2412446107981289,0.3528808731604971,31.0,2.0,1.0,2018.0,16.0,4.0
-0.1886160327375065,-0.2607195079641062,-0.254389897936238,-0.3629671167012553,-0.2985724299543593,2.5401138340740896,1.0,3.0,2.0,2018.0,8.0,8.0
-0.2557963928562615,-0.3249440590718076,-0.2752430730707539,-0.2128664431850135,-0.3170748770668097,2.617175758172845,2.0,4.0,2.0,2018.0,0.0,12.0
-0.2735979600728181,-0.2961673055222319,-0.2541217004948982,-0.5091687569464485,-0.2982109128727199,2.254534845632153,3.0,5.0,2.0,2018.0,15.0,4.0
-0.2537460528188192,-0.3101029727770043,-0.3092265356769836,-0.5194868050583132,-0.3472184664551047,2.484355722804029,4.0,6.0,2.0,2018.0,6.0,20.0
-0.3092783821760938,-0.3906873049024986,-0.3903427169623121,-0.3995288011023921,-0.4193991044659401,3.840542276523932,5.0,0.0,2.0,2018.0,5.0,19.0
-0.3840521660189289,-0.4354780402790863,-0.34132404586219,-0.143828217569054,-0.375688019027358,5.424353388340045,6.0,1.0,2.0,2018.0,21.0,7.0
-0.3408771166009512,-0.3603317793845744,-0.3494679585586038,-0.4058208268888201,-0.3829001255424881,3.053520182428917,7.0,2.0,2.0,2018.0,13.0,4.0
-0.3480938378241395,-0.3349736557244227,-0.3099273850354254,-0.3961953731363453,-0.3476304211080273,1.927444626475302,8.0,3.0,2.0,2018.0,12.0,0.0
-0.3091986380761044,-0.3193662603935001,-0.2809977810746518,-0.5351466131702171,-0.3218088793045511,1.4732348198571754,9.0,4.0,2.0,2018.0,23.0,5.0
-0.2816987264255308,-0.2933954784938096,-0.2880603336740615,-0.4811190325075286,-0.3280513553352637,1.2612659005599671,10.0,5.0,2.0,2018.0,7.0,21.0
-0.2880761574723878,-0.3164331880143502,-0.3182504656091289,-0.5710856541037205,-0.3549042302031489,0.8639438795189196,11.0,6.0,2.0,2018.0,0.0,9.0
-0.3171993798045224,-0.3031348149918178,-0.2693625070496911,-0.563804346650428,-0.3112747944755452,1.491225171309294,12.0,0.0,2.0,2018.0,23.0,0.0
-0.2690212119149017,-0.2832830518055809,-0.2895081203981832,-0.5941618395924995,-0.3291733814557093,0.2643930217301627,13.0,1.0,2.0,2018.0,0.0,10.0
-0.2890706520747344,-0.2741462474749236,-0.2345002558217039,-0.4741300803493589,-0.2800709130801871,1.5712435737745214,14.0,2.0,2.0,2018.0,23.0,0.0
-0.2345665482952339,-0.2238396738678401,-0.1932731848685142,-0.4116100615493464,-0.2432616853695573,1.0955209225932605,15.0,3.0,2.0,2018.0,21.0,22.0
-0.1948492533796496,-0.1967004420286089,-0.1891306581321112,-0.5074131256329745,-0.2395008622841339,0.0806551705169894,16.0,4.0,2.0,2018.0,18.0,13.0
-0.1904442755708462,-0.1761784748755148,-0.1351980405489452,-0.4333948630483465,-0.1913409953977167,1.316932168716684,17.0,5.0,2.0,2018.0,23.0,0.0
-0.1342530238907445,-0.1650127514467119,-0.1696209274322482,-0.4288861823467196,-0.2219706752748864,1.1885573523453772,18.0,6.0,2.0,2018.0,2.0,9.0
-0.1692721271542888,-0.1531767931788837,-0.128287716217916,-0.4881085678212072,-0.1850320213336022,0.67156574409033,19.0,0.0,2.0,2018.0,21.0,0.0
-0.1276026295684918,-0.1077424656471098,-0.1173391475075634,-0.3647493510136586,-0.1751988448293729,0.4805284181647045,20.0,1.0,2.0,2018.0,22.0,0.0
-0.1189889486853442,-0.1553328438784621,-0.1611149032407339,-0.3930176754604818,-0.2141787750185255,0.9442116914972152,21.0,2.0,2.0,2018.0,1.0,22.0
-0.162658459453594,-0.189475613011195,-0.203178450548958,-0.467065179128484,-0.2516496111736689,1.47721708009206,22.0,3.0,2.0,2018.0,13.0,13.0
-0.2070353620990596,-0.2024072863829701,-0.1850065905715591,-0.4833677079191129,-0.2353733304881286,0.7667052377416194,23.0,4.0,2.0,2018.0,4.0,7.0
-0.1855239268017811,-0.2142678806434995,-0.214957322578265,-0.5279271479701767,-0.2620454915864453,1.4487170631775603,24.0,5.0,2.0,2018.0,10.0,10.0
-0.2156643806903944,-0.2231138691204663,-0.2240610524865349,-0.5936075363966459,-0.2701031708080952,0.1694613118817027,25.0,6.0,2.0,2018.0,7.0,15.0
-0.2234553373203085,-0.217128187314881,-0.1809806323320066,-0.507872485558119,-0.23158830765655,1.4116388237765678,26.0,0.0,2.0,2018.0,13.0,13.0
-0.1790084563812384,-0.1700645500703297,-0.1589547002070691,-0.5253102237393843,-0.2118546148710452,0.3806471647003711,27.0,1.0,2.0,2018.0,14.0,3.0
-0.1610142691185017,-0.1607702976660184,-0.1790658524318136,-0.5269367833002242,-0.2297448144039277,0.4932156421797544,28.0,2.0,2.0,2018.0,6.0,23.0
-0.1795545027578748,-0.1633245993754276,-0.1451217054728507,-0.5062676415976577,-0.199361671732521,0.5495733488373896,1.0,3.0,3.0,2018.0,21.0,0.0
-0.1432102454721182,-0.1318759211437717,-0.1368120797205029,-0.4898170190770811,-0.1918700805556874,-0.3955153903679838,2.0,4.0,3.0,2018.0,1.0,16.0
-0.1355720667948509,-0.1222465204477764,-0.1120612615915536,-0.5402584432838944,-0.1696795130465642,0.031496139307088,3.0,5.0,3.0,2018.0,19.0,0.0
-0.111307812442568,-0.1137932259898055,-0.1106559069989333,-0.5731488305248583,-0.1683549977052797,-0.3469845197775302,4.0,6.0,3.0,2018.0,23.0,7.0
-0.1091605332963483,-0.0943321501314265,-0.1069306894880161,-0.5523006878503729,-0.1649570005351162,-0.6107241310190417,5.0,0.0,3.0,2018.0,20.0,10.0
-0.1111422131244834,-0.1417265518193365,-0.1556222196420958,-0.5325785073863116,-0.208394875473815,0.6195628432838524,6.0,1.0,3.0,2018.0,0.0,20.0
-0.1538546149540931,-0.2050905720240904,-0.2055982806923174,-0.4259627960113514,-0.2529881696867791,1.7710035273872946,7.0,2.0,3.0,2018.0,21.0,21.0
-0.2061537434429038,-0.2276149082080081,-0.2406140187688568,-0.5133829718853965,-0.2842212539868285,0.91686534746739,8.0,3.0,3.0,2018.0,9.0,8.0
-0.239083802921002,-0.279639950358597,-0.2441403806126534,-0.4310458571199235,-0.2873163094935023,1.427291565673643,9.0,4.0,3.0,2018.0,0.0,6.0
-0.2430164272479751,-0.2596959102523272,-0.2730797535528546,-0.6109969837479132,-0.313134782011237,0.7515740875584564,10.0,5.0,3.0,2018.0,6.0,22.0
-0.273557458937136,-0.2736910064368643,-0.2293451114386246,-0.5616386459369657,-0.2739778593073369,2.036778146713969,11.0,6.0,3.0,2018.0,22.0,0.0
-0.227535167698126,-0.2516054872958718,-0.2522676920372792,-0.5529048924962013,-0.2944122153330962,1.4507271174465228,12.0,0.0,3.0,2018.0,10.0,20.0
-0.2539092556199995,-0.251494162246147,-0.2528980009737195,-0.5781934033698438,-0.2949161474859606,0.2509790819949984,13.0,1.0,3.0,2018.0,6.0,12.0
-0.2513564259006559,-0.307740232890544,-0.3096684171820111,-0.5539446032299298,-0.3456380310956636,2.4227394873050017,14.0,2.0,3.0,2018.0,0.0,21.0
-0.3080378851135246,-0.3257938464591411,-0.3077628069373544,-0.5324559336522052,-0.3438862545047422,0.820646463215987,15.0,3.0,3.0,2018.0,14.0,6.0
-0.3060654318754709,-0.3117411736751175,-0.3054620624511887,-0.6162547138160525,-0.3417744457434557,0.609179032315099,16.0,4.0,3.0,2018.0,19.0,1.0
-0.30612678270822,-0.323911601046861,-0.3313279826122201,-0.6630736593095798,-0.3648674193617797,0.4658426577541032,17.0,5.0,3.0,2018.0,9.0,19.0
-0.3325929268356754,-0.3501397024943794,-0.3124994434471654,-0.5430451490757031,-0.3479710163167949,1.586589178911196,18.0,6.0,3.0,2018.0,23.0,16.0
-0.3047641831093786,-0.3005444545863246,-0.2875233394674907,-0.5381681640162482,-0.325567381989827,0.3365301732371059,19.0,0.0,3.0,2018.0,14.0,10.0
-0.287858973127939,-0.2874256649842749,-0.2701665000498191,-0.5580904778970981,-0.3099888828305692,0.791292565170753,20.0,1.0,3.0,2018.0,20.0,9.0
-0.2683610314206998,-0.2585666679703434,-0.2691961946698659,-0.575373624329888,-0.3090661950314846,-0.2358078507144726,21.0,2.0,3.0,2018.0,15.0,17.0
-0.2682407861850284,-0.2763603996008975,-0.2815200918458866,-0.6031830609298358,-0.3200467485138292,0.3571918644722215,22.0,3.0,3.0,2018.0,3.0,15.0
-0.2807066882530111,-0.2892762664209646,-0.2722438765217115,-0.580201235556257,-0.3116950887079321,0.3434645808601633,23.0,4.0,3.0,2018.0,23.0,13.0
-0.2705408432838949,-0.2699872103010954,-0.2852237936291076,-0.5959039194827191,-0.3232595770865201,-0.2336100418782387,24.0,5.0,3.0,2018.0,5.0,22.0
-0.2882798614092502,-0.283682043747523,-0.295800421932543,-0.6552781753133073,-0.3326826679562985,-0.4947084791584867,25.0,6.0,3.0,2018.0,19.0,11.0
-0.2952947060397187,-0.3170445804948688,-0.3133757748409688,-0.5819954106719375,-0.3483716762735543,0.6596989871202357,26.0,0.0,3.0,2018.0,5.0,21.0
-0.3136060723147347,-0.3248941387708047,-0.3364732980834827,-0.611434655841989,-0.3690083952146472,0.1803682979918637,27.0,1.0,3.0,2018.0,0.0,5.0
-0.3358868494512042,-0.3241423705273669,-0.3290204357998855,-0.63545946872787,-0.3622890165422066,-0.1583234782398959,28.0,2.0,3.0,2018.0,10.0,0.0
-0.327160322578324,-0.370157774067438,-0.3774284557872068,-0.5581208575221802,-0.4056059777572741,1.768084247463929,29.0,3.0,3.0,2018.0,1.0,21.0
-0.3767084593562729,-0.3952870114495302,-0.3943164740909357,-0.5620107269209464,-0.4206897121660171,0.9454122834953907,30.0,4.0,3.0,2018.0,8.0,17.0
-0.393823514349139,-0.3839322268436572,-0.3892221011504304,-0.6561790672666102,-0.4160891988211038,0.0987283020446056,31.0,5.0,3.0,2018.0,12.0,7.0
-0.3870393344707059,-0.4052173231992356,-0.3971573292679067,-0.657327244924992,-0.4231544849270101,0.779992977982521,1.0,6.0,4.0,2018.0,1.0,15.0
-0.3967450481942035,-0.3869000612876963,-0.3824547455336648,-0.6681019593389363,-0.4099340658745764,0.0114781046669436,2.0,0.0,4.0,2018.0,11.0,0.0
-0.3809533498358715,-0.3707198328182116,-0.3596057918750487,-0.6048475811373734,-0.389407148812445,0.4766332634066147,3.0,1.0,4.0,2018.0,19.0,1.0
-0.3592259284525963,-0.3877030464633318,-0.3965675645927135,-0.6354209526949733,-0.4224967345863947,1.1180893603318582,4.0,2.0,4.0,2018.0,0.0,22.0
-0.3965125261415674,-0.3977610763857216,-0.3991678211935343,-0.597275029161356,-0.4247843742787139,-0.1021393689474039,5.0,3.0,4.0,2018.0,9.0,1.0
-0.3985180812693643,-0.4021742532737302,-0.4099169349128749,-0.6988342268880534,-0.4343846398529213,-0.1217076915534406,6.0,4.0,4.0,2018.0,5.0,11.0
-0.4098956051852759,-0.3986645813511253,-0.393054088212579,-0.6874553217129356,-0.4192142397471917,0.4455119073295693,7.0,5.0,4.0,2018.0,16.0,0.0
-0.3921363664485378,-0.3803624776756934,-0.3861541621510602,-0.7050340585654571,-0.4129805172495603,-0.4780626328816701,8.0,6.0,4.0,2018.0,12.0,0.0
-0.3845080134905779,-0.396674190722768,-0.4016680806031011,-0.637695647949978,-0.4268543813290456,0.7023964132727798,9.0,0.0,4.0,2018.0,9.0,20.0
-0.3997770015556319,-0.3940085948358021,-0.3977385236114611,-0.6713935944935128,-0.4233116656156202,-0.5537940092624484,10.0,1.0,4.0,2018.0,22.0,8.0
-0.3968303042830727,-0.3868362176374381,-0.3895418404464186,-0.6513725884851109,-0.415886268625906,-0.6246329825864207,11.0,2.0,4.0,2018.0,23.0,6.0
-0.3899645529605137,-0.3875367689486846,-0.3330236496977677,-0.4200867544879306,-0.3651297703327838,2.8735388760634755,12.0,3.0,4.0,2018.0,23.0,9.0
-0.3319444593178462,-0.3273188391050768,-0.3326118542520816,-0.482013954059193,-0.3647067858382289,0.1980820582805795,13.0,4.0,4.0,2018.0,12.0,1.0
-0.3335653435260445,-0.3218137443901951,-0.3270712846745317,-0.6215672049634073,-0.3596900469021186,-0.2258236906977474,14.0,5.0,4.0,2018.0,8.0,0.0
-0.3259173391294698,-0.3121192651570895,-0.3060290827847117,-0.6186899434518611,-0.340751345508899,-0.0972510311647597,15.0,6.0,4.0,2018.0,14.0,0.0
-0.305166019081301,-0.3167727201543595,-0.3226262192378196,-0.597709480015478,-0.3556023065893463,0.1884863361280468,16.0,0.0,4.0,2018.0,1.0,13.0
-0.321479828603691,-0.3195552906983957,-0.3322356586455364,-0.5288518937607242,-0.3641759677484824,0.1019397456642147,17.0,1.0,4.0,2018.0,14.0,22.0
-0.3292854938561019,-0.319284078673487,-0.3161976314505868,-0.5489721750521868,-0.349724884006258,-0.1786567020407204,18.0,2.0,4.0,2018.0,22.0,1.0
-0.3161048905343454,-0.3033023891376598,-0.308164833403613,-0.5200476062726943,-0.3424523882022547,-0.6874785006707029,19.0,3.0,4.0,2018.0,22.0,0.0
-0.3082759191550405,-0.2966155694495763,-0.2743175971178672,-0.4454772342676986,-0.3120080270630241,0.791560039045339,20.0,4.0,4.0,2018.0,22.0,5.0
-0.2738022631389065,-0.2708439130548012,-0.271264401486222,-0.4937242442945642,-0.3092082260701282,-0.1841089135766491,21.0,5.0,4.0,2018.0,7.0,11.0
-0.2691230638833328,-0.2627851032017618,-0.2769792544513508,-0.5435490232046928,-0.3142838927256838,-0.550781988667193,22.0,6.0,4.0,2018.0,11.0,23.0
-0.2771397724056285,-0.2622034714943811,-0.2690980254164772,-0.5275333791551271,-0.3071486376132469,-0.695187535093737,23.0,0.0,4.0,2018.0,12.0,0.0
-0.2685537113798025,-0.2534137321135314,-0.2220499612370161,-0.3239490702194402,-0.2648177790403858,1.1377213912032889,24.0,1.0,4.0,2018.0,23.0,0.0
-0.2215166150576823,-0.2615060691446076,-0.2743231108976667,-0.3020210901583529,-0.3117414552989744,1.3289638670503314,25.0,2.0,4.0,2018.0,2.0,14.0
-0.2726654154324467,-0.2661057756916393,-0.2475796007626604,-0.4165988180813382,-0.2876565479467206,0.424168481097459,26.0,3.0,4.0,2018.0,23.0,0.0
-0.2466950207830963,-0.2496694934333533,-0.2656508342587164,-0.492762093243518,-0.3038464540643867,-0.112325148592333,27.0,4.0,4.0,2018.0,10.0,23.0
-0.2682512709464845,-0.2531507012140152,-0.2434695573811638,-0.4797891602541632,-0.2838617018215043,0.1958286855926378,28.0,5.0,4.0,2018.0,14.0,0.0
-0.2432728545567312,-0.2366031556503471,-0.2391368052416742,-0.4229748737996661,-0.2799063408738938,-0.2591002883912135,29.0,6.0,4.0,2018.0,2.0,10.0
-0.2383831812040407,-0.2383039653118663,-0.2500933449597806,-0.4326876342626145,-0.2896986916515726,-0.3424303143129569,30.0,0.0,4.0,2018.0,3.0,8.0
-0.2490975289796201,-0.2557392092892301,-0.2575523503132602,-0.4848039088602656,-0.296348328529839,-0.1737762469939472,1.0,1.0,5.0,2018.0,0.0,12.0
-0.2581081329750362,-0.2478934791625358,-0.250377484416628,-0.4932030421161676,-0.2898414112600895,-0.5084453030468004,2.0,2.0,5.0,2018.0,21.0,1.0
-0.2501711685527299,-0.2369546661928226,-0.219204790928028,-0.3495218277497008,-0.2617516309296533,0.516257378800501,3.0,3.0,5.0,2018.0,23.0,5.0
-0.2218559019384033,-0.2118026760204756,-0.2218499069221128,-0.4574245633327781,-0.2640731092790209,-0.6788735218564224,4.0,4.0,5.0,2018.0,9.0,0.0
-0.2215626281822441,-0.2049008934035943,-0.2121907236314213,-0.4881167042290217,-0.2553230574841389,-0.4758547103922634,5.0,5.0,5.0,2018.0,13.0,0.0
-0.2126649600459414,-0.2194347089773986,-0.2246705049515592,-0.5114201259810975,-0.266493885738058,0.0541270301455096,6.0,6.0,5.0,2018.0,1.0,12.0
-0.2249130187273265,-0.2342119207497693,-0.2419641756310919,-0.5021054941148604,-0.2819961471175414,-0.0289442321282294,7.0,0.0,5.0,2018.0,0.0,14.0
-0.2411587072567129,-0.2407723188963632,-0.2504449682867841,-0.500920411043559,-0.2895744537927078,-0.2702676204889965,8.0,1.0,5.0,2018.0,2.0,12.0
-0.2507993555462599,-0.2468514816366592,-0.2448995441857149,-0.5111700911143341,-0.2845241955562372,-0.2316046342396387,9.0,2.0,5.0,2018.0,17.0,4.0
-0.2445274910690356,-0.2462888054424595,-0.2621594129977804,-0.5285362400145558,-0.3000002291188756,-0.2077851381556136,10.0,3.0,5.0,2018.0,13.0,23.0
-0.2612762684095494,-0.2871367014608628,-0.2991322432412359,-0.4427431513182395,-0.3332356806416139,0.6887006831494066,11.0,4.0,5.0,2018.0,0.0,21.0
-0.2987935008940976,-0.2979458513110963,-0.2952413726067738,-0.5331637178241363,-0.3296760451649447,0.1590067409906649,12.0,5.0,5.0,2018.0,13.0,6.0
-0.2942504837116086,-0.2870949622852589,-0.2817980582666539,-0.5849600066632673,-0.3175209718872565,-0.0441520391599535,13.0,6.0,5.0,2018.0,21.0,5.0
-0.2821269839963226,-0.288811578498486,-0.282236883219836,-0.5037255556571727,-0.3178697274120538,0.3301659836824148,14.0,0.0,5.0,2018.0,20.0,5.0
-0.2826122187565132,-0.2832172940807018,-0.2949044327151063,-0.5394373047887594,-0.3292260661963545,-0.0653327477010868,15.0,1.0,5.0,2018.0,10.0,22.0
-0.2949302557315029,-0.3009813266824608,-0.3035914527217817,-0.5364808452052441,-0.336986935052555,-0.1811773799896556,16.0,2.0,5.0,2018.0,0.0,3.0
-0.3031733751883288,-0.3086550988149878,-0.32043835740657,-0.5851688041047594,-0.3521168804259721,0.0160382005309703,17.0,3.0,5.0,2018.0,3.0,23.0
-0.3202423871001748,-0.3136689555400689,-0.3108246328330338,-0.5905024554662939,-0.3434098529454666,-0.2371432462166308,18.0,4.0,5.0,2018.0,19.0,1.0
-0.3101869616474225,-0.3004843773409657,-0.3110572304352326,-0.6475483379657496,-0.3435672107823088,-0.6030702728982658,19.0,5.0,5.0,2018.0,13.0,8.0
-0.3107231823047514,-0.2991003470292073,-0.2947282914234644,-0.621587282174499,-0.328805075465328,-0.0734425667906265,20.0,6.0,5.0,2018.0,21.0,1.0
-0.2938308536016722,-0.2889917484902203,-0.3005130854867036,-0.6235436022909605,-0.3339651615601217,-0.6103754062190381,21.0,0.0,5.0,2018.0,7.0,18.0
-0.3001168575286316,-0.3117873275712212,-0.3236627798739487,-0.6245187771483719,-0.3547760229586598,0.0926859413951344,22.0,1.0,5.0,2018.0,0.0,22.0
-0.3236013451931899,-0.3431917968535688,-0.3533637736151657,-0.551076005743087,-0.3814938455425802,0.5668169748646266,23.0,2.0,5.0,2018.0,0.0,17.0
-0.3528018851519513,-0.354366380595533,-0.3515521073904675,-0.5750433083880676,-0.3798168919008494,0.2005427714591068,24.0,3.0,5.0,2018.0,5.0,9.0
-0.3508889853589685,-0.3504773514319359,-0.3581310355758202,-0.6391182974678765,-0.3856943691580362,-0.2860344736503026,25.0,4.0,5.0,2018.0,6.0,11.0
-0.3573811196961528,-0.3532295746315828,-0.3657569825992139,-0.6833913526254561,-0.3925221567381126,-0.3439273602404589,26.0,5.0,5.0,2018.0,7.0,23.0
-0.365013157298856,-0.3581713448366706,-0.3649996469640176,-0.6831212544322559,-0.3917891146194523,-0.805342823547382,27.0,6.0,5.0,2018.0,18.0,0.0
-0.3644468903108369,-0.3689242147186125,-0.3792517788615932,-0.6297477659807159,-0.4045959153049273,-0.0772555393076569,28.0,0.0,5.0,2018.0,3.0,22.0
-0.3792845952025105,-0.369569751820594,-0.3585944028423526,-0.5960091373981087,-0.3859248334570213,0.3877632987621622,29.0,1.0,5.0,2018.0,20.0,1.0
-0.3584087461447008,-0.3554753707331409,-0.3626491585948772,-0.6361509800841719,-0.3895283266022723,-0.2930311533650351,30.0,2.0,5.0,2018.0,1.0,17.0
-0.3623094368839246,-0.3524702427061721,-0.3572700169074418,-0.6250546415224206,-0.3846260330153753,-0.3286467071531666,31.0,3.0,5.0,2018.0,17.0,2.0
-0.3565086976736202,-0.3495485621582368,-0.3543683902878968,-0.6362095455588503,-0.3819565455709632,-0.5135116669922368,1.0,4.0,6.0,2018.0,7.0,12.0
-0.3542988394797349,-0.3438632665794463,-0.3481085721084433,-0.6352419794923645,-0.3762608386855234,-0.5127135724174233,2.0,5.0,6.0,2018.0,20.0,1.0
-0.3439743450915565,-0.3307282382152839,-0.3433953092303915,-0.6399898927991854,-0.3719574546921004,-1.141491463760778,3.0,6.0,6.0,2018.0,23.0,23.0
-0.3428995372164589,-0.3306661234066189,-0.3423743010492376,-0.6368616244950276,-0.3710331706239395,-1.0346277994709,4.0,0.0,6.0,2018.0,0.0,0.0
-0.3564964454809441,-0.3502023112577854,-0.3487032812057426,-0.634024906176004,-0.376635891218952,-0.3449077580515346,5.0,1.0,6.0,2018.0,18.0,5.0
-0.3488232776568746,-0.343562942096994,-0.347462351122687,-0.6486406715418278,-0.3754706575692887,-0.5891266083353555,6.0,2.0,6.0,2018.0,21.0,18.0
-0.3472987334282276,-0.334154246553653,-0.3459734807458224,-0.6598384236235059,-0.3740819101120577,-0.8888647086344623,7.0,3.0,6.0,2018.0,1.0,0.0
-0.345193153676142,-0.3399976076495237,-0.349245789192113,-0.6738434863249735,-0.376991775625918,-0.7239675070658629,8.0,4.0,6.0,2018.0,0.0,13.0
-0.3484214416849522,-0.341668039094479,-0.354949584631445,-0.6945815098008638,-0.3820985399212201,-0.6806482300918278,9.0,5.0,6.0,2018.0,6.0,23.0
-0.3565792750964507,-0.3936975268377358,-0.4007297191865522,-0.5882977388723558,-0.4234091405729786,1.5346344683835664,10.0,6.0,6.0,2018.0,0.0,23.0
-0.3995407948582586,-0.3938517950777486,-0.3933099995141479,-0.6457655760364575,-0.4166691560752947,-0.4197438684152126,11.0,0.0,6.0,2018.0,23.0,8.0
-0.3930051038263331,-0.4042556550630939,-0.4132284990740432,-0.6506951561689521,-0.4346224360221692,0.1770422386659806,12.0,1.0,6.0,2018.0,2.0,19.0
-0.4119588265010786,-0.4204700281540415,-0.4274947450492549,-0.6291104880867405,-0.4474735526712408,0.1633748103358984,13.0,2.0,6.0,2018.0,5.0,16.0
-0.4275499064380655,-0.4173826875348851,-0.407521617116668,-0.6244265830393476,-0.4293858960562801,0.3266115766678737,14.0,3.0,6.0,2018.0,21.0,1.0
-0.4072225302302609,-0.4110973604346162,-0.4209477008949172,-0.688606234648347,-0.4414779375793727,-0.23578767639082,15.0,4.0,6.0,2018.0,0.0,23.0
-0.4206356556046535,-0.4130940489859198,-0.4152046197745099,-0.7298924644819843,-0.4362440651404659,-0.4320058555013378,16.0,5.0,6.0,2018.0,22.0,15.0
-0.4151091977540359,-0.4069623726822313,-0.4183277864704568,-0.7347819318462604,-0.4390251700961505,-0.8395800360344371,17.0,6.0,6.0,2018.0,8.0,23.0
-0.4172846958868033,-0.410287429020434,-0.4038719144160498,-0.6840606346491456,-0.4259140179191214,0.135461743451681,18.0,0.0,6.0,2018.0,17.0,11.0
-0.403031651250389,-0.3936437783874975,-0.4017165659059042,-0.6830935961995487,-0.4239229971274708,-0.7626139425290973,19.0,1.0,6.0,2018.0,13.0,3.0
-0.4012911508922097,-0.3998424781750853,-0.4013109135301066,-0.6922265473554571,-0.4235128097848574,-0.3930310388188592,20.0,2.0,6.0,2018.0,16.0,1.0
-0.4007187428296265,-0.3933118408016292,-0.4041836527380928,-0.7117252681823744,-0.4260648646038404,-0.8292260470016731,21.0,3.0,6.0,2018.0,2.0,13.0
-0.4033083590834506,-0.4381120230626298,-0.4438322543926681,-0.6276211366863491,-0.4618834392222711,1.6510272859820807,22.0,4.0,6.0,2018.0,0.0,21.0
-0.4430501883408392,-0.4339890445848856,-0.4389968493055771,-0.7170280123019378,-0.4574698624664167,-0.5443781915319048,23.0,5.0,6.0,2018.0,22.0,6.0
-0.4384992027396436,-0.4495047495670394,-0.4383371135660759,-0.6554392650803103,-0.4568298022770379,0.4743914149975801,24.0,6.0,6.0,2018.0,17.0,16.0
-0.4380273884741168,-0.4309623986545142,-0.4336759918665638,-0.6047873772734081,-0.4525737887046355,-0.3235740245473241,25.0,0.0,6.0,2018.0,16.0,12.0
-0.4330224127018729,-0.4326069283477481,-0.4432197753419959,-0.7252503383614067,-0.4611725616386448,-0.3813227396689873,26.0,1.0,6.0,2018.0,5.0,23.0
-0.4433999000700938,-0.4351878109966475,-0.4393251888994081,-0.7243575967005732,-0.4576180431456719,-0.6538368487612873,27.0,2.0,6.0,2018.0,23.0,14.0
-0.4391814012329064,-0.446555901508356,-0.4548943350480258,-0.7150516149743846,-0.471669371258181,0.0564921829994307,28.0,3.0,6.0,2018.0,0.0,23.0
-0.4548277208845366,-0.4489142266743229,-0.4355711439093211,-0.6880183028181476,-0.4541431847072759,0.675037564809774,29.0,4.0,6.0,2018.0,23.0,5.0
-0.4354353157904658,-0.4249849905908385,-0.4241745805902501,-0.6566894116448176,-0.4437913078666539,-0.1478012780404124,30.0,5.0,6.0,2018.0,1.0,0.0
-0.4233209827523386,-0.4202386103579414,-0.4252903119124149,-0.6434339259267513,-0.4447632421377933,-0.6151798789284355,1.0,6.0,7.0,2018.0,0.0,15.0
-0.4252412817912663,-0.4192010584247326,-0.411275662106755,-0.6646584538282594,-0.4320369628226537,0.3398779582579632,2.0,0.0,7.0,2018.0,15.0,6.0
-0.4119723069086651,-0.4102197880931085,-0.4164670356190642,-0.6497227027039155,-0.4367066441286414,-0.3171390594557987,3.0,1.0,7.0,2018.0,4.0,23.0
-0.4147815639367649,-0.4100484475423674,-0.4122962807273827,-0.676603603002508,-0.4328944309072372,0.0757828707307024,4.0,2.0,7.0,2018.0,13.0,1.0
-0.4117851988513648,-0.4039667224118499,-0.4097438501730784,-0.6319909986075505,-0.4305460916790031,-0.3988891171741015,5.0,3.0,7.0,2018.0,11.0,19.0
-0.4093937445890588,-0.4047949918957872,-0.4076351590278707,-0.6691584982744927,-0.4285927182654518,-0.542047715234877,6.0,4.0,7.0,2018.0,22.0,7.0
-0.4075519913916745,-0.4019061593381201,-0.3963779085473205,-0.6882976204222503,-0.4183537632181438,-0.0892323993516971,7.0,5.0,7.0,2018.0,23.0,13.0
-0.3959511720132081,-0.391237385250806,-0.4014747686819777,-0.7194768072456555,-0.4229267041779926,-0.6741609897515757,8.0,6.0,7.0,2018.0,15.0,23.0
-0.4010260961225982,-0.3927320614245267,-0.4034466042166188,-0.7014744912238563,-0.424675742587022,-0.757971918617089,9.0,0.0,7.0,2018.0,22.0,23.0
-0.4032267576828604,-0.4182513995632252,-0.4287190738605225,-0.6833430756801132,-0.4475370613229566,0.522766181581139,10.0,1.0,7.0,2018.0,0.0,23.0
-0.4282848882161387,-0.4176349440466128,-0.4247447174080077,-0.7054484322084874,-0.4439008012536727,-0.7266868746087625,11.0,2.0,7.0,2018.0,14.0,0.0
-0.4242351341254697,-0.4299040080056779,-0.4349261215713473,-0.6986519907915257,-0.4530915604572799,-0.1396706614785473,12.0,3.0,7.0,2018.0,0.0,23.0
-0.4341586313226423,-0.4263747013821233,-0.4343590712716328,-0.6967412262280325,-0.4525414261509235,-0.7036297079241159,13.0,4.0,7.0,2018.0,18.0,20.0
-0.4333935732574207,-0.4251114430045026,-0.432022667013937,-0.7445635601978775,-0.4503904951344998,-0.8386662104200531,14.0,5.0,7.0,2018.0,20.0,9.0
-0.431847520289558,-0.4223111827063119,-0.4268969794001102,-0.724941182633766,-0.4457087400272552,-0.5883361521831472,15.0,6.0,7.0,2018.0,16.0,2.0
-0.4266750579421643,-0.415956948919691,-0.4034466042166188,-0.6468215595858148,-0.4244151883185619,0.372328666616363,16.0,0.0,7.0,2018.0,23.0,0.0
-0.4031997669112231,-0.3952718532134228,-0.3678951305136803,-0.5797765594992365,-0.392133172106957,1.5065324332631207,17.0,1.0,7.0,2018.0,18.0,6.0
-0.3678819378155624,-0.3575700475561656,-0.3648425641721179,-0.5721042046232693,-0.389313328789217,-0.2939934073675534,18.0,2.0,7.0,2018.0,18.0,20.0
-0.3640241746853893,-0.3566223027692854,-0.3589460561355475,-0.6258953296117583,-0.383913185931413,-0.4965458858126123,19.0,3.0,7.0,2018.0,23.0,1.0
-0.3585516983780401,-0.354864626568223,-0.3658643814405281,-0.6353737726373733,-0.3901425244636772,-0.2537681199554364,20.0,4.0,7.0,2018.0,16.0,22.0
-0.3655873927055757,-0.3587119165562161,-0.3618654527084715,-0.701014562027858,-0.3864736925329325,-0.5778464840902557,21.0,5.0,7.0,2018.0,18.0,1.0
-0.3615947056736925,-0.3510356437778103,-0.3619145373351659,-0.702704032960383,-0.3864634828676624,-0.6569248721726053,22.0,6.0,7.0,2018.0,21.0,22.0
-0.3617842701608197,-0.3494372679806802,-0.3439562464264151,-0.6247644800027836,-0.3701168804979715,0.0707190534832571,23.0,0.0,7.0,2018.0,19.0,0.0
-0.3432686008197154,-0.3306970264500981,-0.3001890909910873,-0.5084148757200053,-0.3303447422378909,1.217220180031092,24.0,1.0,7.0,2018.0,23.0,0.0
-0.3025837721169575,-0.3066167019602484,-0.315094785592078,-0.5860978819076585,-0.3438144575250548,-0.1735913352642842,25.0,2.0,7.0,2018.0,0.0,15.0
-0.3150263381015818,-0.3197456176344924,-0.3291984050293988,-0.6374228422490579,-0.3565636498163703,0.108629747074344,26.0,3.0,7.0,2018.0,10.0,23.0
-0.3289192461602079,-0.3222082907394693,-0.3161000615210894,-0.6213258618906573,-0.3446169913897779,0.1825055027699794,27.0,4.0,7.0,2018.0,19.0,13.0
-0.3155042634852145,-0.3050733403723833,-0.314434420562494,-0.6867968836047805,-0.3430565850800126,-0.8397189333829765,28.0,5.0,7.0,2018.0,5.0,15.0
-0.3132489912959995,-0.3031506215435258,-0.312819782067045,-0.6803730646733437,-0.3415341443403754,-0.7813474070345883,29.0,6.0,7.0,2018.0,2.0,11.0
-0.3122821213440083,-0.3172930706017035,-0.3151506413800989,-0.6020435438249939,-0.343606050414563,-0.193357848176523,30.0,0.0,7.0,2018.0,1.0,18.0
-0.3147594679704184,-0.3312388750426487,-0.3397014027968494,-0.6163550434651003,-0.3658569277789094,0.3389513062514481,31.0,1.0,7.0,2018.0,0.0,23.0
-0.3400458271963019,-0.3433770422302656,-0.3492463981051865,-0.6429262595513721,-0.3744809515656182,-0.3147143845368915,1.0,2.0,8.0,2018.0,0.0,22.0
-0.3483189869925228,-0.342207989665941,-0.3527911735762182,-0.6745740526123433,-0.3776540801732817,-0.5527707048758902,2.0,3.0,8.0,2018.0,2.0,13.0
-0.3527393144920979,-0.354523822494756,-0.3609387565321421,-0.652172029603477,-0.3850061619932766,-0.3954214827901186,3.0,4.0,8.0,2018.0,0.0,4.0
-0.3603143018116336,-0.3763103088449437,-0.3855815740985904,-0.6716300718624855,-0.4073459726103738,0.5924085908295812,4.0,5.0,8.0,2018.0,2.0,17.0
-0.3853202877318535,-0.3790524294352497,-0.3833949336894343,-0.7035908120296963,-0.4053138840247343,-0.5980846758732384,5.0,6.0,8.0,2018.0,21.0,1.0
-0.3833656502004661,-0.3822238559699453,-0.3905556747205972,-0.6902056792136055,-0.4117846229571497,-0.1830007516187369,6.0,0.0,8.0,2018.0,2.0,22.0
-0.3897841743226806,-0.3912209452021459,-0.4027488186019091,-0.6491537442547374,-0.4228251013829643,0.2874245575009324,7.0,1.0,8.0,2018.0,16.0,23.0
-0.4027580349241401,-0.4242262896926125,-0.4302011898571357,-0.6284553033268039,-0.4477401469563604,0.80336695007606,8.0,2.0,8.0,2018.0,0.0,18.0
-0.4298315439080059,-0.4227815708665002,-0.4140956596136654,-0.6717032917226975,-0.4330584542313885,0.3519314987553009,9.0,3.0,8.0,2018.0,22.0,13.0
-0.4135208115133209,-0.4306563949274319,-0.4376325759684103,-0.6575127404442747,-0.4544149806134003,0.6443414129528019,10.0,4.0,8.0,2018.0,0.0,23.0
-0.4371795331463698,-0.4316357688712604,-0.4308191934754405,-0.6835914851744538,-0.4481753607877035,0.25649618097297,11.0,5.0,8.0,2018.0,18.0,7.0
-0.4311757406535395,-0.423513098079547,-0.4291646376115379,-0.5958686689471142,-0.4466311271528614,-0.4847114018642624,12.0,6.0,8.0,2018.0,19.0,0.0
-0.4276351840955869,-0.4242579027960285,-0.4307062712651445,-0.6816319047674464,-0.4479955379824182,0.0763994555510614,13.0,0.0,8.0,2018.0,9.0,17.0
-0.4309297238142154,-0.4403597208899466,-0.4367120144714319,-0.6155865061175416,-0.4534240096373691,0.1101583387770758,14.0,1.0,8.0,2018.0,0.0,3.0
-0.4349936029755181,-0.4245297754854063,-0.4300342613723502,-0.6376202603480082,-0.4473074921537766,0.3329337063655097,15.0,2.0,8.0,2018.0,18.0,0.0
-0.4305266488430536,-0.4210529663717119,-0.4284257335832966,-0.668374228745058,-0.4458038902794445,-0.3841141008095055,16.0,3.0,8.0,2018.0,10.0,0.0
-0.427662791970324,-0.4179827017679476,-0.4133346621094966,-0.6323299898553566,-0.432030825217935,-0.1432376881928298,17.0,4.0,8.0,2018.0,23.0,0.0
-0.4127839880120038,-0.4161643160594578,-0.4229618942448971,-0.6870263101723995,-0.4407502278739179,-0.1580272917569515,18.0,5.0,8.0,2018.0,1.0,17.0
-0.4226528829680296,-0.4156698871220312,-0.4179104664571441,-0.7235467493381464,-0.4361148730419952,-0.4836240846143805,19.0,6.0,8.0,2018.0,21.0,3.0
-0.417871199063562,-0.4196923384006862,-0.4300336476646856,-0.7043506714678965,-0.447111483641713,-0.2429222935410319,20.0,0.0,8.0,2018.0,2.0,23.0
-0.4301070091470495,-0.4196727382765683,-0.4189727944246572,-0.7199665693584465,-0.4370029279513448,-0.3622251123400678,21.0,1.0,8.0,2018.0,21.0,0.0
-0.4187460619385647,-0.4189222432014718,-0.4258493888070862,-0.6499504848077111,-0.4432226557775821,0.8279598313676881,22.0,2.0,8.0,2018.0,2.0,22.0
-0.4257958861297678,-0.4150509025571454,-0.4161423746752808,-0.7173089596174179,-0.4343448570316383,-0.4829034063858991,23.0,3.0,8.0,2018.0,22.0,0.0
-0.4147416930850287,-0.4070022064274255,-0.4047838732178961,-0.6808812656079395,-0.4239605012265359,-0.3201824115676777,24.0,4.0,8.0,2018.0,23.0,1.0
-0.4044083723250918,-0.3942102802611652,-0.4021308149836043,-0.7234691905232552,-0.4215074529047276,-0.8533142554112786,25.0,5.0,8.0,2018.0,2.0,7.0
-0.4022801119370243,-0.3992816543111639,-0.4055632819520045,-0.7243966420859407,-0.4245871246876461,-0.6045944741286129,26.0,6.0,8.0,2018.0,0.0,6.0
-0.4049697324447464,-0.3949215750880258,-0.3946773353964021,-0.6851562207056512,-0.4146188091761386,-0.4427868369553858,27.0,0.0,8.0,2018.0,23.0,4.0
-0.3939094043167324,-0.382742310865968,-0.3816888263817009,-0.6503936005543275,-0.4027408749689795,-0.341118071381042,28.0,1.0,8.0,2018.0,20.0,3.0
-0.3816005867422735,-0.3771480560854683,-0.384703358430473,-0.6782746385843919,-0.4054482351189809,-0.6747262310809714,29.0,2.0,8.0,2018.0,10.0,16.0
-0.3845423591725945,-0.3857550396215152,-0.3889336453629213,-0.6610614630025502,-0.4092596171013826,-0.3199934059056384,30.0,3.0,8.0,2018.0,1.0,19.0
-0.3888240337901566,-0.3803510957235799,-0.3852912903732099,-0.6593041863574619,-0.4058961037932399,-0.6862544444785766,31.0,4.0,8.0,2018.0,18.0,13.0
-0.3844779407982078,-0.3728973582001496,-0.3757377031575676,-0.6798925263104099,-0.3971432772935322,-0.4442280701713105,1.0,5.0,9.0,2018.0,19.0,0.0
-0.3755961807411156,-0.3669471398751854,-0.3708605683465757,-0.6683134833795488,-0.3926560803343074,-0.567732008714905,2.0,6.0,9.0,2018.0,9.0,2.0
-0.3701083487517055,-0.362142580418018,-0.3716375222500255,-0.6814268891588527,-0.3933211190213198,-0.8044198782378114,3.0,0.0,9.0,2018.0,20.0,5.0
-0.3710918026006741,-0.3591526130969303,-0.3654022523771583,-0.671345327961661,-0.3875980760890391,-0.7214410948937272,4.0,1.0,9.0,2018.0,18.0,0.0
-0.3650511996081943,-0.3884016886395048,-0.4003117854655749,-0.58853529316988,-0.4193949761903064,0.9002610078060659,5.0,2.0,9.0,2018.0,2.0,23.0
-0.4022494365206498,-0.4129404117730916,-0.4164928017517973,-0.6035583813773802,-0.4341108574664438,0.1483789112494089,6.0,3.0,9.0,2018.0,0.0,0.0
-0.4161282219051591,-0.4134367374967232,-0.4203039263492881,-0.6718312908857348,-0.4375468971293932,-0.5666496444725451,7.0,4.0,9.0,2018.0,6.0,10.0
-0.4203460916566621,-0.4260408818286923,-0.4350998044363903,-0.6951325622518716,-0.4510047181090714,0.1548387903531152,8.0,5.0,9.0,2018.0,11.0,20.0
-0.4348733553433298,-0.4258069448634137,-0.4305043614434739,-0.7039824026894969,-0.4467711720647671,-0.1753487682431009,9.0,6.0,9.0,2018.0,14.0,3.0
-0.430076333730675,-0.4200192178900079,-0.4287344285386167,-0.7016930617268679,-0.445121467811447,-0.8571340085066117,10.0,0.0,9.0,2018.0,2.0,0.0
-0.4282167899900486,-0.4220772309223911,-0.4292560800535711,-0.6943271437895395,-0.4455615551802732,-0.6277087079777173,11.0,1.0,9.0,2018.0,3.0,18.0
-0.4291290768730283,-0.4217686870330507,-0.4273781345997351,-0.6827030842038814,-0.4438045989411513,-0.7900704470898512,12.0,2.0,9.0,2018.0,23.0,12.0
-0.426844985369778,-0.4161320706939735,-0.4172206590420749,-0.6747476107995125,-0.4344956016578237,-0.4566557551602538,13.0,3.0,9.0,2018.0,14.0,0.0
-0.4169570716555999,-0.4096874234315827,-0.417502964567815,-0.6820527833713317,-0.4347178828536868,-0.6388401213951275,14.0,4.0,9.0,2018.0,7.0,11.0
-0.4173257901604222,-0.4073240278202006,-0.4156317698982901,-0.7286922072183788,-0.4329729332484013,-0.923819264583812,15.0,5.0,9.0,2018.0,14.0,3.0
-0.4156521394430258,-0.4094389444387327,-0.4172286372417154,-0.7255773801280263,-0.4343937441268495,-0.8613240741685634,16.0,6.0,9.0,2018.0,0.0,4.0
-0.4170398952798112,-0.4222473094187693,-0.4317109107121803,-0.69102574164798,-0.4475820979218624,-0.0711694495161937,17.0,0.0,9.0,2018.0,1.0,21.0
-0.4313438419352721,-0.4217294867848148,-0.4261814046536631,-0.676419193089686,-0.4424966637919617,-0.7065577604558224,18.0,1.0,9.0,2018.0,14.0,12.0
-0.4257645972050657,-0.4253567742707695,-0.4245096649751503,-0.6627921635502282,-0.4409295639262762,-0.2191047251496921,19.0,2.0,9.0,2018.0,21.0,19.0
-0.4241081247208391,-0.4134949056070087,-0.417075824033217,-0.6673063035246325,-0.4340992931111251,-0.6555009765391999,20.0,3.0,9.0,2018.0,23.0,21.0
-0.4170515519380336,-0.4071463621790026,-0.4038639254285823,-0.5488620610603373,-0.4219922298072641,-0.0103878621751947,21.0,4.0,9.0,2018.0,20.0,1.0
-0.4034819747505799,-0.3995313978281505,-0.4046599042696364,-0.6585443269192617,-0.4226773727666618,-0.4346135779335278,22.0,5.0,9.0,2018.0,0.0,9.0
-0.4046924266807203,-0.3955721727563276,-0.4053564624690167,-0.6754749280776186,-0.4232726428236759,-0.8605601505421769,23.0,6.0,9.0,2018.0,11.0,22.0
-0.4053396779662237,-0.4018012186534211,-0.4124276021811405,-0.6765699717647893,-0.429693928750058,-0.6826287858033868,24.0,0.0,9.0,2018.0,2.0,23.0
-0.4115440876821437,-0.4143857628612723,-0.4215681641384718,-0.6468009460799248,-0.4380023452921385,-0.3252832788748361,25.0,1.0,9.0,2018.0,0.0,18.0
-0.4207988608023508,-0.4133722467657545,-0.4185898408419142,-0.6624689114266256,-0.4352438191365455,-0.4404411601443471,26.0,2.0,9.0,2018.0,15.0,4.0
-0.4181914504105125,-0.4091322973355973,-0.4074357040368587,-0.6532752088306714,-0.4250099827079986,-0.2096225523494966,27.0,3.0,9.0,2018.0,22.0,8.0
-0.4069360266343562,-0.4006998181304068,-0.4094376184389545,-0.6311671500013228,-0.4267984240744959,-0.4710504999893686,28.0,4.0,9.0,2018.0,7.0,19.0
-0.4091231838218628,-0.4061796334765405,-0.4120256236607932,-0.6664612921008524,-0.4291236686072782,-0.682589033018317,29.0,5.0,9.0,2018.0,0.0,6.0
-0.4114784422911022,-0.4027091469835294,-0.4105772735722138,-0.6860630622336104,-0.4277556660628492,-0.8921692854730758,30.0,6.0,9.0,2018.0,11.0,5.0
-0.4105495906832803,-0.4038130765548169,-0.4127829389189742,-0.6861341126164827,-0.4297303095758829,-0.7873146089976953,1.0,0.0,10.0,2018.0,4.0,14.0
-0.4121821363427347,-0.4045199455471993,-0.4148400870108886,-0.6873115964425589,-0.4315756823937932,-0.9046043078190096,2.0,1.0,10.0,2018.0,4.0,17.0
-0.4145981321363957,-0.4098227275142033,-0.4181240367244431,-0.6922986824769993,-0.4345409433812173,-0.7310107463407546,3.0,2.0,10.0,2018.0,11.0,8.0
-0.4180307112287098,-0.4070483615584129,-0.4135764629293696,-0.6949508685246788,-0.4303418450944988,-0.7749605633317905,4.0,3.0,10.0,2018.0,19.0,0.0
-0.4133533237399158,-0.403286402251906,-0.4107662955329267,-0.704003555093558,-0.4277354055217489,-0.934211397750092,5.0,4.0,10.0,2018.0,22.0,5.0
-0.4103900785181325,-0.4019972198946004,-0.4128633346230436,-0.7263361548275566,-0.4296208095058614,-0.996609423700926,6.0,5.0,10.0,2018.0,0.0,14.0
-0.4123391944745725,-0.4033097959484338,-0.4119648666019926,-0.7237929850161928,-0.4287601899994877,-0.8631937888849547,7.0,6.0,10.0,2018.0,23.0,9.0
-0.4117557480551283,-0.4021084980186249,-0.4089405152305861,-0.6873007490558608,-0.4259571358377088,-0.8065034468489041,8.0,0.0,10.0,2018.0,20.0,9.0
-0.4085109025110265,-0.4001548082275146,-0.4095290608809876,-0.7089223025918006,-0.426460461180424,-0.9830038300917768,9.0,1.0,10.0,2018.0,5.0,14.0
-0.4092955796618879,-0.4044529257679572,-0.413033945353817,-0.6977039352686505,-0.4296297732128865,-0.799840675208839,10.0,2.0,10.0,2018.0,0.0,6.0
-0.4125809167556041,-0.423118566548915,-0.4332427250431525,-0.6220981923523965,-0.4480867440854285,0.1535517933089022,11.0,3.0,10.0,2018.0,0.0,23.0
-0.433899717627601,-0.4235782210725839,-0.4321171851861801,-0.6979290185426356,-0.4470228052806284,-0.8130406383441832,12.0,4.0,10.0,2018.0,7.0,0.0
-0.4315174647919521,-0.4221025214051239,-0.4314169447408119,-0.7369508650809589,-0.4463460363927746,-0.9941405962888796,13.0,5.0,10.0,2018.0,10.0,22.0
-0.4308788026230336,-0.4208165003581601,-0.4311137731544736,-0.7357961607669486,-0.4460396121290291,-0.8529719040325614,14.0,6.0,10.0,2018.0,19.0,0.0
-0.4306241966671247,-0.4221739670188441,-0.4123582532150348,-0.5033664941406023,-0.4288213685769231,1.712064075596223,15.0,0.0,10.0,2018.0,7.0,0.0
-0.4116809000391743,-0.4024037644045306,-0.4123846426446149,-0.682129799816888,-0.4288094143981688,-0.7940216943226115,16.0,1.0,10.0,2018.0,6.0,16.0
-0.4123490106078123,-0.4058129214769146,-0.4155562838555379,-0.6813910927827491,-0.4316784447806123,-0.865897065987672,17.0,2.0,10.0,2018.0,5.0,13.0
-0.4153055072379932,-0.4100750000794632,-0.4197123121605632,-0.6903043904325581,-0.4354484746267288,-0.7299158854682749,18.0,3.0,10.0,2018.0,3.0,22.0
-0.4192479117504527,-0.4103740600377787,-0.4204058018216203,-0.7090275222427719,-0.4360462518121741,-1.0016616370100908,19.0,4.0,10.0,2018.0,4.0,14.0
-0.4203000785321003,-0.4101407553345685,-0.4189464049950772,-0.7198608073381403,-0.4346721203931042,-0.9997454563436734,20.0,5.0,10.0,2018.0,13.0,1.0
-0.418510474740808,-0.4084336477501031,-0.4193661810376993,-0.7266686272298527,-0.4350207163595919,-0.8742910816017142,21.0,6.0,10.0,2018.0,14.0,1.0
-0.4187583321051145,-0.4092568529630564,-0.4190709876510016,-0.7039297928640111,-0.4347089271857298,-0.8723344873595636,22.0,0.0,10.0,2018.0,12.0,10.0
-0.4195982250054502,-0.4099972318450597,-0.4197718418040345,-0.7015818760132126,-0.4353105072008023,-0.9760033690171565,23.0,1.0,10.0,2018.0,23.0,23.0
-0.4191976040675983,-0.408885082866884,-0.4185382893980834,-0.7173908573869884,-0.4341506685866743,-0.982659570269175,24.0,2.0,10.0,2018.0,6.0,0.0
-0.4188442232709633,-0.4102653109620276,-0.4197380878824787,-0.7279193309161408,-0.4352139131767348,-0.9649168459759848,25.0,3.0,10.0,2018.0,15.0,4.0
-0.4198387202698268,-0.4101021873484009,-0.4198325988628351,-0.7238244424376172,-0.4352632683157098,-1.0001326322889303,26.0,4.0,10.0,2018.0,9.0,14.0
-0.4190779699437375,-0.4098543406176193,-0.4194870814476358,-0.7190949818372562,-0.4349107557301208,-0.9797264923277303,27.0,5.0,10.0,2018.0,22.0,21.0
-0.4189663114281341,-0.4102096719000154,-0.4191182431411798,-0.7162779155117658,-0.4345362700321043,-0.9778294629675656,28.0,6.0,10.0,2018.0,23.0,11.0
-0.4183718218587949,-0.4191195089667878,-0.4285546121928735,-0.6753442170679067,-0.4431512972061106,-0.410774586085772,29.0,0.0,10.0,2018.0,0.0,21.0
-0.4279002196930631,-0.4189203464152669,-0.4284539641358705,-0.6980591871830125,-0.4430194365749629,-0.9708767972619609,30.0,1.0,10.0,2018.0,2.0,2.0
-0.4279032872347006,-0.4184942017812189,-0.4294764011051813,-0.6758144512812683,-0.4439162118035196,-1.0631113590738133,31.0,2.0,10.0,2018.0,1.0,3.0
-0.4290597504320217,-0.4188134941257207,-0.4257837220869684,-0.6976090206350424,-0.4404880794400673,-0.230524037293552,1.0,3.0,11.0,2018.0,4.0,0.0
-0.4253308468175293,-0.4178303266094824,-0.4251295097164491,-0.673448093873083,-0.439850870784091,-0.9129533383197992,2.0,4.0,11.0,2018.0,22.0,16.0
-0.4248204078890565,-0.4168825657690699,-0.426797567148974,-0.7047010420582444,-0.4413400256937397,-0.961083102939871,3.0,5.0,11.0,2018.0,1.0,13.0
-0.4261560155180052,-0.4199047784556419,-0.4258849838516361,-0.6650332336420507,-0.4404705793294182,-0.8123561981619773,4.0,6.0,11.0,2018.0,23.0,19.0
-0.4262695145585911,-0.4155390088738889,-0.4232135143874046,-0.6767061064678501,-0.4379823095594601,-0.7190109465066897,5.0,0.0,11.0,2018.0,2.0,0.0
-0.4219896804660115,-0.4127229136215894,-0.4206758331940674,-0.6482186995213632,-0.4359080069151162,-0.9720597440317076,6.0,1.0,11.0,2018.0,23.0,6.0
-0.4198350392198618,-0.4089198572806415,-0.416433272108326,-0.6351356664248139,-0.4316904834192834,-0.8593280822651138,7.0,2.0,11.0,2018.0,8.0,0.0
-0.4165362049429408,-0.4108027337201,-0.4211232260815989,-0.6501050600681586,-0.4359639259305631,-0.8043632907072478,8.0,3.0,11.0,2018.0,1.0,23.0
-0.4214240257880644,-0.4149225533572764,-0.425302575277881,-0.6673762691688351,-0.4397680454291389,-0.8610334868857603,9.0,4.0,11.0,2018.0,1.0,21.0
-0.4248885073134081,-0.4141676324477017,-0.4238542251893016,-0.7021692620029134,-0.4384042656108302,-0.984278920131017,10.0,5.0,11.0,2018.0,21.0,0.0
-0.4232013594128069,-0.4163894013557799,-0.4237284151180479,-0.6894919211688721,-0.438250788749003,-0.899943668977897,11.0,6.0,11.0,2018.0,0.0,17.0
-0.4233160854700478,-0.4157381714254098,-0.426183245776657,-0.670145064623519,-0.4404691148321215,-0.8971918522378942,12.0,0.0,11.0,2018.0,3.0,22.0
-0.4256823870891819,-0.4168635979070203,-0.4269061934056175,-0.6588621553495153,-0.4411023790416549,-0.9812910331399542,13.0,1.0,11.0,2018.0,17.0,23.0
-0.4270290378680254,-0.4673547821589585,-0.4650260312878302,-0.5018386397241783,-0.4760823467710546,2.1789464682422346,14.0,2.0,11.0,2018.0,9.0,20.0
-0.4647653215836909,-0.4790965210297385,-0.4705690389149698,-0.5217327469284495,-0.481144788465825,0.6850900058442846,15.0,3.0,11.0,2018.0,0.0,15.0
-0.4703378177222947,-0.4702094453974256,-0.4750171920683697,-0.6168003286890563,-0.485202531692315,-0.4698559757093505,16.0,4.0,11.0,2018.0,0.0,22.0
-0.474432372299972,-0.4689057210125487,-0.4763194797327618,-0.6697447960543599,-0.4863663171192203,-0.921042928259385,17.0,5.0,11.0,2018.0,0.0,10.0
-0.4755882219889657,-0.4663652920220369,-0.4720720089857033,-0.6775261689022246,-0.4824356198218303,-0.7577833670558569,18.0,6.0,11.0,2018.0,19.0,0.0
-0.4718433671579585,-0.5116877338654552,-0.5182258939058793,-0.5213303088819509,-0.5248213471851988,2.388936939648061,19.0,0.0,11.0,2018.0,0.0,21.0
-0.5182767449241413,-0.5477772527251892,-0.5439782949300189,-0.4460098522358563,-0.5484632649694996,2.4228628784675874,20.0,1.0,11.0,2018.0,2.0,20.0
-0.5427183031830691,-0.5432331852401697,-0.534754268730295,-0.5711979150103453,-0.5399663568298502,0.7289058028495528,21.0,2.0,11.0,2018.0,9.0,1.0
-0.533759241076713,-0.5418637056001874,-0.5492518848923761,-0.6553058396205511,-0.5532698508061501,0.2875181087644128,22.0,3.0,11.0,2018.0,2.0,23.0
-0.5491503244884884,-0.5526096317133626,-0.5504074964249165,-0.6389197772744377,-0.5543098967946669,-0.0028785513043085,23.0,4.0,11.0,2018.0,9.0,5.0
-0.5499484988225548,-0.5779329920737352,-0.5790277533659762,-0.6493327261352556,-0.5805981622450411,2.485702597765959,24.0,5.0,11.0,2018.0,1.0,22.0
-0.5785938161414533,-0.5912168181291488,-0.571098036631004,-0.5329326736942128,-0.5732869814030496,2.380540545446549,25.0,6.0,11.0,2018.0,22.0,10.0
-0.5703550128115721,-0.5874953235950143,-0.5852648643618377,-0.5518472618796477,-0.5862960518623966,1.7927440885103756,26.0,0.0,11.0,2018.0,6.0,16.0
-0.5856387322660365,-0.5864147877202546,-0.5827124541845488,-0.5777822787360773,-0.5839288373578477,0.1937165547363971,27.0,1.0,11.0,2018.0,22.0,10.0
-0.5821711831990555,-0.576206284365152,-0.5559118404691828,-0.5082743942521467,-0.5592614537199602,2.622209739591984,28.0,2.0,11.0,2018.0,20.0,0.0
-0.5547759262434293,-0.5557655591831734,-0.5545968824884712,-0.5504128160895948,-0.55803367311615,0.4262328545109535,29.0,3.0,11.0,2018.0,11.0,4.0
-0.5535437209952238,-0.56859687850897,-0.5706501247235359,-0.5751085759829898,-0.57278292968563,1.1003176084210504,30.0,4.0,11.0,2018.0,5.0,12.0
-0.5697786682399846,-0.5668968170414082,-0.5585353221813659,-0.6115939034461223,-0.5616179100256982,0.9907098534240923,1.0,5.0,12.0,2018.0,20.0,6.0
-0.5589644221316462,-0.5579649879771906,-0.5631254791671728,-0.617701860685903,-0.5658214131149719,-0.0203571591890216,2.0,6.0,12.0,2018.0,2.0,10.0
-0.5622411340774335,-0.5750697131031218,-0.5782071705611881,-0.6270917329333776,-0.5796787077221983,0.7752615406390606,3.0,0.0,12.0,2018.0,0.0,16.0
-0.5782554738879399,-0.575556322851756,-0.5743553594254548,-0.630427399486007,-0.5761125717578418,0.4234434453939099,4.0,1.0,12.0,2018.0,15.0,6.0
-0.5738014127219363,-0.580535709839504,-0.586807429216791,-0.6155441159665195,-0.5875508754982753,0.2149393605969872,5.0,2.0,12.0,2018.0,0.0,23.0
-0.5863673060975642,-0.5952606573262623,-0.6011002574394787,-0.5843116945347309,-0.6006850221551531,1.2460806963418336,6.0,3.0,12.0,2018.0,9.0,23.0
-0.6011825541889286,-0.6104901416571137,-0.6073088017851498,-0.5323916359628054,-0.6063828331671275,0.5181011026737202,7.0,4.0,12.0,2018.0,0.0,17.0
-0.6067458480099879,-0.6060376288012325,-0.6038611446824256,-0.6154061955916094,-0.6031917551733164,-0.0190073942437084,8.0,5.0,12.0,2018.0,23.0,21.0
-0.6035974940200319,-0.5985488858171492,-0.5953846415281704,-0.6348041243334518,-0.5953704278454378,0.4170948907182723,9.0,6.0,12.0,2018.0,17.0,0.0
-0.5950808465768617,-0.5984824943812153,-0.6022322859091439,-0.6308125087926625,-0.6016567162193969,0.0753542207242382,10.0,0.0,12.0,2018.0,1.0,20.0
-0.6021050053594674,-0.60340745972377,-0.6070233740462141,-0.6483963152885092,-0.6060501249943104,-0.2995809329448837,11.0,1.0,12.0,2018.0,6.0,16.0
-0.6067735804391856,-0.6020650851706697,-0.6031961660628936,-0.6786280014833092,-0.6025093523691635,-0.2810857621288081,12.0,2.0,12.0,2018.0,16.0,0.0
-0.6026985977434309,-0.6093581896303093,-0.6138300559089042,-0.667563253369909,-0.6122838510351498,0.2276413325854634,13.0,3.0,12.0,2018.0,0.0,21.0
-0.6135041630929915,-0.6151490570860796,-0.6181991938881028,-0.6659691644284785,-0.6162881659200139,-0.2330864881614823,14.0,4.0,12.0,2018.0,1.0,21.0
-0.6176609503191828,-0.6161125441467752,-0.6185504260134459,-0.7104976923513658,-0.6165921063894461,-0.523853914865643,15.0,5.0,12.0,2018.0,4.0,15.0
-0.6181347485106684,-0.6134244042330119,-0.6175637448230185,-0.700057872723878,-0.6156683427758091,-0.6194062839410003,16.0,6.0,12.0,2018.0,12.0,1.0
-0.6171010962182977,-0.6122039360060134,-0.5995805308947383,-0.6097534368354385,-0.5990792809649332,1.549790375662133,17.0,0.0,12.0,2018.0,20.0,2.0
-0.5992088269649427,-0.5974060819584383,-0.5903629874621416,-0.5825222899109757,-0.5905676624735374,0.3697237792100432,18.0,1.0,12.0,2018.0,23.0,9.0
-0.5892661094617027,-0.5847569951697029,-0.5873010994580191,-0.5337435636445647,-0.5877239962497355,0.6360481252489886,19.0,2.0,12.0,2018.0,13.0,0.0
-0.5870961100493169,-0.5821176416055893,-0.56345914349759,-0.4189543394356327,-0.5657313669071495,2.0039231381013445,20.0,3.0,12.0,2018.0,17.0,0.0
-0.5630767434571051,-0.574405844241993,-0.5780590945535612,-0.5123022618005011,-0.5791641811265639,0.9819195088731552,21.0,4.0,12.0,2018.0,1.0,20.0
-0.5775322211656729,-0.5741028158686765,-0.570839511425443,-0.5990917945813904,-0.572481639055892,-0.1423963673872436,22.0,5.0,12.0,2018.0,23.0,5.0
-0.5699915291561262,-0.566473511884296,-0.571772480375474,-0.5695081367756941,-0.5733130917792169,-0.490967068394172,23.0,6.0,12.0,2018.0,10.0,22.0
-0.5712592147554292,-0.5649607585451094,-0.5668862103454638,-0.5104065294028508,-0.5687831476645898,0.5623454044313939,24.0,0.0,12.0,2018.0,6.0,0.0
-0.5663082829859698,-0.580154736181966,-0.5830333858778604,-0.5691321770092115,-0.5836463901476296,0.8961600304487438,25.0,1.0,12.0,2018.0,0.0,18.0
-0.5823431685615178,-0.5795323738322194,-0.5804676637657763,-0.6142388312285844,-0.5812561257194694,-0.3577302752885948,26.0,2.0,12.0,2018.0,2.0,14.0
-0.580194546905087,-0.5873986862793934,-0.5928930334705537,-0.6248869271223958,-0.5926888043574359,0.3432663130733294,27.0,3.0,12.0,2018.0,1.0,23.0
-0.5925602148931239,-0.5875767524213082,-0.5763790773579056,-0.5976962177640278,-0.5774311821531621,1.027416551737376,28.0,4.0,12.0,2018.0,19.0,7.0
-0.5754212535938851,-0.5763366136713536,-0.5827315599971626,-0.6324023464002646,-0.5832693812518396,-0.2510038229932148,29.0,5.0,12.0,2018.0,23.0,23.0
-0.5821764081519292,-0.5778028016015352,-0.579936496277749,-0.6443929035222091,-0.5806634362917247,-0.4857393498064561,30.0,6.0,12.0,2018.0,12.0,1.0
-0.5794491081462086,-0.5823140944310992,-0.587500580797956,-0.6502905066483715,-0.5876189940402946,-0.2381544920963206,31.0,0.0,12.0,2018.0,0.0,22.0
-0.5868189144640245,-0.5834923900832848,-0.5813132027178066,-0.6686030548995183,-0.5818860969626879,-0.2018978096134945,1.0,1.0,1.0,2019.0,23.0,18.0
-0.5805302687626914,-0.5765262408573305,-0.5751829155443396,-0.6186695050385211,-0.5762048227446497,-0.3165521935289228,2.0,2.0,1.0,2019.0,23.0,7.0
-0.5755097933138347,-0.575969004586692,-0.5817292135779871,-0.6574294748821564,-0.5822225610925053,-0.4739061280975712,3.0,3.0,1.0,2019.0,0.0,18.0
-0.5815840576861243,-0.5786478487299898,-0.5804418819571083,-0.6401956758012696,-0.5810111448951294,-0.640320119230218,4.0,4.0,1.0,2019.0,21.0,15.0
-0.580361090403285,-0.5752939222346957,-0.5812104378050931,-0.6244862540926951,-0.581694895756775,-0.737837974358652,5.0,5.0,1.0,2019.0,6.0,22.0
-0.581309255639153,-0.5759506568668792,-0.5670068965836995,-0.5995688514180724,-0.5685584973509163,0.6058163905214666,6.0,6.0,1.0,2019.0,20.0,8.0
-0.5664583113191417,-0.5636606906120709,-0.5701603964426286,-0.6195498354785431,-0.5714474045450881,-0.7396418150807448,7.0,0.0,1.0,2019.0,0.0,11.0
-0.5695327845546674,-0.5651742434637139,-0.5698167378086338,-0.6153211082559119,-0.5711021000484808,-0.4746085214570125,8.0,1.0,1.0,2019.0,15.0,6.0
-0.5693438274236062,-0.5635488524277773,-0.5695437379408048,-0.6256634449921442,-0.5708231346334933,-0.9012070676640151,9.0,2.0,1.0,2019.0,5.0,1.0
-0.5691683990266426,-0.5865308369678213,-0.5914145415755767,-0.5303019765517162,-0.5910012625455573,1.4040078943951804,10.0,3.0,1.0,2019.0,6.0,19.0
-0.5912789946313923,-0.5869168161480502,-0.5908965231780842,-0.6027316551406129,-0.5905004648326683,-0.7663800636922187,11.0,4.0,1.0,2019.0,21.0,4.0
-0.5904840310115613,-0.5868699622226893,-0.5924961210327195,-0.6439811200404119,-0.5919576196983523,-0.8777735991221038,12.0,5.0,1.0,2019.0,0.0,9.0
-0.5922082949616589,-0.5937542610590867,-0.5991455160605937,-0.6492349659164577,-0.5980815833397273,-0.2760811849628112,13.0,6.0,1.0,2019.0,16.0,21.0
-0.5984389005813056,-0.5932890474742408,-0.589749703706853,-0.5966206917000146,-0.5893769454293997,0.0829836918053061,14.0,0.0,1.0,2019.0,18.0,0.0
-0.5894261456985473,-0.5890109109920186,-0.5943756477092632,-0.6028141257986408,-0.5936326621458502,-0.4944723809313737,15.0,1.0,1.0,2019.0,1.0,21.0
-0.5938867461228174,-0.5887122138446457,-0.5928823950175702,-0.6105556430324021,-0.5922327002161741,-0.7592831907959768,16.0,2.0,1.0,2019.0,12.0,0.0
-0.5926375747814989,-0.5888837083671651,-0.5914366783129849,-0.6067610515066314,-0.5908776095805173,-0.7824812394445789,17.0,3.0,1.0,2019.0,23.0,10.0
-0.5910351156925128,-0.5879277361457992,-0.5927085592996609,-0.6317891539704936,-0.59203271917649,-0.8750860959929749,18.0,4.0,1.0,2019.0,0.0,19.0
-0.5926064791616141,-0.5869605667655272,-0.5883678706598188,-0.5801160191404544,-0.5879998457043472,-0.4423308346907688,19.0,5.0,1.0,2019.0,11.0,0.0
-0.5881236787495532,-0.5913458320918856,-0.5961960048715165,-0.6003573414525202,-0.5952147646361773,-0.080236372322472,20.0,6.0,1.0,2019.0,1.0,19.0
-0.59579703512191,-0.5928937574371411,-0.5977291173304425,-0.6317140177773206,-0.5966106481693974,-0.8331981884636127,21.0,0.0,1.0,2019.0,0.0,22.0
-0.5973486896445799,-0.5940834106531194,-0.5959773125399049,-0.6149398090032584,-0.5949714639581862,-0.6080972912105858,22.0,1.0,1.0,2019.0,19.0,11.0
-0.5954789750414259,-0.5924652807082476,-0.5971712185788933,-0.6084242126846826,-0.5960542990371808,-0.7802080195133161,23.0,2.0,1.0,2019.0,14.0,21.0
-0.5967708223772261,-0.5922263606655814,-0.5962050932855062,-0.6176925779631434,-0.5951371550967934,-0.8555037425592135,24.0,3.0,1.0,2019.0,20.0,4.0
-0.5953664967418846,-0.591815106661222,-0.5962725773977701,-0.6175310336857565,-0.595179589256672,-0.9270371353134256,25.0,4.0,1.0,2019.0,1.0,12.0
-0.5958373656838717,-0.5906929360675068,-0.5961072107554178,-0.6266246313834644,-0.5950046858146307,-0.7519547141355548,26.0,5.0,1.0,2019.0,8.0,2.0
-0.5955323351981531,-0.5923431450923068,-0.5972422431626963,-0.6009938982783968,-0.596035116804754,-0.8686766235390416,27.0,6.0,1.0,2019.0,4.0,14.0
-0.5967841368717616,-0.6004369056054747,-0.6042087592772539,-0.5284152532818689,-0.6024608685203331,-0.1291800889614983,28.0,0.0,1.0,2019.0,0.0,15.0
-0.6038648281246166,-0.6028656317878534,-0.6055793845261124,-0.5832906092011126,-0.6037088907592193,-0.6332745726830049,29.0,1.0,1.0,2019.0,0.0,8.0
-0.6053969482169798,-0.6010593714824446,-0.6032433229419105,-0.5801474089381854,-0.6015275440302092,-0.7003280947462734,30.0,2.0,1.0,2019.0,18.0,0.0
-0.6028501384740185,-0.5998879247054231,-0.60498557785755,-0.5868681436170946,-0.6031183539528387,-0.7723329566604691,31.0,3.0,1.0,2019.0,1.0,18.0
-0.6043754530307768,-0.600920049780292,-0.6031350872549619,-0.6090115412537419,-0.6013832272849928,-0.6684657107833876,1.0,4.0,2.0,2019.0,23.0,7.0
-0.6028982012955459,-0.5986449691055458,-0.6011027697487699,-0.6280651444694376,-0.5994809347137539,-0.7809809171046509,2.0,5.0,2.0,2019.0,23.0,6.0
-0.6009648103133819,-0.5998873873661237,-0.6046038161797834,-0.6295667491331649,-0.6027032821331016,-0.653949451598475,3.0,6.0,2.0,2019.0,0.0,22.0
-0.6039665778248906,-0.6002248505279375,-0.6049020277507042,-0.6139041368438004,-0.60295880688841,-0.9437894799551946,4.0,0.0,2.0,2019.0,8.0,12.0
-0.6047187913359799,-0.5996336835018,-0.6044599561498811,-0.6196081994196241,-0.6025290183559755,-0.9985585757793914,5.0,1.0,2.0,2019.0,10.0,2.0
-0.6038512361255403,-0.6030081654148228,-0.6076874276272518,-0.6057969545304109,-0.6054955087404282,-0.6685408051730931,6.0,2.0,2.0,2019.0,0.0,18.0
-0.607174129882458,-0.603282995480309,-0.6085647886896487,-0.6316806282540892,-0.6062841115510634,-0.939259414707183,7.0,3.0,2.0,2019.0,11.0,22.0
-0.6080056241795633,-0.6034849940477631,-0.5921598484570016,-0.4835779807651948,-0.5910618083862512,1.1240453705331086,8.0,4.0,2.0,2019.0,17.0,1.0
-0.5914280448967049,-0.587328448482857,-0.5918883837801232,-0.5690982056402931,-0.5907877970962113,-0.959570810455976,9.0,5.0,2.0,2019.0,8.0,3.0
-0.5913289277183319,-0.5876812115116736,-0.5907232881087541,-0.5624041065903371,-0.5896870693363305,-0.8139169228109082,10.0,6.0,2.0,2019.0,23.0,15.0
-0.5899539633792517,-0.5875985256706197,-0.5932859850139581,-0.5626861641005919,-0.5920411592809643,-0.8213489096918224,11.0,0.0,2.0,2019.0,0.0,17.0
-0.593197040785605,-0.5890989345936738,-0.5929731157891002,-0.5516582715639626,-0.5917317784350038,-0.8393541273825386,12.0,1.0,2.0,2019.0,21.0,10.0
-0.5925312534877255,-0.5891817923436228,-0.5942900122912808,-0.5539080580299769,-0.5929300496618584,-0.8229016447319912,13.0,2.0,2.0,2019.0,6.0,12.0
-0.5939075856902486,-0.5897855158952745,-0.5952222116782897,-0.563012237393544,-0.5937732384808599,-0.9200308217035814,14.0,3.0,2.0,2019.0,8.0,14.0
-0.5947543391897885,-0.5897533569726602,-0.5949810379056312,-0.5727256484464078,-0.5935311416071201,-0.9116088583523344,15.0,4.0,2.0,2019.0,14.0,15.0
-0.5948830593486661,-0.5893067375235488,-0.5944301285816871,-0.5812521379890083,-0.5929982595149005,-0.9258972597259372,16.0,5.0,2.0,2019.0,13.0,0.0
-0.5937732711047636,-0.5890594052701026,-0.5917268198711436,-0.521332884994191,-0.5904678035636947,-0.7577125059930625,17.0,6.0,2.0,2019.0,10.0,13.0
-0.5914412947035358,-0.585847501720544,-0.5768825705475532,-0.3657431694720103,-0.5766767424465116,0.6861063907626107,18.0,0.0,2.0,2019.0,18.0,0.0
-0.5766992091268812,-0.5707888753362196,-0.5749567599917592,-0.3643650082077538,-0.5748655733312193,-0.5149266203303321,19.0,1.0,2.0,2019.0,14.0,1.0
-0.5745504904011627,-0.569644863057779,-0.5717209186839527,-0.4316325117782708,-0.5718430497789578,-0.707887652726891,20.0,2.0,2.0,2019.0,13.0,0.0
-0.5712638157881256,-0.5687684680149554,-0.5745257017481126,-0.4814353506322681,-0.5744254663406031,-0.742495731075766,21.0,3.0,2.0,2019.0,6.0,18.0
-0.5741994784681577,-0.568091426595779,-0.5713707312455503,-0.4786477267209033,-0.5714725460131379,-0.8299239280821468,22.0,4.0,2.0,2019.0,13.0,0.0
-0.5713460574383374,-0.5669590281028053,-0.5629629162372398,-0.4192185255470841,-0.5636465833565003,0.0843784950212147,23.0,5.0,2.0,2019.0,20.0,9.0
-0.562355608878474,-0.578024732955898,-0.5833441170544548,-0.3176886600516395,-0.5825386654894964,1.409606331144132,24.0,6.0,2.0,2019.0,3.0,16.0
-0.5831201305384068,-0.5771842391550387,-0.5789089215565305,-0.3977115339250962,-0.5784000012035131,-0.4691668387678983,25.0,0.0,2.0,2019.0,19.0,0.0
-0.5787215903980997,-0.5752252388538222,-0.580648068285263,-0.4729694591991903,-0.5799893503797385,-0.8372034093171645,26.0,1.0,2.0,2019.0,3.0,6.0
-0.5800233039275788,-0.5784452016734613,-0.5808512335054914,-0.4528968751817425,-0.5801559281884182,-0.5119709627854303,27.0,2.0,2.0,2019.0,13.0,21.0
-0.5805888209563435,-0.5747298651297158,-0.5806218417134449,-0.4475568089837805,-0.5799196723444208,-0.7896584824046531,28.0,3.0,2.0,2019.0,16.0,22.0
-0.5802516915946828,-0.5743586660332108,-0.5803273559237063,-0.4876118595241411,-0.5796205864479748,-0.8180163807908175,1.0,4.0,3.0,2019.0,22.0,0.0
-0.5801559174145973,-0.5755956474229469,-0.5800308519937486,-0.492084340082813,-0.5793244268269725,-0.9096826911415972,2.0,5.0,3.0,2019.0,11.0,8.0
-0.5797296552489652,-0.5752935676823601,-0.5810888476386793,-0.509723705327507,-0.5802843103779962,-0.9363565337904332,3.0,6.0,3.0,2019.0,2.0,23.0
-0.5807833317936237,-0.5818157348835176,-0.5863433317104815,-0.4134196497200403,-0.5851435176413564,-0.2949977488031809,4.0,0.0,3.0,2019.0,1.0,10.0
-0.5860140495964894,-0.5810928367231142,-0.5780694474311845,-0.3513210387359103,-0.5774350186156137,-0.1016930118719059,5.0,1.0,3.0,2019.0,16.0,2.0
-0.5775937323787016,-0.5731087949398764,-0.5776050204663483,-0.4054947800163053,-0.5769833307669958,-0.8757235803841666,6.0,2.0,3.0,2019.0,10.0,4.0
-0.5772069928495959,-0.5716765719870105,-0.57714218019481,-0.3833187086060514,-0.5765306529302532,-0.8947462462528729,7.0,3.0,3.0,2019.0,4.0,10.0
-0.5766032309565039,-0.5728705693416207,-0.5777775312145716,-0.326127303569598,-0.5770978711236708,-0.6973398994176423,8.0,4.0,3.0,2019.0,20.0,22.0
-0.5777488601943187,-0.5717854784321582,-0.573961366918474,-0.317586907930537,-0.573529506745625,-0.5643320466280769,9.0,5.0,3.0,2019.0,16.0,0.0
-0.5733548088226595,-0.5697628346488478,-0.5746802588443761,-0.37631660725115,-0.574175783220405,-0.9221396990668956,10.0,6.0,3.0,2019.0,0.0,7.0
-0.5741176487078046,-0.5719847253735942,-0.5775261751971141,-0.3539365883750129,-0.5767982756679464,-0.6897209133777722,11.0,0.0,3.0,2019.0,3.0,16.0
-0.5771840786595828,-0.5736083764319059,-0.5772850562506434,-0.3710762633277666,-0.576551482906928,-0.774902977276674,12.0,1.0,3.0,2019.0,13.0,4.0
-0.5766141816427182,-0.57181622381026,-0.5774347420343409,-0.3895549079621282,-0.5766692471450798,-0.965421374179526,13.0,2.0,3.0,2019.0,22.0,11.0
-0.5770724995963753,-0.5712223599423479,-0.5763514283694436,-0.3346885695909712,-0.5756376123844356,-0.8952664223254848,14.0,3.0,3.0,2019.0,14.0,14.0
-0.5757788417048608,-0.5704182187180401,-0.5741088135695045,-0.3936212806330774,-0.57352790502486,-0.8354079690465926,15.0,4.0,3.0,2019.0,19.0,7.0
-0.5734943275906937,-0.5674059850135763,-0.5687195571134275,-0.3685661838074214,-0.5684898125628055,-0.4412284800656376,16.0,5.0,3.0,2019.0,5.0,0.0
-0.5683519344350715,-0.5645763832847662,-0.5701615813537925,-0.4572187064193128,-0.5698070388274752,-0.8897760435474547,17.0,6.0,3.0,2019.0,0.0,5.0
-0.569440980001686,-0.5644052882349055,-0.5697149000259304,-0.3799132438212773,-0.5693650982833659,-0.79378281046806,18.0,0.0,3.0,2019.0,2.0,7.0
-0.5692738879969813,-0.5634761589576132,-0.5673409060313944,-0.3962946542623509,-0.5671281142685135,-0.8199725340730935,19.0,1.0,3.0,2019.0,23.0,5.0
-0.5669362979338196,-0.5630147217546037,-0.5663414156824937,-0.351223956048682,-0.5661719249817404,-0.8238158157141597,20.0,2.0,3.0,2019.0,22.0,2.0
-0.5661289286400142,-0.564656040318008,-0.5699100884083356,-0.3156826956512504,-0.5694687124813943,-0.6103140544757579,21.0,3.0,3.0,2019.0,12.0,15.0
-0.5695301776725062,-0.5636196894709212,-0.5702389587165296,-0.4012835836555854,-0.5697482916107263,-0.986976328979273,22.0,4.0,3.0,2019.0,13.0,7.0
-0.5698860895351703,-0.5639723486171832,-0.5695112125650279,-0.3836069762516992,-0.5690476475388467,-0.9766749450315856,23.0,5.0,3.0,2019.0,9.0,13.0
-0.569122257110118,-0.5645901856213568,-0.5703494187028307,-0.4071457774116559,-0.5698034591807711,-0.9735685956573158,24.0,6.0,3.0,2019.0,0.0,20.0
-0.5698002368786258,-0.569152682590952,-0.5739762854319227,-0.3412496486890249,-0.5731552465351424,-0.5205259636001306,25.0,0.0,3.0,2019.0,6.0,20.0
-0.573167405175053,-0.5684747832313491,-0.5726255057355762,-0.3223827926850374,-0.5718761495848025,-0.931911646779273,26.0,1.0,3.0,2019.0,23.0,13.0
-0.5722461633551972,-0.5663846959191714,-0.5663665819092341,-0.312107436453476,-0.5660246280919544,-0.4848765101262086,27.0,2.0,3.0,2019.0,23.0,0.0
-0.5659061822672592,-0.5624358415676534,-0.5674687444230501,-0.3958067419137359,-0.5670265874955014,-0.8488799981703666,28.0,3.0,3.0,2019.0,16.0,23.0
-0.5670893146758709,-0.562825901689725,-0.5656725822159893,-0.3109395187983401,-0.56532959158776,-0.6895759618981905,29.0,4.0,3.0,2019.0,12.0,6.0
-0.565626939499158,-0.5615732331427532,-0.5651640920258318,-0.3752633013873345,-0.5648329024963774,0.3421535933458275,30.0,5.0,3.0,2019.0,5.0,4.0
-0.564809745600176,-0.5590320961047125,-0.5652411607273677,-0.4125547520572079,-0.5648841981395555,-1.0756644403858444,31.0,6.0,3.0,2019.0,10.0,7.0
-0.5648154976002622,-0.5588550370987366,-0.5620020868973223,-0.3522068495636903,-0.5618671478121999,-0.7657467108151199,1.0,0.0,4.0,2019.0,14.0,0.0
-0.5616524190736303,-0.5551616514408599,-0.5177111264449239,0.2529283743480097,-0.5206121274751262,3.4813771464587258,2.0,1.0,4.0,2019.0,23.0,0.0
-0.5172934055944776,-0.5095562955360025,-0.5119948085852218,0.338885440287499,-0.5151966929780342,1.0889479624444942,3.0,2.0,4.0,2019.0,21.0,0.0
-0.5116890310926163,-0.5120744365716207,-0.515077034273419,0.0867877616412669,-0.5180404089658055,-0.0158120359935134,4.0,3.0,4.0,2019.0,1.0,20.0
-0.5146646460662345,-0.506845767659293,-0.508087989478894,0.0100704407801261,-0.5114956380016684,-0.4900035800002904,5.0,4.0,4.0,2019.0,18.0,3.0
-0.5076714544716804,-0.5022473024058252,-0.5066681100326915,0.015085719522423,-0.5101440662563399,-0.0967811877512827,6.0,5.0,4.0,2019.0,16.0,8.0
-0.5060762875623072,-0.498568150430793,-0.4981326759749136,0.0002042410509292,-0.5021585375537674,-0.2498713304028563,7.0,6.0,4.0,2019.0,22.0,0.0
-0.497668670273039,-0.4923846582563752,-0.4925556658592713,0.0272520638675379,-0.4969284852811064,-0.3452508736376221,8.0,0.0,4.0,2019.0,2.0,12.0
-0.4921420275259688,-0.4911702570239766,-0.4977606839272581,-0.10465266131581,-0.5017526903564532,-0.5953255218631824,9.0,1.0,4.0,2019.0,0.0,10.0
-0.49740670647004,-0.4895286865357512,-0.490421139767591,-0.0622129891601817,-0.4948779282306576,-0.0590922951048038,10.0,2.0,4.0,2019.0,20.0,0.0
-0.489984712983541,-0.5006619426532708,-0.5063814788228449,-0.0052086114827574,-0.5097274004845777,0.4435432340827065,11.0,3.0,4.0,2019.0,0.0,11.0
-0.5061740117080581,-0.5045468016878218,-0.5048440650489162,-0.1614332011652072,-0.5082627698907289,-0.4406988867642347,12.0,4.0,4.0,2019.0,17.0,1.0
-0.5044777172608866,-0.4978614668138555,-0.5044115453206094,-0.3161124183128315,-0.507831483194093,-0.861532240008096,13.0,5.0,4.0,2019.0,7.0,11.0
-0.5040538651983008,-0.4983685905272204,-0.5000458865010994,-0.3395068199326509,-0.5037340224762615,-0.5320800358568328,14.0,6.0,4.0,2019.0,23.0,6.0
-0.499663394126269,-0.5002337138273795,-0.5062206383272985,-0.2365541337779184,-0.5094643979042394,-0.3303177691504435,15.0,0.0,4.0,2019.0,5.0,20.0
-0.5058441458745578,-0.4982657610284776,-0.4958826746195944,-0.2729739560335806,-0.4997890461728915,-0.2558105222865763,16.0,1.0,4.0,2019.0,22.0,0.0
-0.4954416435063658,-0.4878959904715942,-0.4948774969748712,-0.2285094072248202,-0.4988222682186674,-0.9226605485574696,17.0,2.0,4.0,2019.0,0.0,9.0
-0.4945001872398918,-0.4859169431925138,-0.4920269776691998,-0.1841430944001538,-0.4961302986963529,-0.8523971892235982,18.0,3.0,4.0,2019.0,21.0,0.0
-0.4916367084533257,-0.4870026290884022,-0.4916939235937279,-0.1557365689809333,-0.4957866033524159,-0.6898826858254378,19.0,4.0,4.0,2019.0,16.0,3.0
-0.491268234699675,-0.4830483036107156,-0.4896028057902096,-0.1888531596512697,-0.4938064477097568,-0.8893262577995953,20.0,5.0,4.0,2019.0,8.0,21.0
-0.4893222828455616,-0.4854849265667653,-0.4910361003471261,-0.1583613345901473,-0.4951095202825738,-0.6971392459159654,21.0,6.0,4.0,2019.0,3.0,19.0
-0.4907569305950102,-0.4840346946171087,-0.4858297753905085,-0.1111867318598913,-0.4902200424765347,-0.5008086108364896,22.0,0.0,4.0,2019.0,19.0,4.0
-0.4854273185455197,-0.4771346821468691,-0.4752128383583157,-0.0425403218796172,-0.4802825498581576,-0.0228345261655928,23.0,1.0,4.0,2019.0,19.0,0.0
-0.4748662345490952,-0.4753103253111478,-0.4818099145948218,0.0214985972047246,-0.4864054417831971,-0.1548590810187393,24.0,2.0,4.0,2019.0,6.0,18.0
-0.4813070842350526,-0.4902901507716261,-0.4974196355220672,-0.0716668948124116,-0.5009508518988566,0.5147033780897142,25.0,3.0,4.0,2019.0,19.0,22.0
-0.497026355150383,-0.4905411906983577,-0.4931953228588276,0.0087027291749987,-0.4969741568340889,-0.1698076633438007,26.0,4.0,4.0,2019.0,2.0,0.0
-0.4927829498325715,-0.4869836286256558,-0.4938739085071208,-0.1920191238754493,-0.4975779998716694,-0.8167621420776259,27.0,5.0,4.0,2019.0,21.0,4.0
-0.4932568695569891,-0.485589615654471,-0.4928399372238358,-0.2078173999350896,-0.4965882412190952,-0.8484638316692493,28.0,6.0,4.0,2019.0,12.0,21.0
-0.4924524295881435,-0.4880678164379027,-0.4951589218963929,-0.1581635623511398,-0.4987090678646816,-0.7305486981399643,29.0,0.0,4.0,2019.0,7.0,22.0
-0.4947305479749308,-0.4875808555176384,-0.4888147705123629,-0.1503819778989638,-0.492751735641375,-0.5087379610629676,30.0,1.0,4.0,2019.0,22.0,5.0
-0.488399839972723,-0.4797751844255731,-0.4856253075984692,-0.1611987932633805,-0.4897434655083125,-0.8545125111090802,1.0,2.0,5.0,2019.0,18.0,0.0
-0.4852397592079051,-0.4768306507700784,-0.4793294904891558,-0.1088638041875237,-0.4838098608858951,-0.5812282345299348,2.0,3.0,5.0,2019.0,16.0,4.0
-0.4789126776153836,-0.470761924661037,-0.4631886269370217,0.1122232436553161,-0.4687045597376356,0.5721104492554391,3.0,4.0,5.0,2019.0,10.0,0.0
-0.4627375211461754,-0.4609449521998227,-0.4593297519100776,0.0496881005544697,-0.4650523299536973,-0.1113059271190738,4.0,5.0,5.0,2019.0,2.0,16.0
-0.458941994959915,-0.4569891538404608,-0.4615059005209024,-0.0999488894136447,-0.4670559366376591,-0.6361964933323374,5.0,6.0,5.0,2019.0,0.0,18.0
-0.4613576959254006,-0.4604253409426321,-0.4645070185053321,-0.0495985159335016,-0.469826297845282,-0.5275770305949601,6.0,0.0,5.0,2019.0,19.0,8.0
-0.4641856145533318,-0.4548798778373254,-0.4594319928692588,0.0745626913674719,-0.4650512032555935,-0.0827025365325374,7.0,1.0,5.0,2019.0,14.0,0.0
-0.4578123488606803,-0.451508673059997,-0.4500449777841367,-0.0721918057367269,-0.4562375068402255,-0.3305360347763164,8.0,2.0,5.0,2019.0,23.0,0.0
-0.4496628159041966,-0.4396473973518362,-0.4382574108428302,0.007213240401675,-0.4451766276405609,-0.3261063221949036,9.0,3.0,5.0,2019.0,23.0,0.0
-0.4377910329837958,-0.4283170839213788,-0.4257181183516683,0.1501400323010344,-0.4334175170224819,-0.0498378422052184,10.0,4.0,5.0,2019.0,18.0,1.0
-0.4252850235578436,-0.414775324077991,-0.3750306077718781,0.6625536016801393,-0.385970952283054,2.690995577261999,11.0,5.0,5.0,2019.0,23.0,0.0
-0.374741715689143,-0.386951220902252,-0.3892931845922536,0.6032059951874318,-0.3992679375358017,1.278753634435117,12.0,6.0,5.0,2019.0,8.0,15.0
-0.3889953126885773,-0.3817343316980291,-0.3375856370359629,0.6522545423607207,-0.3508425645360426,3.07387747530395,13.0,0.0,5.0,2019.0,22.0,0.0
-0.3376626878803843,-0.3312729512335978,-0.3265695220782071,0.8341532876228148,-0.340486885626225,0.7032506371910735,14.0,1.0,5.0,2019.0,8.0,21.0
-0.3265281218023485,-0.3184559975556764,-0.3136355508996617,0.634163310859035,-0.3283352542321966,-0.1664591315251736,15.0,2.0,5.0,2019.0,19.0,8.0
-0.3139434464686721,-0.3291727447042175,-0.3332900423397825,0.8957526328605676,-0.3466803338292438,0.67340193782095,16.0,3.0,5.0,2019.0,1.0,21.0
-0.33281342338022,-0.3728926453528345,-0.3664924600657355,0.727588163594904,-0.3777101691460854,1.7306967158797035,17.0,4.0,5.0,2019.0,0.0,18.0
-0.3662656749780946,-0.3594014391308425,-0.3709533668321551,0.2550565635936679,-0.381840169219068,-0.504473269855808,18.0,5.0,5.0,2019.0,5.0,9.0
-0.3707873172618905,-0.3583608301175909,-0.3140944694442072,0.5017334850007481,-0.3285599320939421,2.3467182543066456,19.0,6.0,5.0,2019.0,23.0,0.0
-0.3137947914401484,-0.3323863303497053,-0.3275580261614425,0.3900586789427409,-0.3411128851000072,0.4547586579010535,20.0,0.0,5.0,2019.0,0.0,13.0
-0.3272278363708659,-0.3219819398160294,-0.328477439615745,0.4596902625169449,-0.3419243252767989,-0.4846922060002236,21.0,1.0,5.0,2019.0,21.0,12.0
-0.3285577519137246,-0.3363565632584096,-0.3458613986083426,0.4375739661045791,-0.3581506382710428,0.0471363333859792,22.0,2.0,5.0,2019.0,1.0,22.0
-0.3456760646582826,-0.3415911109763262,-0.3334779946012851,0.423344073802315,-0.3465033713044802,0.190003489679893,23.0,3.0,5.0,2019.0,22.0,9.0
-0.3331343294516009,-0.3231763395283101,-0.3270018539960121,0.5026395103355358,-0.3403880717869999,-0.1558434235981377,24.0,4.0,5.0,2019.0,16.0,5.0
-0.3263740984728898,-0.314228103618751,-0.3230021804075766,0.3040068357653551,-0.3365953923320855,-0.7026450401729148,25.0,5.0,5.0,2019.0,11.0,6.0
-0.3224893097458927,-0.3168397266155573,-0.2849110532403599,0.5437968331075298,-0.3008533407802154,1.257511960456379,26.0,6.0,5.0,2019.0,22.0,12.0
-0.284521335596258,-0.2697972329470463,-0.276775600738693,0.6127791330927019,-0.2931702602553887,-0.4830566796117058,27.0,0.0,5.0,2019.0,16.0,4.0
-0.2766263548137027,-0.2719458880729438,-0.2820422337355119,0.4108593525391432,-0.2980480491487455,-0.6881472234418915,28.0,1.0,5.0,2019.0,0.0,13.0
-0.2817900624449633,-0.2815557888697396,-0.2857535682614084,0.3699951153061749,-0.3014646681601731,-0.3837588880486234,29.0,2.0,5.0,2019.0,14.0,5.0
-0.2852766807372917,-0.2980866329303905,-0.3066205817548856,0.6831075674524301,-0.3209683511715403,1.1580944633129342,30.0,3.0,5.0,2019.0,16.0,21.0
-0.3062264029720105,-0.3011671732140902,-0.2909692307727792,0.4725957185232479,-0.3062568392474116,0.0939008232552706,31.0,4.0,5.0,2019.0,23.0,5.0
-0.2906706938780257,-0.2816285442718702,-0.2916127141371355,0.3165621672211931,-0.3068072854184177,-0.760011496234696,1.0,5.0,6.0,2019.0,22.0,6.0
-0.2911839833349028,-0.2765921395361022,-0.2806309292398719,0.1960429540920669,-0.2964680411354964,-0.4450067322917247,2.0,6.0,6.0,2019.0,12.0,3.0
-0.2803694294760632,-0.2991670139565826,-0.3134006644294666,0.2903227668396808,-0.3271520549595382,0.4026778112074943,3.0,0.0,6.0,2019.0,0.0,23.0
-0.3129320828712613,-0.3396126421689864,-0.3441611690882222,0.4316219168243284,-0.3559481947148615,0.8440064066547571,4.0,1.0,6.0,2019.0,0.0,22.0
-0.3440150309555959,-0.3330257298228235,-0.3370138824757491,0.2771113021501082,-0.3491942705253699,-0.4112216120149845,5.0,2.0,6.0,2019.0,2.0,15.0
-0.3369418813360668,-0.3391711734902343,-0.3371493987541091,0.1531087293508361,-0.3492718912878986,0.0166669528271051,6.0,3.0,6.0,2019.0,11.0,18.0
-0.3364959903935903,-0.3254572562392778,-0.3235295087797998,0.1350376422760741,-0.3364445227396686,-0.0774003091711197,7.0,4.0,6.0,2019.0,18.0,1.0
-0.3236200659166655,-0.3223441514874279,-0.3290420540769849,-0.006992638282423,-0.3415763289209977,-0.4239868183777568,8.0,5.0,6.0,2019.0,1.0,17.0
-0.32896373758312,-0.3384283451857781,-0.3453697841030649,-0.002219585444256,-0.3568490762346042,0.0844268434033451,9.0,6.0,6.0,2019.0,0.0,22.0
-0.3447548300667816,-0.3382063494962209,-0.3262065958220493,0.1105145151261367,-0.3388171265722803,0.3037332682786058,10.0,0.0,6.0,2019.0,12.0,0.0
-0.3256158940118775,-0.3264416542291791,-0.3306630629867182,0.0247119474691575,-0.3429528461285586,-0.3745534875329418,11.0,1.0,6.0,2019.0,0.0,16.0
-0.3304509186782335,-0.3207793769492166,-0.3172754523542513,0.1292348139194853,-0.3303455006066981,-0.1027044865917174,12.0,2.0,6.0,2019.0,17.0,1.0
-0.3169469177725624,-0.3065723612526653,-0.312054864827825,0.1094369373564883,-0.3253960804274984,-0.4812535985834408,13.0,3.0,6.0,2019.0,22.0,3.0
-0.3117104068124046,-0.300481669017078,-0.2836457856300762,0.1724470071644876,-0.2986687315189296,0.4638601056560902,14.0,4.0,6.0,2019.0,23.0,2.0
-0.2835597219971102,-0.2729780774311618,-0.2747751066359496,0.0932540508490324,-0.2902881859440566,-0.4775997150793673,15.0,5.0,6.0,2019.0,19.0,2.0
-0.2742531460810035,-0.2605755933811498,-0.2651943457177462,0.3632193139093708,-0.2812457442751245,0.3319279722846746,16.0,6.0,6.0,2019.0,8.0,0.0
-0.2652049457834594,-0.2495510135628561,-0.2451958118658386,-0.0590476682679311,-0.2624167124196203,0.0365584570534459,17.0,0.0,6.0,2019.0,23.0,0.0
-0.2439442323474027,-0.2485407828844012,-0.2598382219821897,-0.0435761156480426,-0.2761062757915065,-0.2422120304950806,18.0,1.0,6.0,2019.0,0.0,22.0
-0.2596954021398683,-0.2443998300380697,-0.2480698304135787,-0.0599231593730881,-0.2649877751011546,-0.5411606031831279,19.0,2.0,6.0,2019.0,22.0,0.0
-0.2477728996976755,-0.2341516036128009,-0.2325038361120254,0.0648225381784192,-0.2503113533431726,-0.1842364643224579,20.0,3.0,6.0,2019.0,21.0,9.0
-0.2323116416536795,-0.2156522259326539,-0.194613747873571,0.2154485286957786,-0.2146628654231237,0.489248993695679,21.0,4.0,6.0,2019.0,23.0,23.0
-0.1923814921590345,-0.1788570649212228,-0.1604219890917107,0.72371347465335,-0.1824777736704218,1.4779601824081297,22.0,5.0,6.0,2019.0,12.0,0.0
-0.1604320047095084,-0.1504646584588666,-0.1509905295417702,0.2357503814925892,-0.1735369363630884,0.4756130329650322,23.0,6.0,6.0,2019.0,21.0,10.0
-0.1507966779260089,-0.1470294427116593,-0.1414331721419687,0.1421008711585958,-0.164477320709188,-0.1082741523681295,24.0,0.0,6.0,2019.0,18.0,1.0
-0.1413818874042763,-0.1219429282468572,-0.0935753840758223,0.4462633388771674,-0.1194310454614659,0.6488580744830428,25.0,1.0,6.0,2019.0,23.0,0.0
-0.094057139757112,-0.0746247068379239,-0.0183768504029735,1.543262193745619,-0.0486620256142438,3.2922218072690543,26.0,2.0,6.0,2019.0,19.0,0.0
-0.0180714502799888,-0.1545265393451454,-0.1308955760602578,1.2651212083595869,-0.1543675848710279,4.413880611165364,27.0,3.0,6.0,2019.0,0.0,20.0
-0.1318746094776154,-0.1278044536139145,-0.0557454945277513,0.9999179278700054,-0.0836363763691925,2.3562876668093846,28.0,4.0,6.0,2019.0,23.0,5.0
-0.0558857215423128,-0.0902554484611337,-0.0832372057698906,0.7198494330526157,-0.109400800156832,0.6688969923246524,29.0,5.0,6.0,2019.0,0.0,4.0
-0.0846453333398842,-0.1351062132101692,-0.1533358390045339,0.575173083698372,-0.1752499409319964,1.798771142194248,30.0,6.0,6.0,2019.0,3.0,23.0
-0.1542822162903037,-0.1799774857966836,-0.1676978919672357,0.6902701388278784,-0.1886951956619925,1.4844790997415451,1.0,0.0,7.0,2019.0,3.0,19.0
-0.1670583384706093,-0.2021970609101576,-0.1542857157394241,0.779072589948771,-0.1760140384812237,1.6770211553215548,2.0,1.0,7.0,2019.0,13.0,13.0
-0.1529800323619037,-0.1338956056450199,-0.083120701667084,0.7671729563445656,-0.1089876022218534,1.55773214161962,3.0,2.0,7.0,2019.0,23.0,0.0
-0.082146645722006,-0.111866770841449,-0.1288929704514934,0.5027028071338531,-0.1519718793913246,0.6208407132028325,4.0,3.0,7.0,2019.0,0.0,23.0
-0.129363233869476,-0.1303037816626058,-0.1434364671837864,0.3897916092607209,-0.1655738211018897,0.008619431216887,5.0,4.0,7.0,2019.0,14.0,7.0
-0.1428946860175272,-0.1235019701331792,-0.1293156126868848,0.2408322630726028,-0.1522031681104208,0.3103912716004929,6.0,5.0,7.0,2019.0,16.0,0.0
-0.1284728218590462,-0.1129899241638906,-0.1144457269849316,0.1473831098149527,-0.1381371331763085,-0.288167675225787,7.0,6.0,7.0,2019.0,20.0,3.0
-0.114424633236107,-0.0975267223720796,-0.0631942964965043,0.3704871252252849,-0.0898103814617973,0.9598516756483204,8.0,0.0,7.0,2019.0,23.0,3.0
-0.0630292424737892,-0.0444238077665003,-0.0455284314723983,0.6246072297810807,-0.0731036109020504,-0.0442517124303787,9.0,1.0,7.0,2019.0,7.0,0.0
-0.045408627056785,-0.0774458197409655,-0.0711384713064538,0.920722051314391,-0.0971498623084548,1.7271704366663228,10.0,2.0,7.0,2019.0,13.0,21.0
-0.0719013475662791,-0.1123502013209698,-0.1201031912940523,0.6477884296600714,-0.1431906402028258,0.9077310049987952,11.0,3.0,7.0,2019.0,0.0,20.0
-0.1200871636420514,-0.111071639101239,-0.0920368095278522,0.3733151115227613,-0.1166849332729265,0.4616344673518924,12.0,4.0,7.0,2019.0,21.0,4.0
-0.0919377026188124,-0.1281847935798395,-0.1180339173390278,0.2381525288552252,-0.1411013379318443,0.8513805564800815,13.0,5.0,7.0,2019.0,0.0,21.0
-0.118447791187088,-0.1707931179855077,-0.1877708117479471,0.3164372301344045,-0.2067188774634137,1.5733770002606586,14.0,6.0,7.0,2019.0,2.0,23.0
-0.1873559644494687,-0.1861298461695978,-0.1485529826216532,0.4736184236580711,-0.1697167986667276,1.4829953099499815,15.0,0.0,7.0,2019.0,2.0,2.0
-0.1481641450982348,-0.2205186117551567,-0.2355428126114766,0.4067525212554571,-0.2515965136948276,2.4852348515676925,16.0,1.0,7.0,2019.0,17.0,16.0
-0.2356160347669762,-0.2385363169320122,-0.2222768658695116,0.4294627444955678,-0.23904606328847,0.9924184696758932,17.0,2.0,7.0,2019.0,19.0,11.0
-0.2216716813290581,-0.2250271643305681,-0.162582741096087,0.4629325242598563,-0.1827509550363944,2.43660339529555,18.0,3.0,7.0,2019.0,6.0,14.0
-0.1630538010065796,-0.1711059290052246,-0.1709138363110117,0.2210575857764865,-0.1905510555804141,-0.0103928882232094,19.0,4.0,7.0,2019.0,1.0,13.0
-0.1709151398409744,-0.1570920242618078,-0.1564053638935517,0.1928103858049582,-0.1768018721950475,0.2747524566623989,20.0,5.0,7.0,2019.0,23.0,1.0
-0.1554724794466956,-0.1609915771161432,-0.1667177470046238,0.0259756970389546,-0.1864572385020268,-0.1082301650401247,21.0,6.0,7.0,2019.0,0.0,15.0
-0.1665513118754539,-0.1758293908181309,-0.1824286158476279,-0.0172058811519964,-0.2011988886075736,0.0192402442549526,22.0,0.0,7.0,2019.0,0.0,20.0
-0.1819013129290957,-0.1929843332564121,-0.2095752476298591,0.0650987783089499,-0.2267323383861554,-0.035788417690148,23.0,1.0,7.0,2019.0,14.0,12.0
-0.2100623795678912,-0.210010426613891,-0.2150275383530544,0.0405195398155414,-0.2318163836647691,-0.4237204069013541,24.0,2.0,7.0,2019.0,16.0,16.0
-0.2148866370502142,-0.1999163546982004,-0.2088956121535961,-0.0450002931846956,-0.2259746272209901,-0.1909969568573631,25.0,3.0,7.0,2019.0,19.0,13.0
-0.2085042926349516,-0.2034554080095148,-0.2114448756829187,-0.1169313540810113,-0.2283120001933513,-0.6763714940178764,26.0,4.0,7.0,2019.0,0.0,3.0
-0.2110787084642732,-0.2228317387499156,-0.2355406256175718,0.0090119608744818,-0.2509772022016869,0.7878269437353563,27.0,5.0,7.0,2019.0,0.0,0.0
-0.2343636871660499,-0.2328989280439266,-0.2309266021771014,-0.1579901983072434,-0.2465572795200485,-0.3130684612333464,28.0,6.0,7.0,2019.0,20.0,22.0
-0.2308941744595297,-0.2189479723065801,-0.2329956882148392,-0.1551287536707143,-0.2484441385183581,-0.6289794649857834,29.0,0.0,7.0,2019.0,4.0,11.0
-0.2324800897314239,-0.2211995871436967,-0.2275780136276678,-0.1530479098483546,-0.2432790577081876,-0.4758955357513493,30.0,1.0,7.0,2019.0,16.0,5.0
-0.2274663645054883,-0.2110352539106886,-0.1982302637883247,-0.0010917771875978,-0.2155202425102405,0.1195912186366833,31.0,2.0,7.0,2019.0,17.0,17.0
-0.1984234058568403,-0.1905548861112873,-0.1789572855651951,0.0278608313304462,-0.1972742056412028,0.1538718746682612,1.0,3.0,8.0,2019.0,8.0,5.0
-0.1785088742939854,-0.1621666877627016,-0.1716845272786471,0.0454203761126646,-0.19033852192602,-0.4806580714955111,2.0,4.0,8.0,2019.0,16.0,0.0
-0.1713164142265458,-0.1537898216967785,-0.1530553186193746,-0.0704518978740673,-0.1726808948349326,-0.1037330925600909,3.0,5.0,8.0,2019.0,19.0,0.0
-0.1527667083322523,-0.1464066538385537,-0.1439443554513074,-0.0065494153148128,-0.1640062445369788,-0.2642845108432528,4.0,6.0,8.0,2019.0,22.0,5.0
-0.1442326359783246,-0.1248808185882315,-0.0926709512888258,0.3918259619131794,-0.1155351835710389,1.0126004262684989,5.0,0.0,8.0,2019.0,17.0,0.0
-0.0920347773727473,-0.1040164283408372,-0.1127689186457197,0.3787613057795853,-0.1344340474659181,0.9604304552091544,6.0,1.0,8.0,2019.0,10.0,22.0
-0.1126088765602921,-0.0949770059512713,-0.0843052188674518,0.300653666350089,-0.1074844210024509,0.1663551568772205,7.0,2.0,8.0,2019.0,15.0,0.0
-0.083292571502752,-0.087233866538169,-0.0828053747535308,0.1534873385172152,-0.1059996835401455,-0.2780965586707074,8.0,3.0,8.0,2019.0,0.0,20.0
-0.0833275903678976,-0.0775237799238101,-0.0891554475438324,0.0915703592446834,-0.1119260472388195,-0.6301950111357311,9.0,4.0,8.0,2019.0,0.0,11.0
-0.088966519893774,-0.1019193982202168,-0.1203878003285521,0.0799292414676504,-0.1413549369436337,0.0969478034978277,10.0,5.0,8.0,2019.0,0.0,22.0
-0.1203669068562573,-0.1066995481822948,-0.1099820701582579,-0.0475809175297275,-0.1314549711632791,-0.5668995099649213,11.0,6.0,8.0,2019.0,23.0,9.0
-0.1094188831208736,-0.1021057421135312,-0.1186331034222337,-0.1629522737266473,-0.1395658564923053,-0.7294845254592579,12.0,0.0,8.0,2019.0,0.0,12.0
-0.1182004492618028,-0.133126073645888,-0.1485075039133573,0.0016191414506842,-0.1677214060130656,0.1463958873597012,13.0,1.0,8.0,2019.0,1.0,17.0
-0.1486037596314985,-0.1838456025620142,-0.2003121944881375,0.1811073108840344,-0.2166107923260485,0.8535923444048767,14.0,2.0,8.0,2019.0,0.0,23.0
-0.2008173695296319,-0.2061530060453651,-0.1843655226148153,0.3388433252950845,-0.2014771551159371,0.7710304338778258,15.0,3.0,8.0,2019.0,10.0,13.0
-0.1835778691544451,-0.194762020255564,-0.1805118117316635,0.1939814665114115,-0.1977710448823458,0.4835448562531947,16.0,4.0,8.0,2019.0,6.0,11.0
-0.1811666467684612,-0.1801429117041154,-0.1892630069654864,-0.1558560513269825,-0.2059891856433809,-0.2801971924063667,17.0,5.0,8.0,2019.0,10.0,18.0
-0.1888794430340898,-0.1780945945622928,-0.1822626563397371,-0.1980644162005097,-0.1993189528105332,-0.2637728675732032,18.0,6.0,8.0,2019.0,14.0,4.0
-0.181684380906051,-0.1658217665618063,-0.1472663762436701,-0.0332681658153675,-0.1661622246355667,0.3133483088338404,19.0,0.0,8.0,2019.0,23.0,0.0
-0.1469559391852708,-0.1464899590131812,-0.1566451328623627,-0.0867014396332702,-0.1749637470059589,-0.4167109455161952,20.0,1.0,8.0,2019.0,0.0,15.0
-0.1562673984994412,-0.1879814639081296,-0.1950131096549036,0.1530259470018296,-0.2111875074228401,0.8162259268741849,21.0,2.0,8.0,2019.0,13.0,14.0
-0.1944307649511941,-0.196280474089791,-0.1954422909454617,0.0241819942835753,-0.211535855231481,-0.1697806295879591,22.0,3.0,8.0,2019.0,12.0,8.0
-0.1948118699682855,-0.1806806654007997,-0.1784481594493145,-0.0555726012340019,-0.1953984025245533,-0.2644056159960372,23.0,4.0,8.0,2019.0,22.0,0.0
-0.1781652602186295,-0.1867437975920563,-0.1936684035293483,-0.0651179346620973,-0.2097304519077562,-0.1108225936394052,24.0,5.0,8.0,2019.0,13.0,9.0
-0.1933132232559213,-0.1850688153336958,-0.1949843691112602,-0.1354726768335323,-0.2109095333700094,-0.4410219031046125,25.0,6.0,8.0,2019.0,13.0,21.0
-0.1954259927182318,-0.1776390553818456,-0.1807277869106396,0.096921598560095,-0.1973649371431196,-0.2077915239398682,26.0,0.0,8.0,2019.0,1.0,0.0
-0.180301369175785,-0.1801048117625892,-0.1921010333574719,-0.1024557866573068,-0.208069728344885,-0.460947045745596,27.0,1.0,8.0,2019.0,0.0,12.0
-0.1906941696294229,-0.2035392732077402,-0.2185565363279539,0.0516411485296152,-0.2330436567352546,0.2331810957347774,28.0,2.0,8.0,2019.0,18.0,18.0
-0.2180959727568611,-0.2221926260253487,-0.2335446724022784,0.021381722128949,-0.247164095968214,-0.3054327142899377,29.0,3.0,8.0,2019.0,0.0,7.0
-0.2329392456785597,-0.2217707657672573,-0.2281456955734948,-0.1657690277867896,-0.2419918853931475,-0.5749510398894346,30.0,4.0,8.0,2019.0,20.0,1.0
-0.2278658634047086,-0.2152270150832934,-0.2261517471324813,-0.2818608825104698,-0.2400404259451795,-0.8134311950300404,31.0,5.0,8.0,2019.0,20.0,21.0
-0.2258379884050721,-0.2119933239086806,-0.218338851468664,-0.2823734518851113,-0.2325867713673464,-0.6200778902293319,1.0,6.0,9.0,2019.0,22.0,17.0
-0.2180537922519505,-0.2026544283629953,-0.1822043287531944,0.0323497205406046,-0.1983126314424169,0.5724388634174602,2.0,0.0,9.0,2019.0,17.0,17.0
-0.1819640481311156,-0.1661161827512313,-0.165218169466901,0.148244051266637,-0.1821586663540603,-0.1247764647782858,3.0,1.0,9.0,2019.0,14.0,10.0
-0.1650646427965988,-0.1581394053948731,-0.1670007916123672,0.0049363390995361,-0.1837887913217205,-0.3954401754073487,4.0,2.0,9.0,2019.0,20.0,13.0
-0.1670889938375317,-0.1529733288245248,-0.1681643856159534,-0.1139198470065939,-0.1848191585786081,-0.9239015044305192,5.0,3.0,9.0,2019.0,6.0,18.0
-0.1677016551492909,-0.167143466365932,-0.1818028555290529,0.1564694507253996,-0.1976725840608472,0.2896936213794778,6.0,4.0,9.0,2019.0,12.0,20.0
-0.1814605761541291,-0.1635636540666788,-0.1717409818293973,-0.0729098389074043,-0.1880759202450074,-0.670391778852188,7.0,5.0,9.0,2019.0,17.0,0.0
-0.1713878408231239,-0.1597592063192424,-0.1764038593273595,-0.1616847965229194,-0.1924180808991548,-0.7357219239721029,8.0,6.0,9.0,2019.0,4.0,21.0
-0.1759821357501962,-0.1764611551760739,-0.1829276832641995,0.0512155537450426,-0.1985382157831723,-0.4377393000573917,9.0,0.0,9.0,2019.0,0.0,8.0
-0.1825356375511932,-0.1843237168113537,-0.1963677811777916,-0.0946348134533306,-0.2111997404282593,-0.2585450700624879,10.0,1.0,9.0,2019.0,1.0,19.0
-0.19562629009489,-0.1868399129475204,-0.192538484819092,-0.0663636064783727,-0.2074947069425731,-0.5934031510638048,11.0,2.0,9.0,2019.0,6.0,6.0
-0.1923265582859613,-0.1793498025892298,-0.1783155081271028,-0.0720313389665994,-0.193946525603264,-0.322157207526428,12.0,3.0,9.0,2019.0,22.0,6.0
-0.1776917360555464,-0.171297632388091,-0.1813582416264314,-0.1378586644829862,-0.1967682451036577,-0.6607116247991113,13.0,4.0,9.0,2019.0,0.0,20.0
-0.1819837651108252,-0.1671817585404175,-0.1815115528709738,-0.1726327584895896,-0.1968489040880277,-0.8685065964951749,14.0,5.0,9.0,2019.0,21.0,12.0
-0.1813051016774721,-0.1658288469991594,-0.1821458967442926,-0.2499355510153215,-0.1973878459076834,-1.010129832536265,15.0,6.0,9.0,2019.0,11.0,15.0
-0.1818721986950918,-0.1736276644532303,-0.1864982711507279,-0.0808934448838873,-0.2014474352910309,-0.7016676544172257,16.0,0.0,9.0,2019.0,1.0,20.0
-0.1859034969935863,-0.1729957085641389,-0.1886782473329018,-0.0730597017045641,-0.2034533473745408,-0.9506236511153168,17.0,1.0,9.0,2019.0,20.0,9.0
-0.1879720773099978,-0.1735186031727924,-0.1913186476809091,-0.0261628955600174,-0.2058852358100876,-0.9815913022239164,18.0,2.0,9.0,2019.0,2.0,12.0
-0.1908739838833072,-0.1950014372720226,-0.1871352135113954,0.1782247777139416,-0.201855805608696,-0.0678513375352652,19.0,3.0,9.0,2019.0,3.0,16.0
-0.1868357095411331,-0.1772668651348835,-0.1923378380016582,-0.1039971929032196,-0.2067285641061413,-0.8073493900702777,20.0,4.0,9.0,2019.0,0.0,17.0
-0.1919076096702776,-0.1855797276656971,-0.2022752624961211,-0.1749891535379677,-0.2160901544027012,-0.7184928137098892,21.0,5.0,9.0,2019.0,1.0,22.0
-0.2016950819054124,-0.1905224144370795,-0.1991652868584141,-0.1872258251373953,-0.213070590834961,-0.8025681544432569,22.0,6.0,9.0,2019.0,1.0,0.0
-0.1990050081131976,-0.2028761717205545,-0.2200969124270478,-0.081720144327067,-0.2328908637550188,-0.3022177226261388,23.0,0.0,9.0,2019.0,3.0,3.0
-0.2197809310450144,-0.2886325436395625,-0.2881422000239121,0.4529454460115024,-0.2974134247687997,2.6206635137939784,24.0,1.0,9.0,2019.0,6.0,19.0
-0.2888553873068897,-0.2915033327745598,-0.2963397053532411,0.2762329290233894,-0.3051404576844334,0.0675061675103847,25.0,2.0,9.0,2019.0,1.0,8.0
-0.2959573036355629,-0.3186758515940456,-0.3189257064895122,0.1413715430190622,-0.3265244848521295,0.6968598389226174,26.0,3.0,9.0,2019.0,9.0,16.0
-0.3189374013973434,-0.3142314898955236,-0.3107708824207877,-0.0131638063045411,-0.3187379973472689,-0.21955184048738,27.0,4.0,9.0,2019.0,22.0,15.0
-0.3104603928198521,-0.3041463402598173,-0.3111348357774793,-0.1361616959734525,-0.3190304021292131,-0.6922764088181903,28.0,5.0,9.0,2019.0,10.0,15.0
-0.3107816409012663,-0.3126777370609654,-0.3198328825430189,-0.1961761443740084,-0.3272450741175985,-0.3432752605331396,29.0,6.0,9.0,2019.0,0.0,20.0
-0.3194818644350625,-0.322777390103147,-0.3081919488304888,0.0251563785416817,-0.3161461226645369,0.3499171983854397,30.0,0.0,9.0,2019.0,18.0,7.0
-0.3074880994827748,-0.2973654599394023,-0.305159684264585,-0.0730195636744091,-0.3132185608523333,-0.3681231698268494,1.0,1.0,10.0,2019.0,17.0,1.0
-0.3047585061853802,-0.2976805729462771,-0.3021055703139306,-0.1912360636354633,-0.310266928741409,-0.6818588667020113,2.0,2.0,10.0,2019.0,23.0,6.0
-0.3019019108653142,-0.3028182625120774,-0.3102709303084088,-0.1617793902577445,-0.3179739062796425,-0.3685227296189935,3.0,3.0,10.0,2019.0,0.0,15.0
-0.3099560367154014,-0.302514791454151,-0.313588188233418,-0.1904906427892247,-0.3210765025195156,-0.8538326279466621,4.0,4.0,10.0,2019.0,0.0,9.0
-0.3129834170406657,-0.3075802079907851,-0.3169291337142378,-0.2414169013683048,-0.3241992632732712,-0.7395329275891609,5.0,5.0,10.0,2019.0,3.0,13.0
-0.3166811673421773,-0.3146786144701821,-0.3269537151933236,-0.1893313784627265,-0.3336773078246508,-0.5513720580222267,6.0,6.0,10.0,2019.0,0.0,23.0
-0.3265437085163877,-0.3180349733351889,-0.3111527696520957,0.0736587555750889,-0.3186083796323458,0.110297397167524,7.0,0.0,10.0,2019.0,18.0,7.0
-0.3107318085462589,-0.3003318207331691,-0.3121862398700757,-0.0574578691289588,-0.3195379003745673,-0.7335614251583525,8.0,1.0,10.0,2019.0,2.0,20.0
-0.3117753351907422,-0.3013727758144315,-0.2896658281150963,0.1482453716382069,-0.29808226280341,0.247462996168456,9.0,2.0,10.0,2019.0,18.0,4.0
-0.2899688328414201,-0.282238335737431,-0.2902345136816157,0.0524476706218833,-0.2985661022986006,-0.7324861916978862,10.0,3.0,10.0,2019.0,7.0,13.0
-0.2899698782362969,-0.2920859578908379,-0.3064803812944728,0.1601470575039759,-0.3139593830239277,0.0284513102389505,11.0,4.0,10.0,2019.0,5.0,23.0
-0.3065099495402935,-0.2922655266775327,-0.3055721821780151,-0.114928540259072,-0.313050529221876,-0.8776821711925048,12.0,5.0,10.0,2019.0,16.0,0.0
-0.3052070064677321,-0.2945877654582889,-0.3065264685982485,-0.1542153638064549,-0.313910072638945,-0.5912328008242669,13.0,6.0,10.0,2019.0,16.0,20.0
-0.3061929135156394,-0.2941123710562115,-0.3032320428936311,-0.0813696408068765,-0.3107318146432217,-0.8648792444973815,14.0,0.0,10.0,2019.0,19.0,16.0
-0.302964263900573,-0.3005250616389202,-0.313623164987748,-0.0776259488083513,-0.3205630203120459,-0.4898511452014959,15.0,1.0,10.0,2019.0,0.0,21.0
-0.3133192866169646,-0.3130196342254512,-0.323310077298677,-0.0314576072266121,-0.3297313493691798,-0.4636200394281501,16.0,2.0,10.0,2019.0,6.0,16.0
-0.3229428872906451,-0.3120173093247114,-0.3198497166909365,-0.1268383937969937,-0.3263898456747142,-0.764185473568046,17.0,3.0,10.0,2019.0,16.0,5.0
-0.3196838774779424,-0.3182627015495505,-0.3278711168881257,-0.0542400689844704,-0.3339694215014083,-0.4397814581160577,18.0,4.0,10.0,2019.0,2.0,8.0
-0.3274833995065161,-0.3155684461460544,-0.326928891729065,-0.1547827048419378,-0.3330268799091457,-0.7473141591343816,19.0,5.0,10.0,2019.0,13.0,2.0
-0.3260107798849271,-0.3152736744577975,-0.3125977242594129,-0.0622315105935142,-0.3193415398652133,-0.1187706447781172,20.0,6.0,10.0,2019.0,20.0,3.0
-0.3120652346021729,-0.299658248218566,-0.3112694842044662,-0.0424621795984395,-0.3180239628942027,-0.8792995409958346,21.0,0.0,10.0,2019.0,15.0,16.0
-0.3109433178489529,-0.3073689078480672,-0.3214274395041586,0.0082292308153876,-0.3276366937729565,-0.4970086844901938,22.0,1.0,10.0,2019.0,10.0,23.0
-0.321199558995659,-0.3456296213182496,-0.3560117878756895,0.2869800102040563,-0.3605076446576508,0.8048531041175677,23.0,2.0,10.0,2019.0,1.0,22.0
-0.3559548231268943,-0.3470417247987152,-0.3573118220804094,-0.0207695765989433,-0.3617045963967833,-0.8988759029972481,24.0,3.0,10.0,2019.0,0.0,6.0
-0.3571220231082974,-0.3449555272987182,-0.2856791328174428,0.6537402713197138,-0.2934529939429742,2.9936225384850697,25.0,4.0,10.0,2019.0,20.0,5.0
-0.2849198244834674,-0.2701818089170862,-0.2498219386377557,1.510205999619208,-0.2592569222111348,2.8657938354800394,26.0,5.0,10.0,2019.0,2.0,2.0
-0.2496964757748435,-0.241735109306686,-0.2309969006907309,0.8646169405714715,-0.2412852280978962,0.5899468484780612,27.0,6.0,10.0,2019.0,20.0,4.0
-0.2298559349758241,-0.2326554106985737,-0.2491360478994789,0.7754040096717144,-0.2585106580383995,0.2912904315472405,28.0,0.0,10.0,2019.0,1.0,23.0
-0.2492833707357935,-0.234141245715403,-0.2386085560185909,0.6386469164074711,-0.2484327111168128,-0.4010877985578249,29.0,1.0,10.0,2019.0,5.0,19.0
-0.2386069292961679,-0.2434530578696471,-0.252230474235361,0.599582854012308,-0.2613586945174271,-0.2564204943066617,30.0,2.0,10.0,2019.0,0.0,15.0
-0.2521044644467783,-0.2470350068852826,-0.2526073966894939,0.5386814146311467,-0.2616677763027916,-0.197566758278256,31.0,3.0,10.0,2019.0,8.0,10.0
-0.2526238360172348,-0.2405018343295047,-0.2488318966368667,0.4161621932367871,-0.2580219183084637,-0.7905157469748694,1.0,4.0,11.0,2019.0,22.0,4.0
-0.2485875025565083,-0.2330702164565989,-0.2449278928273041,0.24900316986531,-0.2542510542913266,-0.8373290594183469,2.0,5.0,11.0,2019.0,20.0,10.0
-0.2445994634921626,-0.2399198741120307,-0.2504121615021082,0.2430124002058378,-0.2594257533698346,-0.5325034154969803,3.0,6.0,11.0,2019.0,2.0,18.0
-0.2500707164773241,-0.2367437847526982,-0.2395337640669091,0.5162599578667777,-0.2490086604769385,-0.3157701579495112,4.0,0.0,11.0,2019.0,20.0,4.0
-0.2391872089414568,-0.2326058649825799,-0.2438349153121763,0.5177977600646636,-0.2530527014083154,-0.6434472511495536,5.0,1.0,11.0,2019.0,2.0,7.0
-0.2436130986995571,-0.2295092161712212,-0.2427085940531473,0.3515771095550358,-0.2519290072442633,-0.8697420707092602,6.0,2.0,11.0,2019.0,7.0,17.0
-0.242905773434468,-0.2360566804053465,-0.2484356384531352,0.3280647520524062,-0.2573384393903941,-0.7350262978952288,7.0,3.0,11.0,2019.0,1.0,21.0
-0.2482448376282292,-0.263042830214275,-0.2768306906515348,0.4166148983346666,-0.2843629193786647,0.1947442077606875,8.0,4.0,11.0,2019.0,1.0,15.0
-0.2762146294634685,-0.2619281895703206,-0.276296656515981,0.0502765626217443,-0.2838019397473271,-0.905013280025203,9.0,5.0,11.0,2019.0,7.0,0.0
-0.2760293294230315,-0.2611063220930257,-0.2614483941499932,0.2134911848891974,-0.2695829854343269,-0.3202863590616088,10.0,6.0,11.0,2019.0,23.0,0.0
-0.2610334577860643,-0.2677800724470395,-0.2797207736546783,0.1960047031231999,-0.2869543616463971,-0.1065447760388106,11.0,0.0,11.0,2019.0,2.0,10.0
-0.2792648270579274,-0.2687398869869562,-0.2761690021009956,0.1984051398719363,-0.2835189723815445,-0.6973506005066424,12.0,1.0,11.0,2019.0,12.0,15.0
-0.2760572995271959,-0.2639205971899152,-0.2766231431308267,0.0484935125142686,-0.2839042833576821,-0.9740552832536395,13.0,2.0,11.0,2019.0,11.0,4.0
-0.2760632687730348,-0.2682894801268288,-0.2827704985908909,0.1319633162784517,-0.2897080110991644,-0.8000677741389567,14.0,3.0,11.0,2019.0,0.0,18.0
-0.2825804592143279,-0.2814220498254168,-0.2960329104196669,0.2790601983183677,-0.3023067395617769,-0.4631556953634189,15.0,4.0,11.0,2019.0,9.0,21.0
-0.2957427763185318,-0.2821093263642846,-0.2924262397935189,-0.0084750964668709,-0.2988141551335079,-0.8350700067502906,16.0,5.0,11.0,2019.0,9.0,0.0
-0.2921657410302821,-0.2804026093059697,-0.2907560205966113,0.1093952697889448,-0.2971668007266505,-0.5079638206196837,17.0,6.0,11.0,2019.0,20.0,8.0
-0.2906620822610229,-0.2947799325794595,-0.3072457194523058,0.2672698592678445,-0.3128560582478994,-0.0481442089149457,18.0,0.0,11.0,2019.0,10.0,18.0
-0.3071559960144623,-0.3057566038946692,-0.3135755043161091,0.240376103869038,-0.3188491395459515,-0.2328938046649672,19.0,1.0,11.0,2019.0,2.0,13.0
-0.3133844007183837,-0.3114122809339968,-0.3245533643196485,0.2230575253636606,-0.3292812723858759,-0.4792924320463886,20.0,2.0,11.0,2019.0,2.0,23.0
-0.3244256176092273,-0.3375329422878001,-0.3481515470166583,0.3179690639211472,-0.3517661439106715,0.4598224549883459,21.0,3.0,11.0,2019.0,8.0,18.0
-0.3477435514856725,-0.3793049170378971,-0.36939641108603,0.954063747373822,-0.3720101322733033,1.382223607719835,22.0,4.0,11.0,2019.0,1.0,14.0
-0.3690571375221615,-0.3657295413371334,-0.3631845083184477,0.2363251799437163,-0.3660265017119186,-0.1627085481630178,23.0,5.0,11.0,2019.0,22.0,9.0
-0.3627705495345074,-0.3734512749520381,-0.3846569080167382,0.7474861967038094,-0.3864933834128298,0.1325831265367112,24.0,6.0,11.0,2019.0,0.0,23.0
-0.3847744472538267,-0.3995081905983519,-0.3786292541960865,1.411981592560969,-0.380700730746312,1.389883226970827,25.0,0.0,11.0,2019.0,16.0,5.0
-0.3783214407942231,-0.3690707628991992,-0.3741959876151062,0.2428651303891467,-0.3764311816621485,-0.3916417957017537,26.0,1.0,11.0,2019.0,6.0,11.0
-0.3736758598176587,-0.3769359720022765,-0.3549689984061737,0.398086202025414,-0.3580247190376003,1.1200852266223558,27.0,2.0,11.0,2019.0,20.0,10.0
-0.3542927112225867,-0.3465907169102656,-0.3591764257284572,0.1300854588191071,-0.3619933256731503,-0.2468355580513312,28.0,3.0,11.0,2019.0,6.0,23.0
-0.3585929637318304,-0.3461712475701535,-0.3408795004726648,0.1658589851472865,-0.3444725122896074,-0.0836879217729456,29.0,4.0,11.0,2019.0,16.0,0.0
-0.3403515223299482,-0.3426879103088744,-0.3526389665869235,0.0274734130420074,-0.3556672471890671,-0.1268182818041478,30.0,5.0,11.0,2019.0,6.0,20.0
-0.3521579420860219,-0.3568826686846578,-0.3615584622588355,0.1122193642838011,-0.3641483202188184,-0.2364058377473321,1.0,6.0,12.0,2019.0,0.0,9.0
-0.3612120978230135,-0.3605461479129712,-0.3678369465250652,0.0233430492358571,-0.3701051563127602,-0.3528871345283663,2.0,0.0,12.0,2019.0,2.0,6.0
-0.3673509108297778,-0.3608017349945235,-0.3679500310008952,-0.1005642049199738,-0.3701669256685774,-0.5249597194705773,3.0,1.0,12.0,2019.0,16.0,10.0
-0.3675871322344058,-0.3644963238616582,-0.3721300480479733,0.2718675374100422,-0.3741146608238789,0.1099360592260654,4.0,2.0,12.0,2019.0,13.0,8.0
-0.3716904706003819,-0.3605918319669883,-0.3600846276108955,0.1173923068358418,-0.3625544252696632,0.628588034337994,5.0,3.0,12.0,2019.0,12.0,0.0
-0.3595847387721623,-0.3505073737389378,-0.3540279971839472,0.0787962785556129,-0.3567200053889352,-0.6568882940093472,6.0,4.0,12.0,2019.0,23.0,12.0
-0.3536518809655465,-0.3420643815178059,-0.3534608493012589,-0.0649828893783537,-0.3561299365039059,-0.974598539707012,7.0,5.0,12.0,2019.0,4.0,8.0
-0.3534019645255726,-0.3452016712162393,-0.3529632938314601,-0.0673482964393971,-0.3556087584347653,-0.6514024384618493,8.0,6.0,12.0,2019.0,16.0,4.0
-0.3527604700279743,-0.3521632594718146,-0.3629941030385653,0.0661891726857758,-0.3651577119242012,-0.3316283062233052,9.0,0.0,12.0,2019.0,15.0,22.0
-0.362862556027436,-0.3597467021576232,-0.3705291795067086,0.0866370347776214,-0.3723204760475317,-0.5719275268166994,10.0,1.0,12.0,2019.0,4.0,20.0
-0.3702207619616943,-0.3629406597854874,-0.3742539350668254,-0.0163339803539392,-0.3758443854570283,-0.7372794582619282,11.0,2.0,12.0,2019.0,13.0,20.0
-0.3739299619132889,-0.364887151352615,-0.3726762615821979,0.1234123348737616,-0.3742960844089267,-0.8293679858555751,12.0,3.0,12.0,2019.0,21.0,10.0
-0.3722168396504992,-0.3609430057513539,-0.3710468556738042,0.0257129989942475,-0.3726927260954766,-0.9575360488630776,13.0,4.0,12.0,2019.0,16.0,14.0
-0.3707296663027688,-0.3691569666198463,-0.3799462666816512,0.0263254852824663,-0.3811637774965724,-0.4410549078922359,14.0,5.0,12.0,2019.0,1.0,16.0
-0.3796048733172894,-0.3800845389754396,-0.3782507228692608,0.0124462580347941,-0.379505343634451,-0.2619035945396302,15.0,6.0,12.0,2019.0,10.0,15.0
-0.3777997046111359,-0.3813928882776812,-0.3917413340051534,0.1931711045294041,-0.3923712192144501,-0.2266936662564305,16.0,0.0,12.0,2019.0,14.0,21.0
-0.3914409401602086,-0.4013539398833217,-0.4096594586576081,0.3098097055242494,-0.4095048227837774,0.2101830406552471,17.0,1.0,12.0,2019.0,12.0,23.0
-0.4088410639187283,-0.4043840549093675,-0.3706100055935303,0.8235809120826956,-0.372129562941105,1.8628207588512185,18.0,2.0,12.0,2019.0,23.0,13.0
-0.3701966330730464,-0.3726866872713646,-0.3751488897072346,0.5018518503995245,-0.3763768741774721,-0.1089054747627927,19.0,3.0,12.0,2019.0,0.0,9.0
-0.3744270204404805,-0.3698578209878957,-0.3741686744045187,0.324454272150425,-0.3753807879914069,-0.5778403013064899,20.0,4.0,12.0,2019.0,22.0,17.0
-0.3736934734540074,-0.368175240498,-0.3758660620101451,0.1443191510677782,-0.3769546710882409,-0.7987473588811189,21.0,5.0,12.0,2019.0,0.0,9.0
-0.3754974854797817,-0.3647330137769118,-0.356200992134582,0.3516119400548789,-0.3580723787252129,0.0684820373766012,22.0,6.0,12.0,2019.0,23.0,2.0
-0.356005476031498,-0.3546791996442701,-0.3657724244722793,0.6063763805059569,-0.3671960169386968,-0.0569580637674346,23.0,0.0,12.0,2019.0,16.0,22.0
-0.3654847758771593,-0.3582618349487677,-0.367803539564365,0.3438606225635725,-0.369104000612162,-0.2576938959458691,24.0,1.0,12.0,2019.0,15.0,18.0
-0.3672416764291372,-0.36133068686347,-0.3707110858246981,0.2661869904380138,-0.3718516295549877,-0.7141544151295434,25.0,2.0,12.0,2019.0,9.0,16.0
-0.3703678978779538,-0.3626334308564611,-0.3729320142921938,0.3327630912741624,-0.373929885026581,-0.5260756206962688,26.0,3.0,12.0,2019.0,19.0,13.0
-0.3726169118892027,-0.3632943130961997,-0.3697946490827095,0.3322397569996055,-0.3708820697277865,-0.5739252420258546,27.0,4.0,12.0,2019.0,19.0,4.0
-0.3694947710793679,-0.3571631896063489,-0.3680823116571791,0.2556741304913771,-0.3691965360457564,-0.7966217138397644,28.0,5.0,12.0,2019.0,20.0,0.0
-0.3677391275795721,-0.3576082834273219,-0.3616590904427569,0.314227492740212,-0.3629943980632174,-0.3666070874903179,29.0,6.0,12.0,2019.0,20.0,0.0
-0.3614429860844149,-0.3578331997433868,-0.3696162712800065,0.3374883017404162,-0.3705718447393132,-0.5719971545873398,30.0,0.0,12.0,2019.0,7.0,17.0
-0.369163000174901,-0.3645687162619029,-0.3757162860838386,0.2449500290172638,-0.376375726110753,-0.6074154753823573,31.0,1.0,12.0,2019.0,14.0,21.0
-0.3752702869255612,-0.3642420601962929,-0.3753127478678075,0.1038102812320778,-0.3759386819050211,-0.9092863157539488,1.0,2.0,1.0,2020.0,15.0,1.0
-0.3748003916004304,-0.3793957495131073,-0.3884893209762768,0.2251067609669379,-0.3885307367603238,-0.1994703459173196,2.0,3.0,1.0,2020.0,1.0,23.0
-0.3881823892161513,-0.3806776016768975,-0.3664317970993666,0.6215460706419053,-0.3673331299475922,0.6541484900097952,3.0,4.0,1.0,2020.0,17.0,2.0
-0.3660380108649204,-0.3557337184489474,-0.3623952955417983,0.0972262580041869,-0.3634108586002246,-0.7794544047477313,4.0,5.0,1.0,2020.0,18.0,0.0
-0.3620455184000682,-0.3499787711530547,-0.3623547441732827,0.1666930753548853,-0.3633229926268456,-0.6919290175247477,5.0,6.0,1.0,2020.0,18.0,23.0
-0.3620454892989142,-0.3494250599609453,-0.3403900417708272,0.3592985958054709,-0.3422134342621398,0.1070016369439763,6.0,0.0,1.0,2020.0,23.0,0.0
-0.3400677974828938,-0.3267309906866818,-0.3161809191129008,0.6571152099957536,-0.3189339396759614,0.1716840531818089,7.0,1.0,1.0,2020.0,23.0,0.0
-0.315941362478124,-0.3148099106720033,-0.3213255974917819,0.8146880338963846,-0.3238231569826896,0.2009440194123598,8.0,2.0,1.0,2020.0,13.0,20.0
-0.3208273061847016,-0.3220411302732147,-0.3336483105541519,0.4010463291922698,-0.3355949404139184,-0.4263674934847172,9.0,3.0,1.0,2020.0,0.0,21.0
-0.3333421727383515,-0.3293518895838537,-0.3160052820580518,0.6542565177355321,-0.3186170822262769,0.2505941185039411,10.0,4.0,1.0,2020.0,23.0,10.0
-0.3159256774898669,-0.3102027504898748,-0.3239231389948938,0.481055276928719,-0.3261620862063787,-0.5962630355026146,11.0,5.0,1.0,2020.0,1.0,23.0
-0.3238355969161422,-0.3115041496582852,-0.3144133326652931,0.3390778077889658,-0.3169851004848363,-0.5792780168504463,12.0,6.0,1.0,2020.0,19.0,0.0
-0.3142335647289528,-0.3070377329985,-0.3173775092563668,0.3162696752462861,-0.3197829784379518,-0.8216198350737239,13.0,0.0,1.0,2020.0,0.0,14.0
-0.3172298760599804,-0.303166243457721,-0.2754263000317904,1.5289464058075868,-0.2794612479007438,1.1544731762857745,14.0,1.0,1.0,2020.0,23.0,0.0
-0.2752407165156338,-0.2705254391156948,-0.276699998170039,1.2719203192826185,-0.2806301039915937,-0.5115156290507359,15.0,2.0,1.0,2020.0,14.0,5.0
-0.2760298227849557,-0.2733764105582416,-0.2818075501122703,0.79523989889734,-0.2854773416776753,-0.5063001283116234,16.0,3.0,1.0,2020.0,0.0,3.0
-0.2813840036631671,-0.269252765009715,-0.2692110829623546,1.0695788448220311,-0.2733243572422983,-0.3615720220661185,17.0,4.0,1.0,2020.0,10.0,1.0
-0.2689909945887839,-0.2597678225906836,-0.2683659322915033,0.8507671667832765,-0.2724652439469535,-0.6587462467596804,18.0,5.0,1.0,2020.0,19.0,5.0
-0.2681177584170008,-0.2728716026355802,-0.2828840323756038,0.9527080782228328,-0.2863556577275744,0.381383338682806,19.0,6.0,1.0,2020.0,3.0,13.0
-0.2826464902732688,-0.2766402607751398,-0.2858667860590915,0.5299341759047296,-0.2891676007479234,-0.6442865725216922,20.0,0.0,1.0,2020.0,22.0,13.0
-0.2854465810119471,-0.2776489457802196,-0.2804507024495111,0.4038356287222371,-0.2839105965507582,-0.5634164477348865,21.0,1.0,1.0,2020.0,21.0,19.0
-0.2802182895651902,-0.2718177835192949,-0.2844409527328901,0.3226313075568242,-0.287689165463143,-0.7322830053129527,22.0,2.0,1.0,2020.0,7.0,16.0
-0.2841177602256181,-0.2909822513329239,-0.3012786346504263,0.4945882429921218,-0.3038125368176347,-0.1386049120300049,23.0,3.0,1.0,2020.0,0.0,18.0
-0.300994320716195,-0.2952055909312669,-0.2988901940449722,0.4201335296743809,-0.3014653750233647,-0.431485290624486,24.0,4.0,1.0,2020.0,20.0,11.0
-0.2988745356916792,-0.2933481043515963,-0.3036517375132025,0.1624765580657037,-0.3059863520602489,-0.6972386370136578,25.0,5.0,1.0,2020.0,0.0,2.0
-0.3035193776336584,-0.2914968994390982,-0.2895989330013991,0.2997148334022989,-0.2924292259721008,-0.3377031672536554,26.0,6.0,1.0,2020.0,22.0,0.0
-0.2892308478485914,-0.2743113401179676,-0.2703905370419625,0.6506093307032669,-0.2739186622057368,-0.0491148215713606,27.0,0.0,1.0,2020.0,20.0,0.0
-0.2698921107145906,-0.2546392551388814,-0.242849108243373,0.9625479559177716,-0.24738889198929,0.1129582613623211,28.0,1.0,1.0,2020.0,4.0,0.0
-0.2425943006855359,-0.2318132534396065,-0.2454242754729114,0.7609955768967577,-0.2498046136575874,-0.815975973282611,29.0,2.0,1.0,2020.0,21.0,12.0
-0.2451375013264942,-0.2342519425958499,-0.2336187438138824,0.8529919779484639,-0.2383929217113728,-0.2992776507951307,30.0,3.0,1.0,2020.0,20.0,0.0
-0.2333399715662135,-0.2342595992028774,-0.2433438150368468,0.6931935309492427,-0.2476900806218444,-0.4026408967586608,31.0,4.0,1.0,2020.0,0.0,13.0
-0.2432760772325385,-0.2290458011563582,-0.2407450083618827,0.5028309398737797,-0.2451340461760253,-0.8456695379975847,1.0,5.0,2.0,2020.0,2.0,13.0
-0.2406095882378843,-0.2350785178655247,-0.2437221088759901,0.7693013574695163,-0.247942482381592,-0.5028409705209822,2.0,6.0,2.0,2020.0,12.0,4.0
-0.2433787754031896,-0.2331305023071853,-0.2468424566359652,0.7746360785260225,-0.2508885693317914,-0.3865272603592571,3.0,0.0,2.0,2020.0,1.0,23.0
-0.2465593116853608,-0.2417180637154285,-0.2537502348905872,0.7181801606217793,-0.2574847087185021,-0.5862418356404483,4.0,1.0,2.0,2020.0,0.0,13.0
-0.2532726954307662,-0.2385003099410556,-0.2272097520652638,1.0072021166386949,-0.2318888483736456,0.3209915273556104,5.0,2.0,2.0,2020.0,21.0,0.0
-0.226621570527006,-0.2147200518057962,-0.2200675485319375,1.1377375527758402,-0.2249630176869269,-0.4281649583577903,6.0,3.0,2.0,2020.0,13.0,1.0
-0.2199845078292084,-0.2029482759142517,-0.2160083914631213,0.9692719123188008,-0.221001350565943,-0.9055596573917072,7.0,4.0,2.0,2020.0,11.0,0.0
-0.2158698754184935,-0.2059258108159142,-0.2117630259469228,1.0044893418276009,-0.2168605131063482,-0.6718534522624106,8.0,5.0,2.0,2020.0,21.0,4.0
-0.211524735730754,-0.1950836277496557,-0.1963249463650747,1.0389754025176003,-0.2019407517074152,-0.4624138513597285,9.0,6.0,2.0,2020.0,4.0,4.0
-0.1960848903979632,-0.1992457084878184,-0.2122851669201292,1.2330711319396477,-0.2172531202286768,-0.2191003361351797,10.0,0.0,2.0,2020.0,6.0,5.0
-0.2120157370515773,-0.2027376230668974,-0.1907056854439976,1.1387808367027463,-0.1964180299644315,0.0680996890638022,11.0,1.0,2.0,2020.0,15.0,15.0
-0.1907579222491128,-0.1728282911955801,-0.183475088297126,1.4531513609725328,-0.1893973430214169,-0.7096355502392812,12.0,2.0,2.0,2020.0,7.0,0.0
-0.1832993273306513,-0.1782800438553616,-0.1903286723734732,1.773787503996536,-0.1959382535180813,-0.3384763559581818,13.0,3.0,2.0,2020.0,7.0,12.0
-0.1901957808204682,-0.1776874694587507,-0.1843305006566199,1.447400094515536,-0.1901063866859932,-0.6967872953670965,14.0,4.0,2.0,2020.0,21.0,8.0
-0.1839191950584673,-0.1935639672445358,-0.2102713996897811,1.4759716050173055,-0.2150302531420288,-0.022108647855205,15.0,5.0,2.0,2020.0,16.0,16.0
-0.2099734907291872,-0.2031769018762595,-0.2075091774761682,1.4493806181824809,-0.21231270730503,-0.3267010220182836,16.0,6.0,2.0,2020.0,3.0,5.0
-0.2070666542360912,-0.2167546768958685,-0.2225014894009417,1.5916721952713235,-0.2266921421201597,-0.0712687744203646,17.0,0.0,2.0,2020.0,0.0,14.0
-0.2221178120244538,-0.2088675383140518,-0.1947708782884184,1.6607009257808274,-0.1999172057942443,0.2200591596687864,18.0,1.0,2.0,2020.0,20.0,20.0
-0.1943524244286545,-0.2102053557447199,-0.2259846322339928,1.645568591182042,-0.2299342071864234,0.2868724219261087,19.0,2.0,2.0,2020.0,21.0,21.0
-0.2259157742565735,-0.2167381073758195,-0.2275134382773916,1.5334738950994482,-0.2313577176324978,-0.831106823761297,20.0,3.0,2.0,2020.0,0.0,18.0
-0.2269920697557002,-0.2115634508340674,-0.2227286484146505,1.3168129267654678,-0.2266862819170076,-0.835953256289119,21.0,4.0,2.0,2020.0,17.0,0.0
-0.2223340236973091,-0.2108688992507432,-0.2241560936747186,1.0406101303146569,-0.228004685258807,-0.9343854624975242,22.0,5.0,2.0,2020.0,0.0,6.0
-0.2238302550500879,-0.2072610627408136,-0.2081178626818757,1.3306237245313668,-0.2124892934013239,-0.4456797395430867,23.0,6.0,2.0,2020.0,23.0,0.0
-0.2079854933628546,-0.2148954958412097,-0.2249543446186563,1.5418934420263437,-0.228662889715575,-0.1125749884304564,24.0,0.0,2.0,2020.0,0.0,18.0
-0.2245668235374661,-0.2295653691231974,-0.243885362734582,1.4027628253137214,-0.2468569651990317,-0.2620084578075771,25.0,1.0,2.0,2020.0,0.0,21.0
-0.2437710157117645,-0.2675386897518366,-0.2758707609929385,1.831494483352321,-0.277644495890516,0.6085465863386633,26.0,2.0,2.0,2020.0,0.0,17.0
-0.275256064454686,-0.2755827856173543,-0.2780818485316078,1.5630295233056448,-0.2797239870688552,-0.1512459446722037,27.0,3.0,2.0,2020.0,16.0,1.0
-0.277487085699845,-0.2809106782707267,-0.284957737071054,1.5161283925678166,-0.2862992503176864,-0.0236687136632138,28.0,4.0,2.0,2020.0,2.0,12.0
-0.2846967904569034,-0.2741722525500461,-0.2894345338170152,1.0381351574675353,-0.2905676741449843,-0.6690233458081902,29.0,5.0,2.0,2020.0,6.0,23.0
-0.2890805650057844,-0.2822839215809166,-0.2917086011568612,1.0140958166837004,-0.2926990989101571,-0.4253654273108955,1.0,6.0,3.0,2020.0,12.0,19.0
-0.2913195074968414,-0.2784006742664685,-0.2728545037671204,1.4213343800632727,-0.2744597573178025,-0.0195811819131235,2.0,0.0,3.0,2020.0,22.0,0.0
-0.272783966568708,-0.267503046397557,-0.2778797787108255,1.395791030431838,-0.2792533139522322,-0.6207042605914505,3.0,1.0,3.0,2020.0,12.0,19.0
-0.2774985190803006,-0.2670325474438736,-0.2798768178898098,0.9814203458956072,-0.2811210577488044,-0.8092056671304056,4.0,2.0,3.0,2020.0,6.0,16.0
-0.2792321185037903,-0.2641986083568102,-0.2600223379484887,1.2499662904947744,-0.2619031345150374,-0.0574790580326887,5.0,3.0,3.0,2020.0,20.0,0.0
-0.2597211126462359,-0.2468224313732369,-0.2573353550843307,1.3111906252658712,-0.2592539986314084,-0.8081636996239003,6.0,4.0,3.0,2020.0,11.0,1.0
-0.2570651119979204,-0.2557585333119319,-0.270382284271354,1.0611607872820068,-0.2717872759678729,-0.4214370012533419,7.0,5.0,3.0,2020.0,16.0,20.0
-0.2701570435310167,-0.3054221729612054,-0.319591657665082,1.264884024714012,-0.3192322516946578,1.1570977625921646,8.0,6.0,3.0,2020.0,0.0,23.0
-0.3190573151803862,-0.3316708247333412,-0.3309128203939025,1.6425842634829884,-0.3301129936004786,0.3620816757499026,9.0,0.0,3.0,2020.0,0.0,15.0
-0.3306525826943854,-0.3237887259997231,-0.3317668136243845,1.386420253633739,-0.3308941458471618,-0.1418269732710912,10.0,1.0,3.0,2020.0,13.0,16.0
-0.3313923040967659,-0.3346605236857358,-0.3316624381604877,1.1948999662085082,-0.3307551817744339,-0.186646379548612,11.0,2.0,3.0,2020.0,1.0,18.0
-0.3311759454064559,-0.5105848266543449,-0.5121319056100523,2.024594589174736,-0.5049797268325122,8.847467868314089,12.0,3.0,3.0,2020.0,0.0,23.0
-0.508834800266774,-0.5582177488213748,-0.4757440127026851,3.09610697611805,-0.4698128605243155,7.739428340475309,13.0,4.0,3.0,2020.0,13.0,2.0
-0.4747699460839976,-0.4938478686166305,-0.4980425055168877,1.0577750813071525,-0.4913205507882452,1.1291245150327869,14.0,5.0,3.0,2020.0,3.0,23.0
-0.4975931284429716,-0.4910523823719603,-0.4862624718248906,0.9408068227471984,-0.479917019182966,2.127908989715133,15.0,6.0,3.0,2020.0,22.0,0.0
-0.4862945851628691,-0.5286040391224741,-0.5094504893910857,1.557488175649588,-0.5022907420593339,2.6995938912091,16.0,0.0,3.0,2020.0,0.0,11.0
-0.5097705661803191,-0.5028993282466547,-0.4964921002212534,1.1916392596983392,-0.4897472576498765,0.8210107130801585,17.0,1.0,3.0,2020.0,7.0,0.0
-0.4959951231937639,-0.4973716671532406,-0.4957059785041574,1.1512955550150612,-0.4889661432902504,0.1054907028922831,18.0,2.0,3.0,2020.0,21.0,13.0
-0.4948722241351825,-0.4867728936518847,-0.4372347122217115,1.8629888420544016,-0.4324481704596105,4.2000910718995055,19.0,3.0,3.0,2020.0,22.0,2.0
-0.4368197889597654,-0.4470154194834925,-0.4367691994398607,2.049685617486663,-0.4319707383608772,2.8975638694417225,20.0,4.0,3.0,2020.0,10.0,20.0
-0.4359076291392685,-0.4427766446818188,-0.4376106963689902,1.4016309954481057,-0.4327527569354022,0.6630719866519535,21.0,5.0,3.0,2020.0,21.0,11.0
-0.4371937724955064,-0.4496752128650673,-0.4593857634142179,1.2717483930896591,-0.4537652744410646,1.0489858727333827,22.0,6.0,3.0,2020.0,6.0,23.0
-0.4589232047722658,-0.4521226751108407,-0.4234188144290217,1.618444499513633,-0.418976092897698,1.7312910354330702,23.0,0.0,3.0,2020.0,23.0,9.0
-0.4217895263877203,-0.4125391458832336,-0.403872899034438,1.7122741055063528,-0.4000491105813354,0.3256427769832609,24.0,1.0,3.0,2020.0,10.0,5.0
-0.4032570233399372,-0.4045815162586317,-0.40717100415401,1.5152962594435568,-0.4032118858337192,0.1715030582238385,25.0,2.0,3.0,2020.0,10.0,11.0
-0.4071556224074893,-0.4011649913149712,-0.404999864644169,1.012503059173835,-0.4010695420519672,-0.6344172574544062,26.0,3.0,3.0,2020.0,4.0,8.0
-0.4044427917330913,-0.4090215373010215,-0.4201364986077941,0.9726823419280602,-0.4156627965047186,0.0657814031754437,27.0,4.0,3.0,2020.0,4.0,23.0
-0.419911479540237,-0.4310788883422424,-0.434104746905316,0.9889332205864536,-0.4291338888105404,0.2051502917809784,28.0,5.0,3.0,2020.0,0.0,18.0
-0.4335086289557535,-0.4435819801840507,-0.4537526435533398,0.6357675314727926,-0.4480966475280442,0.1748838519969371,29.0,6.0,3.0,2020.0,0.0,22.0
-0.4531461800802566,-0.4446474473765363,-0.422588641300477,1.1091453497574428,-0.4179205434505517,1.4882553565124124,30.0,0.0,3.0,2020.0,22.0,0.0
-0.4221598352772963,-0.4148724673594354,-0.4220484047241144,0.8751030719416949,-0.4173562723062629,-0.6700731216949325,31.0,1.0,3.0,2020.0,1.0,12.0
-0.4217480063539727,-0.4257340126921896,-0.4117300455843337,1.285131981545408,-0.4073352155576606,0.4552003109597169,1.0,2.0,4.0,2020.0,23.0,16.0
-0.4113516750108275,-0.4008516699946421,-0.4002630204742489,1.6818328375546472,-0.3962008272801641,0.7348019340236784,2.0,3.0,4.0,2020.0,17.0,5.0
-0.399656959422739,-0.3959568563203005,-0.4039598239651461,1.2108316477063437,-0.3997404813693493,0.0617917927479626,3.0,4.0,4.0,2020.0,12.0,16.0
-0.4032774912182562,-0.3944932385164586,-0.3957275539322142,0.896771799228564,-0.3917313133506774,-0.4937573032837843,4.0,5.0,4.0,2020.0,20.0,3.0
-0.3956604904380168,-0.3932638282285247,-0.4004161500791202,0.6974196802361883,-0.396221191390919,-0.5629898081599688,5.0,6.0,4.0,2020.0,0.0,17.0
-0.4002303927089654,-0.3890301732827564,-0.3709181861249706,1.6404098401011382,-0.36763498043776,0.6701511536976756,6.0,0.0,4.0,2020.0,23.0,0.0
-0.3704387714072044,-0.3666591959609784,-0.3767709106663213,1.4964963704354473,-0.373250978474269,-0.1581450126115676,7.0,1.0,4.0,2020.0,10.0,21.0
-0.3762278846084017,-0.365610179099555,-0.3670937256132851,1.1341810110648962,-0.3638409357546426,-0.4630592040784227,8.0,2.0,4.0,2020.0,6.0,1.0
-0.3664925648762755,-0.3639796595425613,-0.3690581389764821,0.985131931629764,-0.3656967278041814,-0.6220477108419238,9.0,3.0,4.0,2020.0,0.0,12.0
-0.3685877561998291,-0.3877918740312556,-0.3958523786350552,1.4628346691252845,-0.3915929116506244,0.5825797478301133,10.0,4.0,4.0,2020.0,0.0,15.0
-0.3953597102784806,-0.3885856324912984,-0.3962457903192829,0.7902557424952688,-0.3919298939509439,-0.6816092991047087,11.0,5.0,4.0,2020.0,6.0,17.0
-0.3959347164988298,-0.3872479431303703,-0.3893717349896838,1.03635483491375,-0.3852299467047675,-0.0286864635272756,12.0,6.0,4.0,2020.0,20.0,4.0
-0.3893365195222898,-0.3962777921390032,-0.3971077590957334,1.1914584181521506,-0.392674114026604,-0.0894958740968307,13.0,0.0,4.0,2020.0,0.0,14.0
-0.3968418651250246,-0.3883390182346569,-0.39726792672281,0.9469108865952168,-0.3927829018252725,-0.5716138121717987,14.0,1.0,4.0,2020.0,17.0,8.0
-0.3967019888865472,-0.3984816725613379,-0.4095615939624781,0.8480845214885269,-0.4046460338750419,-0.0780337131684065,15.0,2.0,4.0,2020.0,4.0,23.0
-0.4092855249389406,-0.4034068940231404,-0.3804292394060567,1.6342451488458898,-0.3763779948552481,1.0628148147824954,16.0,3.0,4.0,2020.0,23.0,0.0
-0.3800764720139351,-0.3721208246832484,-0.3816946775448343,0.8602939351677484,-0.3775684166401261,-0.7698062508363923,17.0,4.0,4.0,2020.0,23.0,15.0
-0.3815649098262552,-0.3696603554903601,-0.3717845139215144,0.8567015420340097,-0.3679180804485571,-0.5351757882259585,18.0,5.0,4.0,2020.0,23.0,0.0
-0.3712192541255594,-0.364740889062524,-0.3759724571675551,0.7950895695481123,-0.371932044379218,-0.7903303784042387,19.0,6.0,4.0,2020.0,4.0,14.0
-0.3757622119782653,-0.3857036275715867,-0.3948418892774634,1.144153251588983,-0.3901760379005722,0.2635850929841614,20.0,0.0,4.0,2020.0,4.0,20.0
-0.3946024018598778,-0.3857706991956861,-0.3949422439208319,0.864433186382633,-0.3902311931395338,-0.81819180898799,21.0,1.0,4.0,2020.0,7.0,12.0
-0.3946235096200202,-0.3836627776300438,-0.3804044909743108,0.9001976904251295,-0.3761006086986278,-0.148198610768662,22.0,2.0,4.0,2020.0,17.0,1.0
-0.3797848438697823,-0.3701441965374744,-0.3612250726822713,1.456214580852674,-0.3574637194548202,0.296662853034686,23.0,3.0,4.0,2020.0,19.0,11.0
-0.3605896715666951,-0.3478514624850305,-0.3537883854881583,0.975444516097226,-0.3502084718918632,-0.7072838756691754,24.0,4.0,4.0,2020.0,21.0,0.0
-0.3534544804163121,-0.3423197471217492,-0.3526201925311715,0.8835137361242321,-0.3490339414065703,-0.7845018259338915,25.0,5.0,4.0,2020.0,15.0,19.0
-0.3522485729705785,-0.3398074263183295,-0.345873632359419,0.8904893132278927,-0.3424489281276596,-0.718876297460977,26.0,6.0,4.0,2020.0,14.0,0.0
-0.3455441531935055,-0.3323460322580528,-0.3387709707627181,1.0581893819000838,-0.3355157313576236,-0.8032301484924325,27.0,0.0,4.0,2020.0,23.0,0.0
-0.3383322714088957,-0.3290969897755955,-0.3380678080531799,0.8968787185088285,-0.3347849363539368,-0.9169556342639756,28.0,1.0,4.0,2020.0,23.0,15.0
-0.3377345840507147,-0.3256042000237875,-0.277066535590722,2.361986007956533,-0.2755585479305719,2.4065824624502645,29.0,2.0,4.0,2020.0,21.0,2.0
-0.2769385170110232,-0.2783611586269451,-0.2858108625416054,2.7288217022364387,-0.2839945004312291,1.4760209641237834,30.0,3.0,4.0,2020.0,6.0,17.0
-0.2846005081636995,-0.2698567732936344,-0.2731554354953893,1.4869998808886489,-0.271664949517068,-0.0595574106063627,1.0,4.0,5.0,2020.0,11.0,0.0
-0.2725588302399068,-0.2607772931687379,-0.2655559303696717,1.2736317132858943,-0.2642369049443717,-0.6232396502385736,2.0,5.0,5.0,2020.0,17.0,6.0
-0.2655306917324636,-0.2595377480802383,-0.2711485069838415,1.6515219333709912,-0.269603156361183,-0.2241003186601934,3.0,6.0,5.0,2020.0,4.0,15.0
-0.2709215449145062,-0.2712944797150567,-0.2702165246609375,1.576512856453724,-0.2686418924659159,-0.2870791594189217,4.0,0.0,5.0,2020.0,22.0,5.0
-0.2698732256699648,-0.2579029775990094,-0.2646676516486031,1.4371058432709831,-0.2631981807961428,-0.5976719161924159,5.0,1.0,5.0,2020.0,5.0,11.0
-0.2640688788741703,-0.2509557556830801,-0.2483619359596197,1.7746452913937258,-0.2473110220955642,0.0837028555450475,6.0,2.0,5.0,2020.0,23.0,0.0
-0.2484579261982925,-0.2401050901623579,-0.2064606361536933,2.411431019399517,-0.2065714520971887,1.1937995907073709,7.0,3.0,5.0,2020.0,23.0,2.0
-0.2070910582586837,-0.2003452584891401,-0.2131409899770881,1.9052945312298484,-0.213003085547775,-0.5966859932949593,8.0,4.0,5.0,2020.0,0.0,7.0
-0.2129350991954169,-0.2121387529367981,-0.2284081731024444,1.6224691967976996,-0.2277753248521532,-0.3181345570958608,9.0,5.0,5.0,2020.0,1.0,11.0
-0.2282566814788923,-0.2870957631126623,-0.2798040783533305,2.531434507254909,-0.2776274114542142,2.0463837883489435,10.0,6.0,5.0,2020.0,0.0,17.0
-0.2795234982463969,-0.2884098866936632,-0.2892941431158185,2.194871526417195,-0.2867938954917496,0.7546079863457178,11.0,0.0,5.0,2020.0,12.0,18.0
-0.2884285364401394,-0.2760604799296088,-0.2768554174623597,1.3825573115469,-0.2746855209687379,-0.051349069298085,12.0,1.0,5.0,2020.0,17.0,0.0
-0.2764650258276937,-0.2611552920692833,-0.2482867184078337,1.5677995709181745,-0.2469116992716583,0.312240521257314,13.0,2.0,5.0,2020.0,21.0,0.0
-0.2478791682401623,-0.2327258157714209,-0.2198270217765408,2.157287980187992,-0.2192423442419573,0.3083968747899587,14.0,3.0,5.0,2020.0,10.0,1.0
-0.2194760555738313,-0.2323234977114935,-0.2447143555075147,1.708851302400781,-0.2433962072291683,0.1203603006507241,15.0,4.0,5.0,2020.0,0.0,20.0
-0.244080862416385,-0.232367998624883,-0.241718431121163,1.0583315739422483,-0.240461477616807,-0.3528681185930859,16.0,5.0,5.0,2020.0,5.0,0.0
-0.2415231392142812,-0.2267502295173108,-0.2236922815363362,1.270912380815171,-0.222928497328126,0.1128427460913067,17.0,6.0,5.0,2020.0,16.0,0.0
-0.223070956400041,-0.2127890665316495,-0.2202656175617685,1.36544134820805,-0.2195737630473214,-0.2965969177070948,18.0,0.0,5.0,2020.0,1.0,10.0
-0.2199194485637771,-0.2147323195658431,-0.2201144549629936,1.2258978028598984,-0.2194045741977406,-0.4058343667067776,19.0,1.0,5.0,2020.0,11.0,5.0
-0.2200258455399378,-0.2205758445626936,-0.2327603164080527,1.0790215156671807,-0.2316697382108763,-0.2428091675238449,20.0,2.0,5.0,2020.0,6.0,17.0
-0.2324548667003682,-0.2570744643392429,-0.259838272856714,1.2297958968259024,-0.2579572174363,0.6686847749085445,21.0,3.0,5.0,2020.0,0.0,19.0
-0.2595968030631429,-0.2483045365762277,-0.2536511486355127,0.7137104940184024,-0.2519242435787659,-0.5553288572092958,22.0,4.0,5.0,2020.0,17.0,4.0
-0.2531716536804511,-0.2413831267807346,-0.2520119409976422,0.6007400116911574,-0.2503090576071848,-0.6751347479138569,23.0,5.0,5.0,2020.0,3.0,10.0
-0.2515016424846409,-0.262302013856869,-0.2777213473167385,0.8605857153425641,-0.2752732445217344,0.2137939953139066,24.0,6.0,5.0,2020.0,10.0,23.0
-0.2776478771390601,-0.2665750078165907,-0.2705675558694379,0.7938392481709174,-0.2682981412480381,-0.513157780931451,25.0,0.0,5.0,2020.0,19.0,11.0
-0.2700723758124315,-0.2641960938638419,-0.2749789909356074,0.7014211234089875,-0.2725639663159995,-0.5129096287350928,26.0,1.0,5.0,2020.0,8.0,16.0
-0.274502204130801,-0.2593362983896017,-0.2537468606571116,0.8726118660074981,-0.2519012729500038,-0.1132263952442488,27.0,2.0,5.0,2020.0,17.0,0.0
-0.2531788764925178,-0.2394643193336783,-0.2325903231948413,0.9608302023644864,-0.2313119970308406,-0.0732436985230736,28.0,3.0,5.0,2020.0,23.0,8.0
-0.2321103482806081,-0.2248665390385427,-0.2379066704310205,0.8810785302078615,-0.2364555697547641,-0.666863125198365,29.0,4.0,5.0,2020.0,0.0,11.0
-0.2375976661420642,-0.2256637916879511,-0.2218711224238662,0.8716593699371162,-0.2208368950061432,-0.2695879049981122,30.0,5.0,5.0,2020.0,23.0,3.0
-0.2215733385988118,-0.2215182151249204,-0.2365605316595421,0.6032036423257997,-0.2350884883627403,-0.4794000167542325,31.0,6.0,5.0,2020.0,0.0,23.0
-0.2360828126722426,-0.2203420612231879,-0.1932199328054565,1.0059459997772262,-0.1929263533094398,0.8537013535879727,1.0,0.0,6.0,2020.0,23.0,23.0
-0.1931760352170664,-0.2197305209435076,-0.2323415841631088,1.2195500832106587,-0.2309357279607,0.6441798580460452,2.0,1.0,6.0,2020.0,14.0,14.0
-0.2317787553592016,-0.2190176432403396,-0.2245527982411748,0.4531934483616577,-0.2233365281971716,-0.62183936134967,3.0,2.0,6.0,2020.0,23.0,5.0
-0.2242881892904832,-0.2156413465341214,-0.2157203893316135,0.5027847612360721,-0.2147183018489208,-0.223160282069663,4.0,3.0,6.0,2020.0,18.0,11.0
-0.2154315202386816,-0.2069180484008662,-0.2240118134729322,0.3719557088639812,-0.2227454587275243,-0.6506164010200645,5.0,4.0,6.0,2020.0,9.0,15.0
-0.2237329444923868,-0.2114824622341485,-0.2247392734322975,0.2053827276065178,-0.223414301612288,-0.7062660835345498,6.0,5.0,6.0,2020.0,12.0,2.0
-0.2244631083368821,-0.2198835853169437,-0.2182847163566834,0.453616039957732,-0.2171056904798587,-0.3624240214220753,7.0,6.0,6.0,2020.0,23.0,14.0
-0.2178948926386708,-0.2061169995437796,-0.2175091699144353,0.262219079466835,-0.2163195525566926,-0.9126541649841836,8.0,0.0,6.0,2020.0,12.0,15.0
-0.2170177791727871,-0.2068229690706595,-0.2160233400255382,0.3832486051522748,-0.2148426706394793,-0.7402444615019312,9.0,1.0,6.0,2020.0,0.0,9.0
-0.2158055128095598,-0.2028036154284978,-0.2114577073822606,0.4911109408145705,-0.2103691208829717,-0.7174793285187826,10.0,2.0,6.0,2020.0,20.0,9.0
-0.2111453637992263,-0.2322178095074609,-0.2451081059424169,0.7373778506355216,-0.2430659784832253,0.5766428583658816,11.0,3.0,6.0,2020.0,2.0,20.0
-0.2448507551325254,-0.2307774016888158,-0.2353463189391492,0.3231932273933146,-0.2335385995131601,-0.4875925558001451,12.0,4.0,6.0,2020.0,14.0,0.0
-0.2350318675335305,-0.2238125298756603,-0.2356879363090337,0.0495005248096028,-0.233840558322346,-0.9295149401678604,13.0,5.0,6.0,2020.0,19.0,4.0
-0.2352270682590845,-0.2268736646455067,-0.2411186014464114,0.1269188893818,-0.2390915165547524,-0.8270265523788815,14.0,6.0,6.0,2020.0,0.0,22.0
-0.2408418195585868,-0.2494718393318847,-0.2371961444618315,0.5449756553362441,-0.2352492183322412,0.2250482208481636,15.0,0.0,6.0,2020.0,21.0,6.0
-0.2366557823105937,-0.2235320827851075,-0.2318371026187472,0.2665141508777556,-0.230005476199058,-0.7047504770851335,16.0,1.0,6.0,2020.0,6.0,0.0
-0.2317773284830063,-0.2281542612898366,-0.2353824309213254,0.1912426523001436,-0.2334285939174628,-0.6162162000086321,17.0,2.0,6.0,2020.0,0.0,20.0
-0.2349808658144725,-0.2280874938634571,-0.2395811060340207,0.060660353532475,-0.2374906815377206,-0.7733499484757461,18.0,3.0,6.0,2020.0,0.0,21.0
-0.2393535061639149,-0.2315079984036734,-0.2471801414874214,0.1616571225397723,-0.2448584094564941,-0.7365994736772935,19.0,4.0,6.0,2020.0,12.0,23.0
-0.246674750655843,-0.2332098233595251,-0.2444600635549353,0.0259735866945164,-0.2421858153366505,-0.7836376947452526,20.0,5.0,6.0,2020.0,22.0,16.0
-0.2442227911236586,-0.2298556202381954,-0.2462220825711919,-0.0719913531231102,-0.2438728633422388,-0.9156084105222582,21.0,6.0,6.0,2020.0,6.0,23.0
-0.2460639921683827,-0.2300806323659897,-0.2250437739142098,0.2414823039860386,-0.2232334726924952,-0.1976617589101855,22.0,0.0,6.0,2020.0,21.0,0.0
-0.2250108107071595,-0.2142503443772026,-0.2262134543273512,0.0192423338807225,-0.2243408571180125,-0.8639487890173694,23.0,1.0,6.0,2020.0,16.0,1.0
-0.2257425029953807,-0.2312590499189343,-0.2456095633765943,0.1252908772522886,-0.2431936425311402,-0.1138428173438323,24.0,2.0,6.0,2020.0,6.0,15.0
-0.2452534598857681,-0.2428236901333194,-0.2486042914227044,0.1065429347845105,-0.2460825546036162,-0.5142783995093094,25.0,3.0,6.0,2020.0,21.0,3.0
-0.2485131459036684,-0.2424181652964529,-0.2548576926269469,0.0916504062922537,-0.2521391778167189,-0.61120738859056,26.0,4.0,6.0,2020.0,1.0,14.0
-0.2542292468745425,-0.2489634529589241,-0.2620703930420173,0.0337051476424649,-0.2591353605846451,-0.6029680960705577,27.0,5.0,6.0,2020.0,8.0,23.0
-0.2615522934023946,-0.2503981090768884,-0.2560443217316319,-0.113397477419424,-0.253240775046229,-0.5595913994656014,28.0,6.0,6.0,2020.0,16.0,4.0
-0.2559345060139862,-0.246203024899873,-0.2531431860664049,-0.0103648593165718,-0.2503896208590054,-0.6405454120925421,29.0,0.0,6.0,2020.0,22.0,13.0
-0.2531398412073746,-0.2434867488618859,-0.2563873101054144,-0.0496730407446384,-0.2535204224215958,-0.8200618213223959,30.0,1.0,6.0,2020.0,2.0,13.0
-0.2555691014210214,-0.2422287125800324,-0.2508435543698591,-0.0368865420486313,-0.2480924284691383,-0.6145066607278098,1.0,2.0,7.0,2020.0,17.0,3.0
-0.2503447959090334,-0.2465351370804855,-0.2572822950863032,-0.0169617128329066,-0.2543315310995141,-0.5263867226653709,2.0,3.0,7.0,2020.0,13.0,16.0
-0.2568662058139726,-0.2451333306598971,-0.2594981629111905,-0.1937711762276475,-0.2564592758496695,-0.7876208329755464,3.0,4.0,7.0,2020.0,1.0,23.0
-0.2593575963717793,-0.2454599010324999,-0.2567251837763077,-0.2365338787678536,-0.2537297679435288,-0.825379092333605,4.0,5.0,7.0,2020.0,17.0,11.0
-0.2567896303493696,-0.2503039159055966,-0.2603181402792522,-0.2032932756072593,-0.2571989292788594,-0.6695765703248833,5.0,6.0,7.0,2020.0,1.0,21.0
-0.2600559933937393,-0.2451415705318438,-0.2418128970829937,0.0671243247849564,-0.2391471085833519,-0.2907366074960483,6.0,0.0,7.0,2020.0,23.0,0.0
-0.2431040650315407,-0.2360906806508727,-0.2493736070726907,-0.1525141390974975,-0.2464809953085758,-0.7551461938119273,7.0,1.0,7.0,2020.0,0.0,11.0
-0.249002408943126,-0.2330757663853825,-0.2385689411299215,0.1654611261688802,-0.2359274608790098,-0.6329327645318638,8.0,2.0,7.0,2020.0,22.0,0.0
-0.2382676253327676,-0.2339925772584363,-0.2477969673767831,0.0731684491778571,-0.244885641377369,-0.6556062862391604,9.0,3.0,7.0,2020.0,0.0,19.0
-0.247754726830081,-0.2413898570877931,-0.2477454183399139,0.0113021733394798,-0.2448055031270218,-0.7217612236992672,10.0,4.0,7.0,2020.0,23.0,7.0
-0.2474998160979592,-0.2362379895629333,-0.2501058325696516,-0.1844999448949782,-0.2470754500093756,-0.9325061364546472,11.0,5.0,7.0,2020.0,0.0,9.0
-0.2497364784460526,-0.2363666669472806,-0.247887063113446,-0.1192826648849395,-0.2448850207974963,-0.8532217242397466,12.0,6.0,7.0,2020.0,13.0,19.0
-0.2475186693763508,-0.2346695161266021,-0.2499053018380911,0.047086924389924,-0.2468242134213853,-0.9658141224871302,13.0,0.0,7.0,2020.0,18.0,20.0
-0.2498807643283955,-0.2379972203252368,-0.2499298770661913,0.0777425664316743,-0.2468209906383503,-0.8805719054665225,14.0,1.0,7.0,2020.0,20.0,11.0
-0.24968482375229,-0.2379799952322491,-0.2530214937790356,-0.0437648037864494,-0.2498075659461693,-0.905309994675904,15.0,2.0,7.0,2020.0,0.0,19.0
-0.2527472589126933,-0.2432268948440615,-0.2567411455504404,-0.0508570450069939,-0.2534072147743292,-0.8418284968010786,16.0,3.0,7.0,2020.0,0.0,10.0
-0.25643862147409,-0.2432107688545887,-0.255565013063533,-0.1468237001109647,-0.2522395527787689,-0.9311401843593936,17.0,4.0,7.0,2020.0,12.0,5.0
-0.2552501388513823,-0.2424759567043658,-0.2550956699590815,-0.2385909251311763,-0.2517576476402129,-0.8266877869923978,18.0,5.0,7.0,2020.0,15.0,23.0
-0.2548316042624068,-0.242677732018187,-0.253452344509096,-0.2013626229753019,-0.2501315118127564,-0.901598936053654,19.0,6.0,7.0,2020.0,23.0,17.0
-0.2530392804997365,-0.2401564899337571,-0.2547770661172442,-0.1570726692320835,-0.2513966013776714,-0.9786528767887616,20.0,0.0,7.0,2020.0,1.0,14.0
-0.2545550073066378,-0.2394053438076604,-0.2418489359099889,0.0769042583186387,-0.2387719891746993,-0.4661680066737163,21.0,1.0,7.0,2020.0,13.0,0.0
-0.2415139072839166,-0.2286402300372761,-0.2326141132490375,-0.006475647790114,-0.2297430839234124,-0.6125450152294202,22.0,2.0,7.0,2020.0,23.0,8.0
-0.2321848056616992,-0.218312189696211,-0.2291952361347894,0.0810705793416037,-0.226384086542055,-0.8491496142431104,23.0,3.0,7.0,2020.0,17.0,14.0
-0.2286035854036956,-0.2184101962467866,-0.2319065552198251,-0.005363061697243,-0.2289963649846868,-0.8117029412403484,24.0,4.0,7.0,2020.0,21.0,7.0
-0.2314275204870864,-0.2153273957279868,-0.2233010965338743,-0.0022551439512709,-0.2205790338786517,-0.7217281782667567,25.0,5.0,7.0,2020.0,21.0,1.0
-0.2227924327514314,-0.207573649203173,-0.2093052631158334,0.2091565212007565,-0.206902515527728,-0.2026100369997159,26.0,6.0,7.0,2020.0,10.0,10.0
-0.2089895332862025,-0.1916961004821263,-0.1426746443655501,1.014669930352322,-0.141907870146059,2.450248295693864,27.0,0.0,7.0,2020.0,1.0,1.0
-0.1407523190238928,-0.1456255919526024,-0.1474646541249701,0.6570750646208329,-0.146545612947928,0.1487777336853137,28.0,1.0,7.0,2020.0,0.0,10.0
-0.1471641489420181,-0.1314939253767484,-0.1359487320610687,0.4320296790784536,-0.1352836734244344,-0.1312855303913501,29.0,2.0,7.0,2020.0,21.0,1.0
-0.1356989095940129,-0.1290082461526818,-0.1352892317030052,0.3365725777582664,-0.1346102063094135,-0.5559848776263583,30.0,3.0,7.0,2020.0,23.0,13.0
-0.1350622075228499,-0.1232168430621905,-0.1222631557519309,0.3530184019221509,-0.1218727253375948,-0.1954979616801235,31.0,4.0,7.0,2020.0,16.0,3.0
-0.1220337717727713,-0.1072440578331159,-0.095497747376748,0.5111299395265383,-0.0957397176915955,0.0745911707018301,1.0,5.0,8.0,2020.0,20.0,1.0
-0.0952728965403832,-0.1212519942375768,-0.1388242117184934,0.5835035426670511,-0.1379611516029774,1.0426173723945016,2.0,6.0,8.0,2020.0,4.0,13.0
-0.1391384830923109,-0.1216133511355495,-0.1269959247826711,0.1963411173546361,-0.1263882455241121,-0.161688184941086,3.0,0.0,8.0,2020.0,16.0,0.0
-0.1267189663943009,-0.1164458321667769,-0.1294787317347688,0.2494110672317721,-0.1287768928791535,-0.5243840450965689,4.0,1.0,8.0,2020.0,0.0,13.0
-0.1293190237538623,-0.1123905155960022,-0.0962691741982845,0.4208571287633756,-0.0963534401808344,0.2573371215792311,5.0,2.0,8.0,2020.0,21.0,1.0
-0.0958185099381187,-0.0845438853381651,-0.0942592554403276,0.3660499410497826,-0.0943558693029712,-0.5258325492963274,6.0,3.0,8.0,2020.0,19.0,4.0
-0.0940379277683769,-0.0965644365878168,-0.10520169641313,0.3514912580507758,-0.1049945118833769,-0.118930173079675,7.0,4.0,8.0,2020.0,2.0,18.0
-0.1047338893006195,-0.0870907741944873,-0.0958381683916617,0.0499200758132199,-0.0958257572858632,-0.6557898465100584,8.0,5.0,8.0,2020.0,12.0,5.0
-0.0965882234920359,-0.0877007291276121,-0.1006438964870224,0.0454482946604155,-0.1004772036557369,-0.6273846507627656,9.0,6.0,8.0,2020.0,0.0,18.0
-0.1011937262346381,-0.0805262941695126,-0.0882241728405947,0.5132149301844267,-0.0883276309672824,-0.3447974397158678,10.0,0.0,8.0,2020.0,4.0,0.0
-0.0877339298469305,-0.110024333156779,-0.1169202624342217,0.5634204362316276,-0.1162901037076287,0.4113400640083793,11.0,1.0,8.0,2020.0,1.0,21.0
-0.117001385254832,-0.1066166826068382,-0.1062166546426462,0.4562897928246613,-0.1058096485883275,-0.062388561104555,12.0,2.0,8.0,2020.0,15.0,6.0
-0.1057245724311003,-0.1086862599843236,-0.0939914253083951,0.5895852472367303,-0.0938449264634152,0.1000636823048587,13.0,3.0,8.0,2020.0,23.0,9.0
-0.0944204438607565,-0.0790595380576554,-0.0949283586970176,0.4114580915339309,-0.0947195819818869,-0.1709485657994507,14.0,4.0,8.0,2020.0,18.0,15.0
-0.0946635306824698,-0.0737964834051927,-0.0889859531473011,0.3635650249705931,-0.0888824909907474,-0.7670153924506473,15.0,5.0,8.0,2020.0,21.0,0.0
-0.0886518585463547,-0.0757886492199527,-0.0873224682603361,0.2132447110643693,-0.087222383099304,-0.7635522197415066,16.0,6.0,8.0,2020.0,4.0,12.0
-0.0868743903424255,-0.0713939673370478,-0.0651309313482366,0.6278487274546833,-0.0655329401366199,0.0074791079670283,17.0,0.0,8.0,2020.0,16.0,6.0
-0.0650188803546409,-0.0620472456027967,-0.0812817938877651,0.5093703507110775,-0.0812628142746397,-0.3893137042356772,18.0,1.0,8.0,2020.0,3.0,16.0
-0.0810321341811731,-0.0789408403382593,-0.0955780926708698,0.4258250499680126,-0.0951836684914658,-0.4572811034362535,19.0,2.0,8.0,2020.0,1.0,20.0
-0.0951050977366612,-0.0775036743820401,-0.0882081982878411,0.1911088533388265,-0.08795485914688,-0.7759090869122729,20.0,3.0,8.0,2020.0,21.0,6.0
-0.0879560874087493,-0.0866767887566632,-0.1057530311082896,0.385666662071627,-0.1050448815005918,-0.4662105040355457,21.0,4.0,8.0,2020.0,0.0,21.0
-0.1059042063380767,-0.0940219842195888,-0.1002703805621172,0.1937636623545754,-0.0996606294961169,-0.6572085419683837,22.0,5.0,8.0,2020.0,23.0,1.0
-0.1001238275346901,-0.0869965905969076,-0.1013123068923073,0.0992759467326369,-0.1006407001790519,-0.8546568350620407,23.0,6.0,8.0,2020.0,20.0,11.0
-0.1011058338966512,-0.0829925269660473,-0.0945769974285569,0.2185673211096264,-0.0940290845899419,-0.7856407188722219,24.0,0.0,8.0,2020.0,12.0,0.0
-0.0943633897887948,-0.1103947263379095,-0.1196445473223159,0.5233787884711542,-0.1184746587339572,0.0993253804951082,25.0,1.0,8.0,2020.0,2.0,18.0
-0.1193144309523038,-0.1036205236128644,-0.1121432962456682,0.3153883397063955,-0.111117548951384,-0.6640485532455042,26.0,2.0,8.0,2020.0,16.0,0.0
-0.1120312611080447,-0.1106418925587045,-0.1222674141650857,0.3573543903612515,-0.1209736723909672,-0.3272990519417763,27.0,3.0,8.0,2020.0,13.0,17.0
-0.1218665844773397,-0.1023920974231364,-0.1088209134762508,0.1711434051957523,-0.1078048327152923,-0.6709401269402941,28.0,4.0,8.0,2020.0,23.0,0.0
-0.1086296071913453,-0.0929163273272984,-0.1110078248741633,0.0452307462985169,-0.1099063794490295,-0.927223124654847,29.0,5.0,8.0,2020.0,7.0,14.0
-0.1106137146504596,-0.0912668562218811,-0.0984488594707513,0.1685942886924254,-0.0976116366272186,-0.6934914149989797,30.0,6.0,8.0,2020.0,23.0,0.0
-0.0980618068309109,-0.0845688790434056,-0.1003320625888358,0.3055859518799445,-0.0994153408281275,-0.817937869162903,31.0,0.0,8.0,2020.0,13.0,10.0
-0.1001470975987978,-0.0843912061311938,-0.0825555137733586,0.5781605542595867,-0.0820157743800206,-0.1618448962905076,1.0,1.0,9.0,2020.0,22.0,0.0
-0.0826310581179961,-0.1040124697164144,-0.1167049704100695,0.6175284300325095,-0.1153373809013154,0.2638705607906779,2.0,2.0,9.0,2020.0,0.0,15.0
-0.1168422289429195,-0.1740879196321868,-0.1884312587500833,0.8285023050725211,-0.185371759582427,1.666758909404971,3.0,3.0,9.0,2020.0,0.0,23.0
-0.1890414788718778,-0.172477223585087,-0.1720748942351815,0.7220823267081398,-0.1693658072763385,-0.040757837336115,4.0,4.0,9.0,2020.0,11.0,14.0
-0.1717304190694248,-0.1889960116081284,-0.1930788340611351,1.5330023079305943,-0.1898549765817654,0.3690143170403533,5.0,5.0,9.0,2020.0,19.0,19.0
-0.1929156856820867,-0.1820278247039543,-0.1862799054760675,1.1075078634704911,-0.1831814692882966,-0.4384234284312438,6.0,6.0,9.0,2020.0,21.0,5.0
-0.1859351352744703,-0.190904330113886,-0.1808048944856463,0.9248182504419716,-0.1777961711730262,0.0207646105285722,7.0,0.0,9.0,2020.0,13.0,12.0
-0.1805172833087583,-0.1890949713190624,-0.1954140270317391,0.91005653288718,-0.1920376729676342,-0.0220455993928676,8.0,1.0,9.0,2020.0,22.0,11.0
-0.1949442667525061,-0.1845337749707099,-0.188612235353126,0.405510152977716,-0.1853606057426025,-0.3433217175647473,9.0,2.0,9.0,2020.0,19.0,3.0
-0.1883074178022367,-0.1705680658007501,-0.1811991831568993,2.047704185453048,-0.1780843085836805,-0.523025877221567,10.0,3.0,9.0,2020.0,14.0,0.0
-0.1805343743807998,-0.1767199254480288,-0.1788808628511197,1.548435778985796,-0.1757893635163523,-0.4605331254896797,11.0,4.0,9.0,2020.0,15.0,3.0
-0.1780292113972529,-0.1671380049241216,-0.1763489555606443,1.0900770431596525,-0.1732793393074606,-0.4824060967576657,12.0,5.0,9.0,2020.0,20.0,12.0
-0.1754195160856751,-0.1714409661800114,-0.1836161629411474,1.0768852902728492,-0.1803475366153222,-0.3207079214947573,13.0,6.0,9.0,2020.0,4.0,19.0
-0.1830064618665846,-0.1688057692995747,-0.1617017892921287,1.0197591092568232,-0.158892133417099,0.1438748528597679,14.0,0.0,9.0,2020.0,15.0,1.0
-0.1615937488392706,-0.1441189974187907,-0.1545758115291065,0.8600785254641368,-0.1518924219615848,-0.510665608997617,15.0,1.0,9.0,2020.0,12.0,9.0
-0.1542312091834158,-0.1410573311997983,-0.1436546439592275,0.7657352524307319,-0.1411833029433726,-0.2470898581556286,16.0,2.0,9.0,2020.0,16.0,0.0
-0.1434647382924903,-0.1366477258013578,-0.1452450659176868,1.166102753472733,-0.142698865224268,-0.5748280386074119,17.0,3.0,9.0,2020.0,0.0,13.0
-0.1447796224629128,-0.1331684414385696,-0.1455153495669435,0.5255696341027748,-0.1429258012800783,-0.7096816110596224,18.0,4.0,9.0,2020.0,9.0,18.0
-0.1458880707991064,-0.1281127758321738,-0.1363244346386573,0.3315261623165158,-0.1339073602830916,-0.6633485654653456,19.0,5.0,9.0,2020.0,12.0,8.0
-0.1359420490670108,-0.1341282003621858,-0.1459028761984868,0.4364919725151271,-0.1432401035037326,-0.5382718740358824,20.0,6.0,9.0,2020.0,0.0,16.0
-0.1458161132417463,-0.1615820520106848,-0.1751160772880144,0.6634993264451023,-0.1717713364692392,0.245004518437865,21.0,0.0,9.0,2020.0,4.0,15.0
-0.17497622702404,-0.1614261628913867,-0.1704395817519893,0.3780388776231373,-0.1671715139484507,-0.7361156173173221,22.0,1.0,9.0,2020.0,21.0,8.0
-0.1703216660960241,-0.1731142462207022,-0.1883766506241476,0.3870896151015749,-0.184697452134869,-0.3593676246665016,23.0,2.0,9.0,2020.0,0.0,20.0
-0.1879113107611069,-0.1709882526729544,-0.1568394556389511,1.6538321950065864,-0.153826836882167,0.1683781431657885,24.0,3.0,9.0,2020.0,23.0,0.0
-0.1564798539933288,-0.1490219429209756,-0.1609727181163211,1.231012454290992,-0.1578354622046806,-0.7166497548520784,25.0,4.0,9.0,2020.0,0.0,14.0
-0.1605004628589275,-0.1434348525213669,-0.1574128229326926,1.6380028525965915,-0.1543219107321483,-0.9390545735710728,26.0,5.0,9.0,2020.0,6.0,0.0
-0.1573520807083259,-0.1462395149637326,-0.1559064285444148,2.0118822967102536,-0.1528135383921256,-0.7587351151816186,27.0,6.0,9.0,2020.0,23.0,12.0
-0.1555286798831706,-0.1411199945991824,-0.1599334060635641,1.6873513699440246,-0.1567192099511025,-0.6147905570671477,28.0,0.0,9.0,2020.0,13.0,23.0
-0.1596369535616714,-0.1445593619352991,-0.1516490399783238,1.6233518899260015,-0.1485892438547219,-0.6860019472617955,29.0,1.0,9.0,2020.0,23.0,17.0
-0.1514024000825037,-0.1433058610311209,-0.1553404549569751,1.492569130072365,-0.1521679539118862,-0.7700843326591768,30.0,2.0,9.0,2020.0,0.0,9.0
-0.1543850326643773,-0.1557591839690576,-0.1654690660198412,1.267597605831427,-0.1620460765495298,-0.0884725280869598,1.0,3.0,10.0,2020.0,9.0,16.0
-0.1651480256336506,-0.1592788170335479,-0.1681372745944246,1.7361135832900716,-0.16462844398865,-0.6069697347310329,2.0,4.0,10.0,2020.0,4.0,5.0
-0.1678916704417237,-0.1533076977058924,-0.1697725687701034,1.5191017220385823,-0.1661950385257088,-0.979989951242472,3.0,5.0,10.0,2020.0,19.0,8.0
-0.1694045798054979,-0.1518369260666585,-0.1623925104890664,2.9613434335326554,-0.1589420080484154,-0.8228898574104369,4.0,6.0,10.0,2020.0,20.0,1.0
-0.161668958514089,-0.1455011337042502,-0.1547974556479089,1.6751580003562327,-0.1514781232732985,-0.8095791105982055,5.0,0.0,10.0,2020.0,23.0,6.0
-0.1543204846980132,-0.1521847338015794,-0.1663924517283023,1.4086440710997905,-0.1627928057337052,-0.5505257652889115,6.0,1.0,10.0,2020.0,0.0,20.0
-0.166158213090198,-0.1500593029702338,-0.1624301668475557,1.1469922567513586,-0.1588871273020818,-0.9068279205896824,7.0,2.0,10.0,2020.0,19.0,1.0
-0.1621080953482962,-0.1500530451614707,-0.1472889692297674,2.530865836269614,-0.1440342237536903,-0.2650744685485421,8.0,3.0,10.0,2020.0,17.0,9.0
-0.1462463427399612,-0.132081354462583,-0.1381587260616671,0.3334197692007424,-0.13506956847847,-0.5887781875861993,9.0,4.0,10.0,2020.0,16.0,6.0
-0.1381952872475147,-0.1187981541095188,-0.1239266099166903,0.3376969466551766,-0.1211105679310804,-0.2928396449014953,10.0,5.0,10.0,2020.0,3.0,0.0
-0.1236588765915696,-0.1041494558418543,-0.1185369969676502,0.1799026413417544,-0.1158012354240383,-0.8736406152492149,11.0,6.0,10.0,2020.0,15.0,0.0
-0.1177351818496222,-0.1071805622706299,-0.1080314918254251,0.5159191876057908,-0.1054739498528446,-0.1544222796131329,12.0,0.0,10.0,2020.0,22.0,10.0
-0.1081593264406509,-0.1020884805295382,-0.1159767652580134,0.4116458414547437,-0.1132098727826225,-0.6842918931787725,13.0,1.0,10.0,2020.0,0.0,14.0
-0.1155013006801789,-0.1029353098934852,-0.1157553710741123,0.4041614954592518,-0.1129574629951279,-0.6690040126028931,14.0,2.0,10.0,2020.0,14.0,18.0
-0.1156513159628017,-0.1032025896440491,-0.1117145502045639,0.4249779743142048,-0.1089680584862983,-0.5914631011135782,15.0,3.0,10.0,2020.0,20.0,9.0
-0.1109748163401916,-0.1082980357843814,-0.1223456217693491,0.4872554092040216,-0.1193397381801514,-0.4812311512857306,16.0,4.0,10.0,2020.0,1.0,9.0
-0.1220612456020739,-0.104356973654414,-0.1201375702566122,0.1344414125774209,-0.1171415594719938,-0.9642027104270028,17.0,5.0,10.0,2020.0,15.0,0.0
-0.1199839321283654,-0.1004222139121115,-0.1124503819220211,0.0884964474572341,-0.1095861442775461,-0.8853813560194703,18.0,6.0,10.0,2020.0,23.0,0.0
-0.1114527508422452,-0.0965836526032444,-0.0965751492546275,0.3910005351955081,-0.0940146653861697,-0.3145872315465645,19.0,0.0,10.0,2020.0,16.0,4.0
-0.0960575572688537,-0.0793108912955323,-0.0858783479996358,0.7736449030876764,-0.0835071829027808,-0.4929449814137742,20.0,1.0,10.0,2020.0,17.0,3.0
-0.0858056762804314,-0.065435988941059,-0.0301933345694504,1.451546424799522,-0.0289690020014246,1.5954057701128808,21.0,2.0,10.0,2020.0,23.0,0.0
-0.0312919107825222,-0.0138329820106501,-0.0214662826350459,0.9805012050528168,-0.0204238405327956,-0.2958207868164039,22.0,3.0,10.0,2020.0,22.0,4.0
-0.0208675997583477,-0.011585064740742,-0.0235745076440466,0.6683793357147487,-0.0223989772133877,-0.669331371635848,23.0,4.0,10.0,2020.0,11.0,16.0
-0.0233200724301242,-0.0031696816748968,-0.0127411196848549,0.4279656094058691,-0.0117505726985155,-0.6757055663346276,24.0,5.0,10.0,2020.0,15.0,0.0
-0.0124923113793555,-0.0016323705580947,-0.0174598136525027,0.4206220715299306,-0.0163399746895962,-0.3669796638594132,25.0,6.0,10.0,2020.0,4.0,11.0
-0.0172078526399875,-0.0071759661110977,-0.0147549961729648,0.6947646986569576,-0.0136609974017086,-0.3943051795410775,26.0,0.0,10.0,2020.0,14.0,17.0
-0.0145058854336194,0.007900683923955,0.0207768821202562,0.9273554404513517,0.0211650650242845,0.1890968824532735,27.0,1.0,10.0,2020.0,23.0,0.0
0.0210145268563085,-0.0002294129589905,-0.0027240139831969,1.0421989329785175,-0.0018235618492464,0.5222809488343897,28.0,2.0,10.0,2020.0,2.0,14.0
-0.002477656852879,0.0027933496172829,0.0075002251614021,2.161225145548143,0.008218778558937,0.0382157204464456,29.0,3.0,10.0,2020.0,17.0,12.0
0.0077418310253018,0.0126654520639566,0.0141674855765723,0.7555115224628165,0.0147812031114671,-0.2019181150599515,30.0,4.0,10.0,2020.0,20.0,7.0
0.0144081580402589,0.0329820014740155,0.0285572385115002,0.7405952548764293,0.0289060736589061,-0.1040378088994689,31.0,5.0,10.0,2020.0,10.0,4.0
0.0287926065492004,0.0437840968913606,0.0258639901670958,0.4231678081068837,0.0263032321281694,-0.7559441849610904,1.0,6.0,11.0,2020.0,0.0,4.0
0.0260954647809236,0.0194282016031583,0.0144109504475941,0.7658149272052112,0.0151111667153444,-0.1295763513587901,2.0,0.0,11.0,2020.0,0.0,12.0
0.0146485448793088,0.0246305497528612,0.0389476863851494,0.7169201228221522,0.0391880699346322,0.06546596798785,3.0,1.0,11.0,2020.0,23.0,3.0
0.0391911494260594,0.0407551728421986,0.050203471941742,1.00146949445138,0.0502597011355,-0.0101200196767621,4.0,2.0,11.0,2020.0,17.0,7.0
0.0504334427411597,0.0737350386862117,0.1389542723865449,1.3127871321201692,0.1372597315646018,1.7445576150852369,5.0,3.0,11.0,2020.0,23.0,0.0
0.1391464619322204,0.144848733627827,0.1380970529181908,1.2575479290022915,0.1364662426980043,-0.0703605094803844,6.0,4.0,11.0,2020.0,1.0,20.0
0.1382968353817719,0.0940378471270365,0.0931658901004431,0.9965116282318428,0.0924862854864522,0.9909178849211348,7.0,5.0,11.0,2020.0,1.0,20.0
0.0933802650063644,0.1143275786324965,0.13279992466416,0.5413076256470449,0.1313672477615157,0.3643658731843778,8.0,6.0,11.0,2020.0,18.0,0.0
0.133003187380013,0.1220044655182735,0.1237629908674941,0.949008853288664,0.1225460928748803,0.3434668165850941,9.0,0.0,11.0,2020.0,12.0,16.0
0.1239695625274185,0.1384072790587379,0.1212214484740824,0.4839717626871073,0.1200554485047995,-0.645461215136935,10.0,1.0,11.0,2020.0,8.0,15.0
0.1214270869207854,0.1488425702989701,0.1464102848729302,0.7116278627430525,0.1447398424093663,-0.1343827725910713,11.0,2.0,11.0,2020.0,18.0,0.0
0.1466048721619756,0.1643181321067155,0.1816987343799128,0.9504538758865744,0.1793215902171467,0.0753683304095655,12.0,3.0,11.0,2020.0,23.0,0.0
0.1818902766103061,0.1932365974660212,0.1842434266248447,0.8107250988688045,0.181815321358103,-0.445587316786156,13.0,4.0,11.0,2020.0,2.0,16.0
0.1844282295789505,0.1778751687907536,0.1689210190754281,0.5873892284126311,0.1667997669465304,-0.2926061406559929,14.0,5.0,11.0,2020.0,0.0,17.0
0.1691108685143686,0.1806786788374992,0.162013661492862,0.3797787864696548,0.1600307390838327,-0.6638463440441765,15.0,6.0,11.0,2020.0,8.0,22.0
0.1622050341276165,0.1861902188440005,0.2086875952242892,0.806780690925503,0.2057699605020116,0.3233263057277038,16.0,0.0,11.0,2020.0,21.0,0.0
0.2069981327281302,0.2294267845510567,0.2657191075054237,1.2124774276887589,0.2621137443780091,0.6959660260640599,17.0,1.0,11.0,2020.0,18.0,4.0
0.2658642287418159,0.2792718993930974,0.2754525027639581,1.7579898529860971,0.2717194874797504,0.3328730252283274,18.0,2.0,11.0,2020.0,4.0,15.0
0.2755988434473505,0.2811463905852239,0.2762555156381177,1.102821531044801,0.2725537373122629,-0.1230087235698454,19.0,3.0,11.0,2020.0,15.0,9.0
0.2764100190278029,0.3053773146297611,0.3256113664052649,1.10324558709774,0.3210110666781787,0.2692788509010664,20.0,4.0,11.0,2020.0,16.0,1.0
0.3257503351288506,0.3482802890758318,0.3268951444347618,1.247371384607873,0.3223325917924147,-0.5104256791340644,21.0,5.0,11.0,2020.0,2.0,12.0
0.3270336175049564,0.299408068822331,0.3101881658110232,1.33578970916226,0.3060174655304387,0.2185687516275979,22.0,6.0,11.0,2020.0,0.0,11.0
0.3103329604901055,0.3202354948004873,0.3098272484876284,1.415012409144922,0.3057186347142318,-0.1932136445347777,23.0,0.0,11.0,2020.0,10.0,1.0
0.3100260435362198,0.3283196016544074,0.3554467694559321,1.8884169177505064,0.3505086721030755,0.5247981323037494,24.0,1.0,11.0,2020.0,16.0,6.0
0.3553885379179081,0.3569288506112362,0.3324116405947112,1.467581289193104,0.3279760608866267,-0.0972682475014827,25.0,2.0,11.0,2020.0,13.0,23.0
0.3324084164323739,0.2159273484285229,0.2353539453104423,2.426841639980677,0.2328346322462124,2.2827400156960755,26.0,3.0,11.0,2020.0,0.0,17.0
0.2357239542477922,0.2270165089967298,0.2327627579928827,1.2059497673378814,0.2303447148534017,0.1917810065178846,27.0,4.0,11.0,2020.0,1.0,16.0
0.2332098654082772,0.2513098627723971,0.2701383699863289,0.8650460215840956,0.2670635049261626,0.2324591290349335,28.0,5.0,11.0,2020.0,20.0,9.0
0.2704314386934339,0.2923098393933842,0.2983731208479359,0.7854759368952907,0.2948134077710629,-0.1361574173040505,29.0,6.0,11.0,2020.0,21.0,1.0
0.2985722990532477,0.331459790887086,0.387259569246374,1.685511960609139,0.3820594790987867,1.0429687878440923,30.0,0.0,11.0,2020.0,15.0,0.0
0.3878652660877289,0.3405389991146348,0.3367614484628049,1.7888429900499556,0.3325756335777413,0.8152216447785756,1.0,1.0,12.0,2020.0,11.0,13.0
0.3368197257172104,0.342170039718799,0.3611927122384118,1.1246595866655489,0.3565968438146065,0.1281043728400966,2.0,2.0,12.0,2020.0,8.0,4.0
0.3616166164010465,0.378718997878297,0.3761860398984669,0.8286680450328461,0.3713673451314824,-0.3315049301591223,3.0,3.0,12.0,2020.0,16.0,5.0
0.3764046836047453,0.3642660231547245,0.3304259793790819,0.9340000018433944,0.3265244466312739,-0.1107554281807699,4.0,4.0,12.0,2020.0,0.0,23.0
0.3304786070431127,0.3575008671653936,0.3583168765280524,0.5744127670113649,0.3539461271318685,-0.4052260692075484,5.0,5.0,12.0,2020.0,9.0,0.0
0.3584420291704739,0.3769555960951418,0.3700319315650305,0.4687223746912715,0.3654941058198792,-0.5290060056853488,6.0,6.0,12.0,2020.0,23.0,13.0
0.370034158885089,0.3790577945958847,0.3606121527664639,0.5556415095958355,0.35631207722032,-0.5514722068977421,7.0,0.0,12.0,2020.0,0.0,18.0
0.3607334134165377,0.3372527862423441,0.3071897369886359,0.8157581010341943,0.3039365891745533,0.1726419869656034,8.0,1.0,12.0,2020.0,6.0,23.0
0.3073186373435547,0.3161100928974839,0.3214750385747144,0.9637210285547934,0.3180089139535053,-0.2186362854768306,9.0,2.0,12.0,2020.0,23.0,7.0
0.3215774877080467,0.3174705560712981,0.3037435960371958,0.4824636571487355,0.3006540518499899,-0.362787715202464,10.0,3.0,12.0,2020.0,0.0,15.0
0.3038243681851967,0.2961296359404815,0.2910957709086536,0.6111412547936698,0.288291241006812,-0.274896081138706,11.0,4.0,12.0,2020.0,0.0,11.0
0.2907806127334004,0.3230961400992617,0.3368018654551176,0.2766588217873016,0.3332050575189007,0.0581483289105681,12.0,5.0,12.0,2020.0,22.0,0.0
0.3371278839456847,0.3666142428692565,0.3575897190179393,0.4772209183355204,0.3536711363331632,-0.303819868955143,13.0,6.0,12.0,2020.0,13.0,0.0
0.3578476541192128,0.3842149342493819,0.3639883460799717,0.3157862610914446,0.3600082326191041,-0.7995045764566063,14.0,0.0,12.0,2020.0,23.0,1.0
0.3641316680332905,0.3884594972800452,0.3744478696510461,0.547268672100736,0.3703319177223044,-0.5960477689521143,15.0,1.0,12.0,2020.0,20.0,5.0
0.374677779020326,0.402272836486837,0.4906547720701496,1.5054741455684637,0.4844785520281999,1.6863680974254642,16.0,2.0,12.0,2020.0,23.0,0.0
0.4906022022711658,0.5247014870505161,0.5823772711017782,2.9682222701185115,0.5745922605809964,1.7315287565247963,17.0,3.0,12.0,2020.0,17.0,0.0
0.582533048945,0.5983686340467507,0.602801405077136,1.2873811876626744,0.5947196398089666,-0.2425812576581418,18.0,4.0,12.0,2020.0,8.0,15.0
0.6025376380032341,0.6253446873385814,0.647716914014204,1.184312047639988,0.6388993958611628,0.2148500157659385,19.0,5.0,12.0,2020.0,17.0,8.0
0.6472562980273004,0.645655402026892,0.6236266317435155,1.1494204435082025,0.6153144444386579,-0.0424933246213211,20.0,6.0,12.0,2020.0,20.0,4.0
0.6234944867647957,0.5831662252230325,0.5822496147873676,1.5837761421314336,0.5747484793933512,0.9017461655884784,21.0,0.0,12.0,2020.0,4.0,12.0
0.5817504103326148,0.6003154884077498,0.6423897190525687,1.4925994474556843,0.6338762267843941,0.3493248386097706,22.0,1.0,12.0,2020.0,23.0,8.0
0.6423610321653693,0.6238382302794081,0.6091461790148129,1.8708765250892931,0.6012978102908995,0.1354903137116587,23.0,2.0,12.0,2020.0,13.0,22.0
0.6091229446550801,0.6222544837112757,0.6395004585312319,1.3249599758641415,0.631171543054284,-0.0910167892188604,24.0,3.0,12.0,2020.0,23.0,3.0
0.6393913549462075,0.6656325594009997,0.6965041147933062,1.3785263311229004,0.6872310181111934,0.165028461053678,25.0,4.0,12.0,2020.0,23.0,3.0
0.6972725839717944,0.732590074079559,0.8052682859699126,1.7182801203727158,0.7941383960675802,1.1089088238758438,26.0,5.0,12.0,2020.0,21.0,1.0
0.8053946677582954,0.8211118396245078,0.7951578853471809,2.7025312199771445,0.7842839039189735,1.1225251795998246,27.0,6.0,12.0,2020.0,11.0,21.0
0.7956673782906565,0.8391230996919171,0.8450224505109202,1.757552845117644,0.83335551013388,-0.0308013724845086,28.0,0.0,12.0,2020.0,13.0,0.0
0.8448086783817902,0.8251917198908709,0.8620607348441407,1.5519516881787,0.8501744774108089,0.1278812060777656,29.0,1.0,12.0,2020.0,23.0,5.0
0.8618813868842271,0.9119881276940044,0.952798447920168,1.8785391624239207,0.9394221494219488,0.298269425772651,30.0,2.0,12.0,2020.0,21.0,0.0
0.9527716669980048,0.9652184156712348,0.9626648052634504,1.632711462412821,0.9492109021454578,-0.2586090392663071,31.0,3.0,12.0,2020.0,0.0,14.0
0.962123690899956,1.0032548603767817,0.9855212466647194,1.3059521894281805,0.9717594072445132,-0.4831172213294302,1.0,4.0,1.0,2021.0,12.0,0.0
0.9855871277850315,1.0214384757687551,1.154482088830151,2.7776778559493795,1.1378753314438343,2.3875937040188613,2.0,5.0,1.0,2021.0,19.0,0.0
1.1544829961446006,1.2086598656681755,1.1946649987150906,3.09610697611805,1.177464882491413,0.8653744217939455,3.0,6.0,1.0,2021.0,7.0,0.0
1.1962960603783697,0.9981443023295792,1.1449478691439834,3.09610697611805,1.1287205285721231,2.5284010215001067,4.0,0.0,1.0,2021.0,4.0,10.0
1.1451352014610778,1.0928844402692313,1.2689484738013843,2.760425305233547,1.2506885074761394,2.2197088017395648,5.0,1.0,1.0,2021.0,22.0,6.0
1.2700806755499876,1.3010786659295006,1.442746499408568,3.09610697611805,1.4216281662638774,1.3675159998730808,6.0,2.0,1.0,2021.0,23.0,0.0
1.4431059643384947,1.4893129513326642,1.5990380767118002,3.09610697611805,1.5753743229726536,1.3987659592590345,7.0,3.0,1.0,2021.0,18.0,8.0
1.599421228720988,1.5112806557226228,1.6865876707985947,3.09610697611805,1.6615502146800345,2.164032273388164,8.0,4.0,1.0,2021.0,15.0,2.0
1.6857341619249309,1.646726422574774,1.6532594032687262,2.458696460847525,1.6289058289386176,0.3639825604477477,9.0,5.0,1.0,2021.0,14.0,7.0
1.6529468826889409,1.457284913979493,1.5367711223649052,3.09610697611805,1.5145198634520367,2.3018986885505712,10.0,6.0,1.0,2021.0,1.0,20.0
1.5359086171912943,1.1136486872395517,1.3655599666394054,3.09610697611805,1.3463181075932973,4.070609769546433,11.0,0.0,1.0,2021.0,0.0,16.0
1.3622754313519094,1.2494824696742464,1.2646851226228482,3.09610697611805,1.2472510329803794,1.627235322091725,12.0,1.0,1.0,2021.0,7.0,14.0
1.2640379282379255,1.2423183745801658,1.472940609034557,2.858973335970383,1.4521180221870695,2.634597256166684,13.0,2.0,1.0,2021.0,22.0,1.0
1.473243534985366,1.5131728421533852,1.5877633934821618,2.547201763941515,1.5651281958444636,0.9543430918066232,14.0,3.0,1.0,2021.0,15.0,4.0
1.5856137479209744,1.3735078267046552,1.4428079586238096,2.772001262030825,1.4227137264368732,2.057689722173829,15.0,4.0,1.0,2021.0,0.0,16.0
1.442355912047301,1.4350878932257995,1.4030871446100142,2.2266722173616498,1.383766681978216,0.3739375498752837,16.0,5.0,1.0,2021.0,10.0,22.0
1.401987094799554,1.336187447922956,1.3793451897660391,1.936703480795488,1.3605091067002577,0.7048368527051126,17.0,6.0,1.0,2021.0,21.0,10.0
1.3792006246574229,1.3876865756996912,1.4308228513016816,1.782228455252625,1.4112428588654633,0.5526478243250715,18.0,0.0,1.0,2021.0,12.0,5.0
1.4313485905209813,1.4626704762399163,1.3964386955947072,2.201615166853853,1.3775396660458097,-0.0033727024820697,19.0,1.0,1.0,2021.0,16.0,23.0
1.395021533879547,1.3046474098243277,1.3643997489246014,2.721767843003837,1.346132478251792,0.8220388759160578,20.0,2.0,1.0,2021.0,1.0,16.0
1.364302233915676,1.0947535903029797,1.074603775107566,3.09610697611805,1.0611821026864146,2.667352567010435,21.0,3.0,1.0,2021.0,0.0,22.0
1.074004068048046,1.0127253708457,1.208396038546328,3.09610697611805,1.1928789631194328,2.887737919639336,22.0,4.0,1.0,2021.0,20.0,1.0
1.207020754631395,1.173306463762321,1.1508228533753906,1.71947825110704,1.1363414622318833,0.2714018961579029,23.0,5.0,1.0,2021.0,6.0,13.0
1.150493287659064,1.148871185160404,1.1644309128432229,1.7351577485312837,1.1498224098019287,0.2889102982517961,24.0,6.0,1.0,2021.0,5.0,19.0
1.1640777484536324,1.210902555505949,1.1691573800904531,2.345498123111472,1.1545638673603615,0.9827033982479504,25.0,0.0,1.0,2021.0,14.0,22.0
1.1685449639559822,1.144039450807035,1.1816436619238426,2.364934830321919,1.166953905418733,0.2169618373383152,26.0,1.0,1.0,2021.0,23.0,14.0
1.1811474721030844,1.038886255053234,1.0504757706821757,2.4908372230728597,1.0379919168953646,1.3473664606327576,27.0,2.0,1.0,2021.0,0.0,14.0
1.0509003643542787,1.080366921708014,1.236647015068999,3.09610697611805,1.221264051028856,2.067625500092329,28.0,3.0,1.0,2021.0,23.0,0.0
1.288796186315263,1.209450010608239,1.2888300433845,3.09610697611805,1.27271213299676,3.590294807261757,29.0,4.0,1.0,2021.0,13.0,7.0
1.2874012739713236,1.2647965077284962,1.2859538343741794,2.629958579569422,1.269973730247443,0.2355447156217601,30.0,5.0,1.0,2021.0,1.0,3.0
1.2858639784638166,1.222434260650508,1.215060546936152,1.958110165779532,1.2003153381599043,0.3300164002045411,31.0,6.0,1.0,2021.0,0.0,18.0
1.214923989134735,1.229645341162124,1.241009277465205,2.427034990490224,1.225932324918824,0.5676988889533315,1.0,0.0,2.0,2021.0,9.0,0.0
1.2406068850532863,1.2995097031785996,1.3621006865787717,2.5185969557347607,1.345206199498933,0.6643767806086178,2.0,1.0,2.0,2021.0,20.0,0.0
1.3619355521937768,1.4231020196057569,1.4824979216834089,2.4143661918951067,1.4638078534579475,0.2899291023230263,3.0,2.0,2.0,2021.0,23.0,0.0
1.482445938691174,1.4783311280173452,1.4489879097371563,2.8304316059800536,1.4309438378378774,0.3768907995862624,4.0,3.0,2.0,2021.0,8.0,15.0
1.4490981793506468,1.4999080023797122,1.5237523794133978,2.2750449737196394,1.504664493908961,-0.0961134329720891,5.0,4.0,2.0,2021.0,14.0,2.0
1.5231389834959197,1.593459066215608,1.5925922058016238,2.965370886965752,1.5725512700446262,0.6439008055705903,6.0,5.0,2.0,2021.0,16.0,0.0
1.5913489727200505,1.5496917073963583,1.5703410527114314,2.649419460853121,1.5507709853356275,0.2404834007916011,7.0,6.0,2.0,2021.0,9.0,16.0
1.569056336352578,1.5895348980168282,2.0179194174116275,3.09610697611805,1.9915373052109129,4.217668092992648,8.0,0.0,2.0,2021.0,23.0,4.0
2.0168047860986715,2.0378489945805787,2.035388024077519,3.09610697611805,2.008862017404303,0.3956249700167783,9.0,1.0,2.0,2021.0,7.0,13.0
2.034275646540955,1.9565522670333604,1.9394704414621435,3.09610697611805,1.9145666377400907,0.624204324181293,10.0,2.0,2.0,2021.0,10.0,15.0
1.937890445870525,1.9759380386237133,2.123039407229675,3.09610697611805,2.0954227961715555,1.2711650847631824,11.0,3.0,2.0,2021.0,20.0,1.0
2.1206130275775066,2.117388686487716,2.098216158899759,3.09610697611805,2.071121304467427,0.0602943298442157,12.0,4.0,2.0,2021.0,0.0,14.0
2.0969419241512948,2.1153214750310965,2.073708742996241,2.907034861746774,2.0471301161758158,-0.2922957594042173,13.0,5.0,2.0,2021.0,3.0,11.0
2.0738314968406217,2.160985164711547,2.172624471330657,2.961175203227123,2.144690391112428,0.1094000350924356,14.0,6.0,2.0,2021.0,12.0,0.0
2.170890175227843,2.1124886095496835,2.1252319169861225,3.09610697611805,2.098164851295056,0.1494332193851734,15.0,0.0,2.0,2021.0,0.0,2.0
2.124749523594918,2.1664728307438725,2.2022408453150684,3.09610697611805,2.174121841842354,0.5009360382887393,16.0,1.0,2.0,2021.0,12.0,0.0
2.2022244855826867,2.2847737036184967,2.3832315938438,3.09610697611805,2.3525132686528063,0.626739005468867,17.0,2.0,2.0,2021.0,21.0,1.0
2.38220919565324,2.407646718178618,2.3544357648745144,1.9201541241929216,2.324300134719481,-0.4707035596812553,18.0,3.0,2.0,2021.0,0.0,12.0
2.353681584113797,2.40268416703867,2.6127046313548665,2.540666586868533,2.578856413668818,1.399093060335632,19.0,4.0,2.0,2021.0,21.0,2.0
2.612051685300962,2.6359436037388893,2.6256776032105624,2.792866326693644,2.5918019443943554,0.1388965943612175,20.0,5.0,2.0,2021.0,12.0,22.0
2.623170452056102,2.7020813607721204,2.714077476231582,1.9116314198892996,2.6790449979308355,0.0326441689604232,21.0,6.0,2.0,2021.0,19.0,0.0
2.712998538791574,2.278146841455919,2.5095517500371165,3.09610697611805,2.4777176568584545,2.660709267543056,22.0,0.0,2.0,2021.0,0.0,14.0
2.508834678767826,2.045665664647108,2.179199530148027,3.09610697611805,2.1523937659446184,3.063933619325995,23.0,1.0,2.0,2021.0,0.0,11.0
2.179390394529076,2.167243836843681,2.233261434001763,2.5515153007709475,2.2058163791480303,0.9668114823572448,24.0,2.0,2.0,2021.0,4.0,0.0
2.233010701096773,2.1596791283118355,2.072992886551912,2.0531345357673705,2.048061946288965,1.334368606373449,25.0,3.0,2.0,2021.0,13.0,23.0
2.0778778583397512,1.9928244789832,2.0267136250682345,3.09610697611805,2.002598546552695,0.9544221566836536,26.0,4.0,2.0,2021.0,17.0,7.0
2.026607469472158,2.0443022229593995,2.017427687579019,1.5869344889865746,1.9935987492642664,0.4725523045630355,27.0,5.0,2.0,2021.0,6.0,23.0
2.0173584703561267,1.9161169345486575,1.9529466011222572,1.9954981127323324,1.9301778398353828,0.753016466279435,28.0,6.0,2.0,2021.0,1.0,18.0
1.953890217952176,2.0345696453278035,2.2287143545113914,2.019764403489811,2.2020610414411776,1.4824181385893778,1.0,0.0,3.0,2021.0,23.0,0.0
2.227061180330975,2.1682141810710256,2.1518626086740698,1.6747956819806875,2.1264657557631885,0.3180571919814668,2.0,1.0,3.0,2021.0,0.0,20.0
2.1536676662891048,2.23431560921161,2.2843777651175623,1.983399182964711,2.2572154371124395,1.0840473560957768,3.0,2.0,3.0,2021.0,13.0,0.0
2.2829025851607545,2.195280289650152,2.1630430182766323,1.935833647487641,2.137756855880771,0.8953966565191831,4.0,3.0,3.0,2021.0,2.0,20.0
2.1604909220046613,2.1248201129135644,2.1855132125722188,1.7341868143550243,2.160047462556248,0.3280093109649281,5.0,4.0,3.0,2021.0,20.0,1.0
2.183325628418168,2.170027607436613,2.1845973874107845,0.9606399145820308,2.159298383312384,-0.1942408090412931,6.0,5.0,3.0,2021.0,0.0,13.0
2.1845188703826475,2.2750560331850167,2.3254010256466144,1.4365090588103984,2.298236024058249,0.1102890983782079,7.0,6.0,3.0,2021.0,23.0,0.0
2.322891789017888,2.3121934121593264,2.3892161502707734,1.7326410164486077,2.361305819987297,0.2259985427507981,8.0,0.0,3.0,2021.0,23.0,8.0
2.390307325534745,2.468727454861313,2.5474051618308606,1.8581886341173224,2.51740937155975,0.2131052217130346,9.0,1.0,3.0,2021.0,23.0,0.0
2.546815840859339,2.5514943440906377,2.6200946363200623,2.2044019759263422,2.589235703303494,0.6790358745004602,10.0,2.0,3.0,2021.0,19.0,5.0
2.616704800866549,2.6269675886398054,2.7303517362740704,2.176023367242817,2.698095803286644,0.4738824097222183,11.0,3.0,3.0,2021.0,23.0,8.0
2.7306970198689235,2.683368968967085,2.701321273734312,2.1173173704975223,2.6696467079584805,-0.0215850979646975,12.0,4.0,3.0,2021.0,0.0,13.0
2.701380616461704,2.7365625862773504,2.941342083721413,2.3874110681035425,2.9064807610813657,1.2734601509790338,13.0,5.0,3.0,2021.0,20.0,1.0
2.9392846701123894,2.9315739956396705,2.822235677034688,1.4779333946491893,2.78922642212827,-0.2239636867885019,14.0,6.0,3.0,2021.0,0.0,23.0
2.8194232262110503,2.684413167116498,2.613874759772762,2.699248490775995,2.583934613857673,1.0543430713151083,15.0,0.0,3.0,2021.0,4.0,12.0
2.6091958531656227,2.5681946972767067,2.668967358531994,2.337511396256142,2.638436101394037,0.3252767891939546,16.0,1.0,3.0,2021.0,22.0,1.0
2.669629023667522,2.6297516963257883,2.7957588773207527,2.365091668388452,2.7636348135130704,0.8289541871393051,17.0,2.0,3.0,2021.0,22.0,12.0
2.796456481160466,2.6123615075637563,2.733653341499787,2.1203598616860857,2.7025581115027766,1.382980963773082,18.0,3.0,3.0,2021.0,16.0,13.0
2.732489807301556,2.7634798226846717,2.7635858446364105,1.757939602881046,2.73225972346247,0.0828901003617585,19.0,4.0,3.0,2021.0,20.0,0.0
2.762049961583313,2.8627194163016125,2.7615599732338363,1.8283314103287616,2.73043899854463,-0.387913150244918,20.0,5.0,3.0,2021.0,13.0,0.0
2.760678821225073,2.723136161628143,2.7130634666241185,1.91411706323153,2.6827885846327577,0.0317847380313754,21.0,6.0,3.0,2021.0,0.0,10.0
2.7120876399257856,2.614547744827514,2.529302491811901,2.162415937816553,2.5016922998120688,0.6884968961069994,22.0,0.0,3.0,2021.0,10.0,22.0
2.5276529593437336,2.5628625559151774,2.542178036838157,2.157728182134542,2.514565873397393,-0.0003308516821004,23.0,1.0,3.0,2021.0,18.0,6.0
2.539851164562511,2.5023955419151696,2.4216040432899315,2.924215366706174,2.3957792755824325,1.052462500770337,24.0,2.0,3.0,2021.0,13.0,22.0
2.41814684792773,2.397581367276984,2.355931077758289,2.7849668700131613,2.331157299761097,0.0504613259118522,25.0,3.0,3.0,2021.0,6.0,12.0
2.3541128071273976,2.443312021013523,2.566626235151367,2.1695070373865293,2.539180143265105,0.5875363511531272,26.0,4.0,3.0,2021.0,23.0,0.0
2.566052764894956,2.6116868631645205,2.6179442930732333,1.6604578510280108,2.58999513225618,-0.1028698540809861,27.0,5.0,3.0,2021.0,22.0,12.0
2.617426354046207,2.6640509541952486,2.6165471834486955,1.683239461229132,2.588802610935077,-0.4829065528581954,28.0,6.0,3.0,2021.0,9.0,19.0
2.6157672913016,2.668364863448841,2.7269810605987423,2.2223006745261515,2.697942328970976,0.2874661094025492,29.0,0.0,3.0,2021.0,12.0,5.0
2.7263358404170126,2.8019118168191537,2.798631011507339,2.0481203574577425,2.768832747439934,-0.2104102791589607,30.0,1.0,3.0,2021.0,12.0,4.0
2.7987387153243115,2.831935929911801,2.798700953845906,2.6505142378176965,2.7690822114639357,-0.2266413182899402,31.0,2.0,3.0,2021.0,6.0,8.0
2.798510880626987,2.881180311011446,2.809562061461997,2.4416118786116825,2.7799860298205004,-0.7200387946391115,1.0,3.0,4.0,2021.0,8.0,11.0
2.809082544649367,2.904194708135749,2.8272678577950794,2.282084614082233,2.7976214755696622,-0.5824635635246176,2.0,4.0,4.0,2021.0,2.0,0.0
2.827397571422279,2.8241888480361594,2.718001860938217,2.331629177631417,2.6899258555006678,-0.1022492430378189,3.0,5.0,4.0,2021.0,8.0,23.0
2.7174219187214623,2.796671956131,2.7888646669520027,1.849371638743302,2.76005001529429,-0.4105023854698218,4.0,6.0,4.0,2021.0,14.0,1.0
2.7883456067839694,2.829938439969907,2.8072343289132413,2.3893875867260315,2.7783735423973126,-0.2269951626961102,5.0,0.0,4.0,2021.0,16.0,6.0
2.8135644040819874,2.826902498893588,2.7541166858267463,2.679650414080781,2.726104653878269,-0.3928977529210603,6.0,1.0,4.0,2021.0,1.0,14.0
2.753107852466679,2.697744933155956,2.622573304094426,3.09610697611805,2.5964150560113786,0.1967668175718234,7.0,2.0,4.0,2021.0,6.0,19.0
2.625093485642825,2.7151359717136145,2.762192765438153,1.9743439834246024,2.734426435287524,-0.0595863944805087,8.0,3.0,4.0,2021.0,23.0,0.0
2.761700348614942,2.837085392609549,2.757347507912302,1.6273009864699668,2.729809096001067,-0.6936674742613859,9.0,4.0,4.0,2021.0,11.0,8.0
2.7572348171481647,2.851680684194731,2.852363717519555,2.2555415960564607,2.8238212458295746,0.2444344671520627,10.0,5.0,4.0,2021.0,5.0,0.0
2.8549331947346084,2.930782318387194,2.8776318727379726,1.606964524718712,2.848950782252596,-0.545606089487424,11.0,6.0,4.0,2021.0,3.0,13.0
2.8751614214569985,2.9497551200126697,2.858514079623683,1.9078946757211404,2.8302488318603816,-0.4792726426176385,12.0,0.0,4.0,2021.0,7.0,10.0
2.857619563939611,2.967463676416328,3.080062917334648,2.8925535032466305,3.049207913843154,0.4794163551756504,13.0,1.0,4.0,2021.0,16.0,0.0
3.080552359723989,3.0739897438588044,3.0558974418628666,3.09610697611805,3.025515858008425,0.1536928260472969,14.0,2.0,4.0,2021.0,11.0,19.0
3.053032913111504,3.115350284591944,3.068436404514389,2.402844283260756,3.038117531357746,-0.5328882108934511,15.0,3.0,4.0,2021.0,21.0,11.0
3.064279070056034,2.989755705963808,2.9615763221919327,3.09610697611805,2.932719650534888,0.1855025436716586,16.0,4.0,4.0,2021.0,0.0,11.0
2.958228991317652,2.998532774342879,2.907019652093634,2.6840290273552,2.8789484791254445,-0.2645188603404257,17.0,5.0,4.0,2021.0,3.0,18.0
2.9074283604100613,2.522324602133734,2.6328373923166986,3.09610697611805,2.6082639121274847,2.315247634118964,18.0,6.0,4.0,2021.0,0.0,3.0
2.6307175777532423,2.619633384409927,2.602648013488156,2.640970649150531,2.5785546257649017,0.2573971411515531,19.0,0.0,4.0,2021.0,8.0,15.0
2.599441438640804,2.561430798737764,2.6486003066547736,2.7768048143219004,2.6240894079987984,0.4858659537369677,20.0,1.0,4.0,2021.0,22.0,7.0
2.647867810999877,2.577074350131473,2.491064971481776,2.0759165707510703,2.468583099777013,0.2094109986518767,21.0,2.0,4.0,2021.0,0.0,23.0
2.487495456599357,2.3803361266691985,2.3594973407462567,3.09610697611805,2.3387607066150897,1.1257566093751497,22.0,3.0,4.0,2021.0,12.0,21.0
2.3575973405564628,2.198930534980248,2.3184635365452326,3.09610697611805,2.2983601965414198,1.0103633598543131,23.0,4.0,4.0,2021.0,0.0,8.0
2.320996620568348,2.2678864615930694,2.2544671756110626,1.7552614370775483,2.2352688176284614,0.001150519951901,24.0,5.0,4.0,2021.0,0.0,11.0
2.254100002256472,2.1638288426709784,2.190235613784009,1.5981164014050453,2.171956435457416,0.5364606032790269,25.0,6.0,4.0,2021.0,15.0,21.0
2.1942805301027715,2.270890474322003,2.4981635280640075,2.258013135115052,2.4763383294981534,1.6730054478534753,26.0,0.0,4.0,2021.0,19.0,0.0
2.4981212259597894,2.5532833603149645,2.5602316644153063,1.7787855124631498,2.5378262259186286,-0.1895446205341603,27.0,1.0,4.0,2021.0,21.0,4.0
2.5598606365390446,2.589242074440299,2.547441191606895,1.70026942644502,2.52535187968464,-0.0942880684357107,28.0,2.0,4.0,2021.0,20.0,6.0
2.548906695218291,2.496306544999905,2.469525087207872,1.5965877627030378,2.44848250859509,0.0785472429067528,29.0,3.0,4.0,2021.0,0.0,20.0
2.46979921926,2.541296570784283,2.726979678170676,1.938660221816045,2.703073278335748,1.1115209436571043,30.0,4.0,4.0,2021.0,23.0,0.0
2.724159850039366,2.789312324070835,2.731758821455871,1.4201820052716578,2.7079545662294784,-0.5685989343802549,1.0,5.0,5.0,2021.0,1.0,15.0
2.730981937558992,2.7317532300723237,2.6582996575263693,1.167490937594842,2.635568855261238,-0.4065084823054469,2.0,6.0,5.0,2021.0,0.0,9.0
2.6570179748691523,2.760139434170874,2.6932327453495293,1.90162762580123,2.670287801292926,-0.1053383339682816,3.0,0.0,5.0,2021.0,8.0,0.0
2.6934546112004627,2.545205477623349,2.4559271211543368,2.8156049951671465,2.435929197103366,0.6258168320688177,4.0,1.0,5.0,2021.0,0.0,23.0
2.4503817529391854,2.531145886872858,2.7069622895070657,2.8523022347806246,2.6842672069364446,1.2084812504968006,5.0,2.0,5.0,2021.0,16.0,0.0
2.707389122954973,2.683739222625681,2.6439043311635526,2.867595333911387,2.622114977037268,0.1488591815616908,6.0,3.0,5.0,2021.0,10.0,19.0
2.6443601281825653,2.679903959246976,2.7028133758407384,2.8085171179327104,2.680550751367105,0.3128763873955189,7.0,4.0,5.0,2021.0,17.0,4.0
2.7019570508190083,2.7844398898289597,2.791639823392802,2.64303791563523,2.7685863529189696,-0.0709573675195529,8.0,5.0,5.0,2021.0,20.0,0.0
2.7954939258837053,2.7532562752372303,2.756568905640389,2.671442324534053,2.7341352041028806,0.0052687065543363,9.0,6.0,5.0,2021.0,1.0,13.0
2.757056637279238,2.600846458301187,2.6109656208673946,2.989805311346548,2.5903623418574835,1.2270038827391263,10.0,0.0,5.0,2021.0,4.0,20.0
2.6095918438174746,2.6348113919990594,2.6628101416501777,2.4220449574947143,2.6418264559978697,-0.1452269649534164,11.0,1.0,5.0,2021.0,20.0,2.0
2.662800937939556,2.2897152575008084,2.199212967058997,3.09610697611805,2.1835443230343587,2.818164249346168,12.0,2.0,5.0,2021.0,4.0,23.0
2.234627273447892,2.1524818193829507,2.2339278153465147,3.09610697611805,2.2180401726437524,1.070445187867443,13.0,3.0,5.0,2021.0,7.0,0.0
2.231409409437446,2.271888275089216,2.244013598669645,2.119896485853913,2.2281486721932326,0.1443430583390018,14.0,4.0,5.0,2021.0,15.0,4.0
2.2419932130466496,2.132510122381498,2.052515520254324,2.3055793406883507,2.0388643620843467,0.8700406269845342,15.0,5.0,5.0,2021.0,2.0,23.0
2.0494217429208774,1.9617493087175373,2.0338509464987857,2.57062569332541,2.0205284633193217,1.9961784002894685,16.0,6.0,5.0,2021.0,10.0,20.0
2.0309711711825726,1.8507201644071896,1.8547374749090628,3.09610697611805,1.843469673322432,1.26897994609983,17.0,0.0,5.0,2021.0,0.0,17.0
1.8513456713604852,1.860870711284031,1.8161898543079376,2.1442959266538324,1.8054242489494807,0.8562540408058409,18.0,1.0,5.0,2021.0,6.0,23.0
1.818027105225981,1.1219881064666384,1.453675163442733,3.09610697611805,1.446872150468952,6.562761539651962,19.0,2.0,5.0,2021.0,0.0,13.0
1.4381853423160416,1.3982309225167255,1.6856749366838255,3.09610697611805,1.6763760593989208,4.027847823101437,20.0,3.0,5.0,2021.0,13.0,0.0
1.673973685802558,1.307554303048664,1.472224490216086,3.09610697611805,1.4652219227254693,4.26275838316921,21.0,4.0,5.0,2021.0,0.0,21.0
1.4760609045860769,1.419289544148865,1.4864588528576084,2.208832896197583,1.479303151433901,1.1939170156713357,22.0,5.0,5.0,2021.0,13.0,5.0
1.485902715990601,1.1564996585838343,1.3167043983483826,3.09610697611805,1.3113749232121854,3.677768643223914,23.0,6.0,5.0,2021.0,0.0,16.0
1.3122133007369026,1.3666472019154774,1.5582226067200309,2.750242826278882,1.5502948675070565,2.748518698994747,24.0,0.0,5.0,2021.0,20.0,4.0
1.5634705246138965,1.4950184276453071,1.5395809426943208,2.145627482378224,1.5324431562552867,0.937667360752134,25.0,1.0,5.0,2021.0,0.0,12.0
1.5387365318510535,1.5787555914007738,1.594322041944373,1.8817550034365411,1.586708598174175,0.7451028111681077,26.0,2.0,5.0,2021.0,8.0,0.0
1.59544102200457,1.537157098712402,1.5417132505623543,1.4404959801494752,1.5347424715921774,0.8677673179666251,27.0,3.0,5.0,2021.0,13.0,3.0
1.5457587125564287,1.3810601770497004,1.373596496109529,2.0907546831408386,1.3684648277162796,1.5475074372403013,28.0,4.0,5.0,2021.0,0.0,21.0
1.3725698397854285,1.3124527896996454,1.307221656351886,1.550057005527677,1.3028581256475895,1.3744853498649536,29.0,5.0,5.0,2021.0,5.0,18.0
1.3065102752499895,1.30150254817939,1.3724011662681452,0.8132519297573106,1.3674679194523367,0.9600660760241696,30.0,6.0,5.0,2021.0,12.0,0.0
1.371001471721042,1.347101642720907,1.4739528761786702,1.2126400554779764,1.4680823009463784,1.1480918759590124,31.0,0.0,5.0,2021.0,23.0,4.0
1.471322317689432,1.4447951359652074,1.4341889662735527,0.9756016411205264,1.4288295067838754,0.2699361301800746,1.0,1.0,6.0,2021.0,0.0,17.0
1.4348879321023795,1.456126612062382,1.4888246015933173,0.8905279678366966,1.4830353092072697,0.4032867587197322,2.0,2.0,6.0,2021.0,15.0,1.0
1.4900722098638417,1.5369086229693787,1.5890790522286524,1.0201479060251977,1.5823870996541132,0.3443497997008839,3.0,3.0,6.0,2021.0,10.0,2.0
1.5908763104607062,1.4404095347072634,1.4470449643436922,1.3656555998777422,1.4418842361407198,1.1310632833335523,4.0,4.0,6.0,2021.0,0.0,12.0
1.4459453798523556,1.3887341194271667,1.3646579873138855,1.04719711069094,1.360421573776019,0.9237196026280116,5.0,5.0,6.0,2021.0,7.0,21.0
1.363640339472309,1.41428811894658,1.383708639366835,0.6650418975788558,1.3793932492317695,-0.3702487400736076,6.0,6.0,6.0,2021.0,6.0,22.0
1.381840479951875,1.298967384778029,1.2424533940853917,0.9237789760948136,1.2396354563236751,1.1969740038925505,7.0,0.0,6.0,2021.0,1.0,23.0
1.2440621753238676,1.1493616119067576,1.2370480969544695,1.8033997344468589,1.2343863247503493,1.0431173888675334,8.0,1.0,6.0,2021.0,0.0,15.0
1.2334765182532448,1.235439259509988,1.4747057603110172,2.024191162094433,1.4697876102275689,2.7274980892903,9.0,2.0,6.0,2021.0,23.0,2.0
1.477195020410048,1.4486208067637094,1.4352736858555633,1.4602959392550583,1.430835705243332,0.5273649984655163,10.0,3.0,6.0,2021.0,10.0,20.0
1.4347105283760897,1.4610672820043864,1.474047745367303,1.19582060456449,1.4693093899389291,-0.0911359002812165,11.0,4.0,6.0,2021.0,10.0,2.0
1.4741659576050676,1.377845167018935,1.364692258136245,1.1537594051373534,1.3611143154023684,0.6641936015969169,12.0,5.0,6.0,2021.0,0.0,10.0
1.3646944333106077,1.3864388628677018,1.5822727213459895,1.3026335116968035,1.5766816569846074,2.05246574140068,13.0,6.0,6.0,2021.0,20.0,4.0
1.577040710898553,1.6325894989509977,1.6510458432645083,1.43713035890729,1.644826880672144,0.2791971457654986,14.0,0.0,6.0,2021.0,14.0,3.0
1.663557639496305,1.686469928718507,1.662570728682279,1.614552087574746,1.656372293867706,-0.1151231512634478,15.0,1.0,6.0,2021.0,18.0,9.0
1.6476997038005812,1.595839269639658,1.5361956928771674,1.2235843885441715,1.5313576426387217,0.3140757235828059,16.0,2.0,6.0,2021.0,6.0,23.0
1.5355953782144651,1.549282015681221,1.5181797487224016,1.1088751696371852,1.5136147837478215,0.2058256136109174,17.0,3.0,6.0,2021.0,9.0,20.0
1.5207517437504685,1.4112074119050244,1.3790976729024358,1.0602906590206982,1.3759443235093265,0.7975256941900395,18.0,4.0,6.0,2021.0,0.0,18.0
1.3830223247942413,1.390798455947697,1.368580226392967,0.7894526981044638,1.3655999905783445,-0.0937346400296446,19.0,5.0,6.0,2021.0,12.0,3.0
1.3651453174255792,1.2958967915965194,1.3736388451984052,1.085410320094554,1.3706868894371111,0.7182607340438211,20.0,6.0,6.0,2021.0,20.0,12.0
1.3699310903477118,1.160836729579131,1.1268300044167363,1.96106585749878,1.1262664732246448,2.020734839969434,21.0,0.0,6.0,2021.0,0.0,23.0
1.1233762668314495,1.0089475359090605,1.1777042888540077,2.2949112387227792,1.1767233489880615,2.4074081307166404,22.0,1.0,6.0,2021.0,18.0,13.0
1.1781832490760236,1.1909764617016791,1.252415166881568,1.608963499811583,1.250789960863081,1.1790189199138317,23.0,2.0,6.0,2021.0,13.0,0.0
1.2497849532359335,1.2297077194543091,1.3100672893073124,0.8933754570911216,1.3079936051493355,0.9913201436076968,24.0,3.0,6.0,2021.0,18.0,2.0
1.309682022524747,1.1643109039910318,1.1244418422252875,1.2788664203598987,1.124159819840191,1.8956568178231663,25.0,4.0,6.0,2021.0,2.0,22.0
1.121676019671599,1.0905649903288064,1.1581035612941013,1.1896185318202483,1.1575677512699916,0.8156944314533332,26.0,5.0,6.0,2021.0,5.0,8.0
1.1641835355491403,1.209888987717317,1.3092822770509325,1.0229080488970017,1.3074021255900248,0.8778473812503215,27.0,6.0,6.0,2021.0,23.0,0.0
1.3109101264741574,1.3256130992016253,1.2960685819245084,0.9350921001564684,1.294364049714326,-0.2109273108042452,28.0,0.0,6.0,2021.0,7.0,12.0
1.2984213960243507,1.3477681310981595,1.384040041997941,1.152524511207485,1.3816020969160596,0.5248846396292202,29.0,1.0,6.0,2021.0,17.0,3.0
1.3863266089429371,1.337251525556423,1.3332900705141688,0.9441232192465768,1.3313792992852922,0.2391607794419514,30.0,2.0,6.0,2021.0,0.0,16.0
1.332803814724419,1.2612301900426202,1.2431536231630531,1.1491345420436927,1.2421216745455226,0.3957945475601556,1.0,3.0,7.0,2021.0,0.0,19.0
1.2416130084263746,1.254079277857982,1.263094883821145,1.1974063816898968,1.2619483227013752,-0.2927387403185249,2.0,4.0,7.0,2021.0,0.0,6.0
1.260314041913554,1.2940392367483518,1.3104424186230264,0.4193766867631679,1.3089529206685635,-0.0425703312944363,3.0,5.0,7.0,2021.0,17.0,3.0
1.3100783713955215,1.3568722348299012,1.3484451220718818,0.4486835740651237,1.3466993466043322,-0.0437436300483253,4.0,6.0,7.0,2021.0,21.0,1.0
1.3480410129344549,1.2820872389889189,1.2538250668372546,0.5461607059527069,1.2530119903372243,0.3247660697062481,5.0,0.0,7.0,2021.0,0.0,17.0
1.2522824997093045,1.3065086860614414,1.2838470931495205,0.5342126125639471,1.2828679943597157,-0.0902720732711654,6.0,1.0,7.0,2021.0,8.0,17.0
1.2830910890542877,1.3216433321246448,1.260534391034131,0.4417260366731998,1.2598462039503553,-0.3185316143763672,7.0,2.0,7.0,2021.0,12.0,23.0
1.262472670095718,1.2137726940660394,1.2005165885355178,0.7191137534210542,1.200445456103974,0.1611530539152935,8.0,3.0,7.0,2021.0,0.0,11.0
1.1994079985569883,1.2255136508880733,1.257016822395441,0.5849111913403933,1.256541217794907,0.1631364832503924,9.0,4.0,7.0,2021.0,22.0,1.0
1.2576650147186863,1.2759133308945731,1.2399870327846212,0.3427895170162815,1.2397729347546893,-0.357817831020085,10.0,5.0,7.0,2021.0,0.0,20.0
1.2391268938027562,1.2905011732167506,1.284153551728335,0.1875013610175815,1.283643167618277,-0.2382759284764791,11.0,6.0,7.0,2021.0,22.0,4.0
1.2848295422225295,1.249440236437681,1.217606843561437,0.4159890963721606,1.2177535642256678,0.2375415241460347,12.0,0.0,7.0,2021.0,4.0,20.0
1.215592188721591,1.2218806810137997,1.1897554268598798,0.1339221750223813,1.1902289360923626,-0.3618880763836721,13.0,1.0,7.0,2021.0,10.0,20.0
1.1909523051760076,1.182535241541678,1.197139730131671,0.2562630450655236,1.1976625694483405,-0.0694589231269432,14.0,2.0,7.0,2021.0,18.0,9.0
1.1973345401021198,1.1532353094280734,1.1332148742168262,0.2521406599326259,1.1343668136597729,0.3700534739276384,15.0,3.0,7.0,2021.0,1.0,17.0
1.136822788921687,1.148491044066822,1.11117092940386,0.3822524969657087,1.1126027547987485,-0.2859591247566778,16.0,4.0,7.0,2021.0,16.0,11.0
1.1095681278419107,1.1562879418404783,1.1180155544830486,0.121673429239125,1.1194825783743227,-0.6077933001353926,17.0,5.0,7.0,2021.0,8.0,4.0
1.1179471865602562,1.1557506099745043,1.134201640300207,0.1158683268456091,1.1356283003094505,-0.2230762095071845,18.0,6.0,7.0,2021.0,1.0,14.0
1.1342743557455055,1.114542489401715,1.0741209805032184,0.2051858650195961,1.0761458073202408,-0.1183197796717526,19.0,0.0,7.0,2021.0,5.0,14.0
1.0752715800152897,1.0384953034226787,1.0121068039362122,0.3523565745615812,1.014721152880374,0.1865953580967554,20.0,1.0,7.0,2021.0,0.0,14.0
1.0113440390464028,1.048942035056196,1.1534648883000087,0.6265111108164317,1.1550154960027152,1.6089506949188146,21.0,2.0,7.0,2021.0,18.0,1.0
1.1550637095157368,1.189248292722281,1.1658871329900151,0.1574812805686223,1.1674327391446322,-0.5253351632726861,22.0,3.0,7.0,2021.0,16.0,11.0
1.1653145774804357,1.2090124443350636,1.2437325309034193,0.3200193730089305,1.2447442580316288,0.0263711103179171,23.0,4.0,7.0,2021.0,23.0,17.0
1.2443203737323905,1.2954404855852422,1.2873607201924318,0.2718928089443217,1.2881215061441509,-0.3736158034136864,24.0,5.0,7.0,2021.0,17.0,0.0
1.2870550308336397,1.3243334992109612,1.3522751002211335,0.2280681963459851,1.3526267766908426,-0.0749487654953148,25.0,6.0,7.0,2021.0,23.0,14.0
1.3541567985773244,1.413196305516366,1.4742400683308243,1.864149209509144,1.47374009592818,2.619852173688968,26.0,0.0,7.0,2021.0,19.0,0.0
1.470232951152439,1.4861855617005486,1.6012412031861605,1.0004392963502298,1.5998660554652406,0.8650307945503893,27.0,1.0,7.0,2021.0,23.0,3.0
1.606870437734446,1.6392378484621986,1.6373864664172666,1.1959652929770437,1.6358586271713078,0.0857211204727811,28.0,2.0,7.0,2021.0,11.0,18.0
1.637071384960894,1.6701949070458533,1.6381544833814392,0.570328235759219,1.6367479789877788,-0.3914680177641601,29.0,3.0,7.0,2021.0,9.0,1.0
1.6390365336703323,1.6098325148520154,1.7748349659305689,0.8906318733511762,1.7725137584324606,1.288229705457763,30.0,4.0,7.0,2021.0,23.0,9.0
1.7720954815281906,1.781395436207807,1.737438564648898,0.4963327503403673,1.735535071690396,-0.5072711026907448,31.0,5.0,7.0,2021.0,0.0,17.0
1.726974410013997,1.6821370927138093,1.636097039446221,0.5443645866235699,1.635098783080459,0.6792901499696027,1.0,6.0,8.0,2021.0,3.0,23.0
1.631660907716205,1.6318979967638354,1.5886604541432727,0.4850742527380623,1.5881336165167124,-0.1094681528999425,2.0,0.0,8.0,2021.0,7.0,20.0
1.5869447836895478,1.57092929960676,1.524284784751626,0.5173216358228326,1.5243721872226166,0.1058202498567869,3.0,1.0,8.0,2021.0,0.0,18.0
1.5277368376142515,1.5587337970738733,1.622141878924929,0.4729955405336997,1.6216066267116225,0.4064693915288866,4.0,2.0,8.0,2021.0,22.0,8.0
1.621676139762004,1.5504409448048326,1.6910029051325297,1.0051937306975296,1.6900900475519376,1.3357121958851117,5.0,3.0,8.0,2021.0,19.0,12.0
1.690472065974537,1.706873672055703,1.8104883899958188,1.170152762115633,1.80882595184479,0.921242754703576,6.0,4.0,8.0,2021.0,17.0,4.0
1.811144842130404,1.876723714562263,1.9172306682126368,1.268016751114036,1.914935553256548,0.0573011885585256,7.0,5.0,8.0,2021.0,23.0,16.0
1.917996025725994,1.921825729582136,1.8707310825971504,1.0658107571527873,1.8689151336862853,-0.0618439549391083,8.0,6.0,8.0,2021.0,6.0,19.0
1.8699883142674447,1.891273443465616,2.028287206345858,1.197683212793648,2.0254800407127704,0.938719992103489,9.0,0.0,8.0,2021.0,18.0,1.0
2.0226856442934618,2.008676203450069,1.980395308804165,0.9162987730287064,1.978081877811332,-0.1137043755071472,10.0,1.0,8.0,2021.0,0.0,16.0
1.980896914254608,2.049530105957963,1.980923413970728,0.9582613219936456,1.978742003624383,-0.4090654855269626,11.0,2.0,8.0,2021.0,15.0,2.0
1.979496661721912,1.9553063593443505,1.9094051469128732,0.9259313234111164,1.907850814249077,0.1501873628047691,12.0,3.0,8.0,2021.0,3.0,16.0
1.90972925863133,1.9819227194062277,2.1159197836454537,0.818576836902666,2.113063808863615,0.8734766627036444,13.0,4.0,8.0,2021.0,23.0,0.0
2.116542701205046,2.1017500325030465,2.073182684413406,0.7896736985929422,2.070783603447656,-0.154468882985951,14.0,5.0,8.0,2021.0,9.0,11.0
2.0727369353930305,2.063938029062826,2.070117759599033,0.7776116217661768,2.067905974277511,-0.2176190959932066,15.0,6.0,8.0,2021.0,1.0,13.0
2.0680308821828577,2.071571439535598,2.006137479707557,0.8745828202991845,2.004523806480326,0.0705188210293319,16.0,0.0,8.0,2021.0,3.0,20.0
2.001556948945021,1.996464754402252,1.9257953854948808,0.9111648720811768,1.9248825016186253,0.2860603800038407,17.0,1.0,8.0,2021.0,11.0,22.0
1.9248864741674667,1.9870826123068623,1.9322903210907012,0.8429760556148177,1.9314570791683416,-0.2747181639493458,18.0,2.0,8.0,2021.0,16.0,1.0
1.9282689012712293,1.963960033665073,2.0499006459590667,1.1147133553094264,2.0484168874909736,0.525464409627405,19.0,3.0,8.0,2021.0,23.0,4.0
2.049819490201674,2.1316607821012896,2.210790081112638,0.979259605234322,2.208401008612042,0.296758084809115,20.0,4.0,8.0,2021.0,23.0,0.0
2.209574149734981,2.236710437222116,2.184174472559697,1.2980826248142057,2.1821309451693303,-0.4574831774227073,21.0,5.0,8.0,2021.0,17.0,11.0
2.1814773401092933,2.229612876030316,2.2097147433116104,0.4729094477445089,2.2076607958806957,-0.521132634600717,22.0,6.0,8.0,2021.0,23.0,15.0
2.207402553692327,2.284914588088494,2.223492091162289,0.957466460530758,2.2215544663880094,-0.4555614138104813,23.0,0.0,8.0,2021.0,11.0,20.0
2.224008343977076,2.1971890224823003,2.1105680917666576,1.0147469057687228,2.109502226727231,-0.0498500888729834,24.0,1.0,8.0,2021.0,7.0,23.0
2.1114240420871795,2.1640898706995664,2.18756807309643,0.8675034535018463,2.1861724394792565,-0.0885062176837039,25.0,2.0,8.0,2021.0,22.0,9.0
2.189669980909997,2.1161750350612265,2.063686921104607,0.8685990198909552,2.063213535540222,0.3596731632867842,26.0,3.0,8.0,2021.0,0.0,12.0
2.0603371041201566,2.1154479753266,2.1935751940770385,0.9686405312491824,2.1924259401242936,0.306247362731172,27.0,4.0,8.0,2021.0,23.0,0.0
2.1939610675827423,2.248536347203536,2.183984936361058,0.6463118676865609,2.183041288575302,-0.7811456213760007,28.0,5.0,8.0,2021.0,1.0,14.0
2.184062917001129,2.212283494360146,2.179531283997279,0.5010407817769852,2.1787736071693957,-0.2852556348628284,29.0,6.0,8.0,2021.0,1.0,4.0
2.179375978089533,2.150601062842336,2.070607513756924,0.8241495449974598,2.0706469198861925,-0.1475048373340142,30.0,0.0,8.0,2021.0,0.0,23.0
2.068299619656453,2.13794454647734,2.077462821804996,0.980533954889926,2.0775962028935333,-0.4022921695645744,31.0,1.0,8.0,2021.0,14.0,0.0
2.072927509677441,2.126079737548379,2.1805866447975912,1.2196665307730266,2.1802147025717757,0.206315685257935,1.0,2.0,9.0,2021.0,17.0,1.0
2.177719271507707,2.258215070740616,2.210087210751952,1.2396621258229756,2.2097021720483423,-0.2977382854067623,2.0,3.0,9.0,2021.0,14.0,0.0
2.2071922269109834,2.241382128334435,2.2529026132137364,1.4402362339482462,2.252416028324532,0.1690693580164438,3.0,4.0,9.0,2021.0,14.0,1.0
2.251430838977791,2.314894877863011,2.247947064987934,1.1291954569445066,2.247643645718034,-0.678837942603814,4.0,5.0,9.0,2021.0,10.0,17.0
2.247046274098893,2.314251104197316,2.3589535880686863,0.7414745223403513,2.3581686980369243,0.013326952748962,5.0,6.0,9.0,2021.0,22.0,6.0
2.359388624809029,2.4100438738132435,2.412967489480053,1.2058201834128677,2.412055091161519,-0.3709925553473932,6.0,0.0,9.0,2021.0,23.0,12.0
2.4140813602844045,1.91887298780247,2.0556419292937536,2.6336592135454957,2.056926643850016,3.510570998403099,7.0,1.0,9.0,2021.0,3.0,15.0
2.056239377891546,1.9995613798338243,2.0114709198725373,1.7548962981498697,2.0131441723843704,0.3383403211015112,8.0,2.0,9.0,2021.0,2.0,8.0
1.9916356533961028,2.069637842028356,2.029884216373247,1.194351869922035,2.031582596919738,-0.2942309220145077,9.0,3.0,9.0,2021.0,16.0,3.0
2.02979097855617,1.9858470441372889,1.9373669962017528,1.220494591629948,1.939709378923192,0.3049177337979593,10.0,4.0,9.0,2021.0,1.0,23.0
1.936119164462488,2.0158024188991663,1.9568552141145,0.968030813210795,1.9592224629820572,-0.53069875986352,11.0,5.0,9.0,2021.0,16.0,0.0
1.9567814505836751,2.014044454411101,2.009745238676127,0.6090986471535621,2.01195603688307,-0.2931029974925127,12.0,6.0,9.0,2021.0,23.0,1.0
2.0089656135839573,1.9382273008344129,1.9422252610749584,1.318949630889686,1.9449437195140236,0.4959603614249964,13.0,0.0,9.0,2021.0,13.0,14.0
1.941653567761036,2.011633594912186,2.0729094722731114,1.193239788635626,2.0750831995798205,0.2252817999374668,14.0,1.0,9.0,2021.0,22.0,0.0
2.07281850483123,2.139413455010223,2.1394263345835403,0.7502511509366949,2.141385059830049,-0.27283840711851,15.0,2.0,9.0,2021.0,23.0,6.0
2.1379061604369447,2.158775253025145,2.1153083237197303,0.8196634313010852,2.117529570741597,-0.4382748730629179,16.0,3.0,9.0,2021.0,7.0,20.0
2.1141079210584577,2.1431563235379336,2.083650963692761,0.6549686414652572,2.086176531845355,-0.4748896810921895,17.0,4.0,9.0,2021.0,5.0,18.0
2.083587274750452,2.1592638064488554,2.14568720358919,0.6467201118201116,2.148041585032723,-0.2612779461467087,18.0,5.0,9.0,2021.0,9.0,0.0
2.144651697736848,2.14867471687594,2.083202791911924,0.5595121232674943,2.0860391739788544,-0.439306393922827,19.0,6.0,9.0,2021.0,0.0,22.0
2.0828437447465835,1.875481301101787,1.8121640250517,1.478400921263171,1.8165242162217663,1.3964165191577125,20.0,0.0,9.0,2021.0,0.0,23.0
1.82215350017726,1.6977330832442734,1.6802091905029333,1.7382633276067174,1.6853382894963924,1.104954896237185,21.0,1.0,9.0,2021.0,10.0,21.0
1.6789435027361543,1.750718186817917,1.8570080732042884,1.1654464172892745,1.861367328773395,0.93961725487397,22.0,2.0,9.0,2021.0,18.0,0.0
1.8557774950680208,1.9077533757829672,1.938053519935348,0.9541585885451308,1.942159963744216,-0.1053810088258776,23.0,3.0,9.0,2021.0,22.0,1.0
1.9376199200956723,1.7703766673724572,1.811915427727884,1.4203402878765412,1.8167659427893963,1.1953953923983176,24.0,4.0,9.0,2021.0,7.0,11.0
1.8116414075605047,1.8224348028948616,1.8043570931645248,0.8110084902946759,1.809375990312736,-0.4476645061770104,25.0,5.0,9.0,2021.0,10.0,8.0
1.8043245938478225,1.7648067224835218,1.8345481936546055,0.7598362061422098,1.8395410381295711,0.6664695028557647,26.0,6.0,9.0,2021.0,22.0,7.0
1.8357703477919285,1.8496670984473096,1.7748462666148357,0.777127319213619,1.7802553748981,0.0764142214819033,27.0,0.0,9.0,2021.0,1.0,23.0
1.7723772491615246,1.770067195981774,1.7011284886232494,0.7356312646470377,1.7070132749355964,-0.063746783734584,28.0,1.0,9.0,2021.0,4.0,23.0
1.7026880615468285,1.763618551351585,1.7336438754649186,0.7566437024045161,1.7394924754798513,-0.1131093494774889,29.0,2.0,9.0,2021.0,12.0,0.0
1.7325221669119422,1.8024971253974928,1.8702878597013013,0.7858948749651529,1.8756440197258408,0.4553746277769459,30.0,3.0,9.0,2021.0,19.0,0.0
1.871510626022964,1.9210741696157057,2.135780593479182,1.4209529410751265,2.140071882376817,1.8287002692465448,1.0,4.0,10.0,2021.0,22.0,2.0
2.1365908923302563,2.183176688998691,2.110897524424992,0.7572938181155644,2.115480117566058,-0.7557294851894664,2.0,5.0,10.0,2021.0,13.0,3.0
2.108526547425416,2.1636898565906786,2.1408750016227445,0.5416352628532964,2.145469626241584,-0.1231815610031584,3.0,6.0,10.0,2021.0,18.0,0.0
2.140973728322877,2.1565905741362816,2.196903425998052,0.907466477385376,2.20140463981578,0.1005453185063884,4.0,0.0,10.0,2021.0,18.0,15.0
2.200241821961358,2.2848029209856544,2.344310654159392,1.0425561017025835,2.3483402330024337,0.2622460010756909,5.0,1.0,10.0,2021.0,21.0,0.0
2.342066917870306,2.3742902275600164,2.580381615087509,1.7563589424250972,2.583550678434348,1.3602933147704996,6.0,2.0,10.0,2021.0,23.0,9.0
2.5783877490630385,2.56632576924989,2.4849215809162204,1.093211020730343,2.488644189931877,-0.3465131090525667,7.0,3.0,10.0,2021.0,0.0,16.0
2.484123562192554,2.576605524786112,2.494855151550785,0.9843582280119868,2.498672670884825,-0.1192654109648821,8.0,4.0,10.0,2021.0,8.0,5.0
2.4919541022080063,2.579582694807982,2.5562490967211917,0.8590892160908771,2.5599689882470784,-0.396547597925158,9.0,5.0,10.0,2021.0,13.0,0.0
2.5547184447759053,2.613036534814341,2.544180825990596,1.2407317890415286,2.548130290532908,-0.1879174256119912,10.0,6.0,10.0,2021.0,20.0,2.0
2.541301237909264,2.629191407981067,2.710692620537712,1.4093836671054725,2.714133499466994,0.3537074915594243,11.0,0.0,10.0,2021.0,19.0,0.0
2.7126361484625265,2.626549118301245,2.622089642639534,1.3251226452650189,2.626044799157736,0.2229841372541521,12.0,1.0,10.0,2021.0,6.0,20.0
2.6213108189028205,2.6197838357730583,2.7055563821644424,1.3576915893945518,2.709373034896989,0.3381898911006818,13.0,2.0,10.0,2021.0,21.0,9.0
2.7031881243588747,2.7832933131430715,2.7006729723352176,1.0827937846004738,2.7046633034721284,-0.5081750175969985,14.0,3.0,10.0,2021.0,2.0,18.0
2.701535940315661,2.7776703888653738,2.962874955807645,1.9052583963458565,2.9660349132782824,1.4644197930448384,15.0,4.0,10.0,2021.0,20.0,1.0
2.963112894842373,2.988718036452028,2.9198068318167283,0.954532812906554,2.9232922243210826,-0.3256063686719365,16.0,5.0,10.0,2021.0,5.0,17.0
2.918825318027157,2.92285835145908,2.960399708572915,0.6714921293333808,2.963929780878297,-0.1397668991984207,17.0,6.0,10.0,2021.0,23.0,20.0
2.9593874445437445,2.976492418715599,2.989394968292588,1.160882532801632,2.993002969381983,-0.100254465571454,18.0,0.0,10.0,2021.0,7.0,13.0
2.9897169895365394,3.0782977896519914,3.1266146850538257,1.2918991280878889,3.129918090130656,-0.0214484967818827,19.0,1.0,10.0,2021.0,23.0,14.0
3.12722999473933,3.2039751305563677,3.2328380210879533,1.3091334146199614,3.2359536644621425,0.1423267896075228,20.0,2.0,10.0,2021.0,14.0,5.0
3.2326090081445438,3.109561568008948,3.000693034552722,1.5867812689904854,3.004828359264514,0.5640157543509908,21.0,3.0,10.0,2021.0,9.0,23.0
3.001663544639572,2.983449886875093,2.9075378177358893,1.1814123348083994,2.9121980523247206,0.2996980952529275,22.0,4.0,10.0,2021.0,9.0,16.0
2.906983068907571,2.964717474275925,2.9505803740827194,0.5548924049087355,2.955276194031516,-0.3769299953384116,23.0,5.0,10.0,2021.0,12.0,11.0
2.948316057143769,2.9531359278374576,2.92217916479053,0.5784115919900298,2.9271590605704394,-0.4090781712481658,24.0,6.0,10.0,2021.0,0.0,16.0
2.9192102652786,3.019425670505651,3.051609440605577,0.7817310886852069,3.056381657392295,0.0967835263528892,25.0,0.0,10.0,2021.0,16.0,0.0
3.0504295697574078,2.9751269704785064,2.88737921584458,0.9885936803627114,2.8928831598429148,0.1352595763904158,26.0,1.0,10.0,2021.0,0.0,22.0
2.8859624725109274,2.86239643722315,2.7719160035639168,1.4646915194390082,2.777974434889928,0.1896849978973701,27.0,2.0,10.0,2021.0,4.0,8.0
2.770545050223491,2.8623160641920444,2.903234025548376,1.551470957636955,2.909065852571844,0.5419354164160641,28.0,3.0,10.0,2021.0,20.0,18.0
2.902703405875408,2.996548286427242,3.0017849136602544,1.095869788639256,3.007515055466355,-0.0853886280600576,29.0,4.0,10.0,2021.0,16.0,0.0
3.001753800509384,3.0337518646480577,2.9809720385156857,0.8410135214909885,2.9869651851166297,-0.607608572038436,30.0,5.0,10.0,2021.0,0.0,14.0
2.9778961332152427,2.9803854249244544,2.9459984679520783,0.8455293597132713,2.9522777766680166,-0.2186709831945217,31.0,6.0,10.0,2021.0,1.0,13.0
2.945377740002993,2.9564134299300435,2.926694308994232,1.0575617585349792,2.933204999189741,-0.0446877411510691,1.0,0.0,11.0,2021.0,11.0,4.0
2.923463508493393,3.0182405876081795,3.063059727132749,1.144128937782407,3.0693642781894104,0.3213988908725961,2.0,1.0,11.0,2021.0,16.0,0.0
3.064023219082669,3.050560861172064,3.0473271058530385,1.0561602038339932,3.053893290479086,-0.239989269438645,3.0,2.0,11.0,2021.0,7.0,18.0
3.044849191418704,3.026245471789516,2.954177523108329,0.8658490626995322,2.961184759142262,-0.238979344382318,4.0,3.0,11.0,2021.0,0.0,18.0
2.9539441290836885,3.0290871820305005,2.9341365115530014,0.7567924494345989,2.941386189050599,-0.4800287516429921,5.0,4.0,11.0,2021.0,6.0,20.0
2.929943340171436,2.986041132818772,2.958795747302762,0.6748855558711759,2.9661742203280443,-0.5899290247944567,6.0,5.0,11.0,2021.0,6.0,12.0
2.959762811687883,3.0662566997486542,3.0692328855560578,0.4379688720799217,3.0765067867767906,-0.3979798521460603,7.0,6.0,11.0,2021.0,23.0,0.0
3.0695283729298617,3.1871185325676112,3.3294351810854046,1.3273924273638111,3.3362118836292227,0.575089896988107,8.0,0.0,11.0,2021.0,23.0,0.0
3.327549629007383,3.379199356048457,3.2929194528852124,1.3942331233593126,3.299992678587032,-0.3714215499243826,9.0,1.0,11.0,2021.0,3.0,19.0
3.29096022505271,3.1785227891587984,3.1716140752597592,1.739876241279294,3.1791938282944168,0.9638731011518378,10.0,2.0,11.0,2021.0,14.0,21.0
3.1698261299425696,3.240002304328973,3.168835975562718,1.0429210619906166,3.176636174633525,-0.6376489507206844,11.0,3.0,11.0,2021.0,9.0,2.0
3.162776308819,3.1232503196133528,3.12010635476699,1.0539995333737404,3.128207348217369,0.0534004921778977,12.0,4.0,11.0,2021.0,2.0,16.0
3.1194713532307667,3.18456840486825,3.1393514407839334,0.7496942629577429,3.147607283646272,-0.5443740138408806,13.0,5.0,11.0,2021.0,16.0,10.0
3.1377078244323164,3.2063229254523917,3.200557242668753,0.4594107868805197,3.2088698835665124,-0.4527817804759001,14.0,6.0,11.0,2021.0,23.0,16.0
3.203102763076981,3.200021496290424,3.083402320947433,0.754279169709552,3.092183685462487,-0.1146446694204012,15.0,0.0,11.0,2021.0,9.0,22.0
3.092665488066453,2.9134925763795883,2.8749488731413684,1.6375586574818468,2.884388381084673,0.7170948271373042,16.0,1.0,11.0,2021.0,0.0,10.0
2.87293287406226,2.88182084552877,2.887638186143324,1.2217814352138905,2.8972356068783327,-0.2010751822597485,17.0,2.0,11.0,2021.0,12.0,10.0
2.8864618112749314,2.757605485780183,2.677389576431745,1.3416421169044888,2.6876021020397203,0.6917865652058063,18.0,3.0,11.0,2021.0,1.0,23.0
2.6739419738723607,2.704140712394089,2.749649968613782,1.1959654598510707,2.7598717072854986,0.0093118426252788,19.0,4.0,11.0,2021.0,17.0,3.0
2.748725673681161,2.815706198020799,2.8464697749218013,0.7578317601546716,2.856667318822648,-0.1299286552843566,20.0,5.0,11.0,2021.0,23.0,16.0
2.8478335038895524,2.8883661197688486,2.78714139714868,0.5137212338910213,2.7976164420682177,-0.5943229923465828,21.0,6.0,11.0,2021.0,17.0,10.0
2.785031196925376,2.7025385425436563,2.6373237377382868,0.9971173505073408,2.648255850238832,0.3870844975909723,22.0,0.0,11.0,2021.0,13.0,21.0
2.6376484597452827,2.6995618216606543,2.715865280783989,1.1299805964972691,2.726805047081259,-0.1634751005010992,23.0,1.0,11.0,2021.0,21.0,9.0
2.715029941165112,2.7205188533614324,2.636779979588414,1.083866342896503,2.6478957295244574,-0.3677850288348886,24.0,2.0,11.0,2021.0,0.0,14.0
2.690463053248998,2.795281575154372,2.697798007689292,0.9563254526055625,2.7090111078448023,-0.1887374906565193,25.0,3.0,11.0,2021.0,16.0,0.0
2.8005796942375536,2.569126413080382,2.47042450474311,1.3645523140543636,2.4822850361311324,1.270694638871853,26.0,4.0,11.0,2021.0,0.0,23.0
2.4800919222059403,2.575359964226074,2.5468504617622,0.7543927508434762,2.5587280954821296,-0.3945883842776003,27.0,5.0,11.0,2021.0,8.0,0.0
2.5461418100958646,2.5695672169932062,2.696188800443536,0.6218392388884583,2.70797370985083,0.6084208516721231,28.0,6.0,11.0,2021.0,23.0,18.0
2.6982231643881023,2.7728893947648467,2.730440306319726,0.8525606590125748,2.742340605413421,-0.2546616341302324,29.0,0.0,11.0,2021.0,18.0,9.0
2.731242739931867,2.726402757775415,2.681273684957768,1.0878271483982107,2.693403519358969,0.1735489514169907,30.0,1.0,11.0,2021.0,15.0,6.0
2.67466824832269,2.757750218841694,2.6950455565703355,1.0959410310273812,2.707316206457705,-0.0625343530345769,1.0,2.0,12.0,2021.0,16.0,21.0
2.6936504606823606,2.7161506680420566,2.648893977861252,0.8530557516152564,2.661416037852644,-0.536886003006797,2.0,3.0,12.0,2021.0,15.0,3.0
2.650201451715489,2.5012734008633872,2.472172498040893,1.2549061696492814,2.4851318545675696,1.0897834256893772,3.0,4.0,12.0,2021.0,13.0,20.0
2.479567161645281,1.8929128301390248,2.2022919839679056,2.426236449733157,2.2157899365932576,4.121543517466537,4.0,5.0,12.0,2021.0,0.0,5.0
2.2018712255665527,2.2079614325044945,2.21261101695062,1.1143819059512885,2.2262620666455755,-0.1893567996221471,5.0,6.0,12.0,2021.0,0.0,15.0
2.214875190911045,2.171513958959612,2.2871015213820605,1.1419942997550518,2.3008312228079144,0.7171140619400416,6.0,0.0,12.0,2021.0,22.0,11.0
2.2865544946555123,2.354539421096981,2.294310066548161,0.923392710871106,2.3081891120035056,-0.2944573082337,7.0,1.0,12.0,2021.0,15.0,22.0
2.2918194779379237,2.2654018122423314,2.282325043346667,0.6415171082735834,2.2963915475377554,0.0344123865508223,8.0,2.0,12.0,2021.0,15.0,12.0
2.278471645319955,2.176402475911515,2.1084817211316915,0.7024727940140719,2.1229016575589488,0.5701956140582136,9.0,3.0,12.0,2021.0,0.0,20.0
2.1062022800840405,2.155243493892093,2.082164911200881,0.7763667038774462,2.096762057490957,0.4311153062207383,10.0,4.0,12.0,2021.0,13.0,23.0
2.083041797779477,2.150100029300737,2.2122220022211985,0.4948696503799836,2.2268384099377623,0.1834634607236513,11.0,5.0,12.0,2021.0,23.0,0.0
2.211278549627319,2.2628642980827665,2.257380256918578,0.2867817547644117,2.272094972604362,-0.1461170888815685,12.0,6.0,12.0,2021.0,18.0,10.0
2.257898191955166,2.083870550717249,2.0511221389204195,0.8414902186006665,2.0661630837457863,1.0322796078404868,13.0,0.0,12.0,2021.0,0.0,19.0
2.04900360457236,2.1173582243658533,2.0434600762478974,0.9755580227904164,2.058611817243449,-0.0823455426579145,14.0,1.0,12.0,2021.0,23.0,0.0
2.151455309212672,2.1330048594745867,2.1836362658855317,1.0787822666417552,2.1988451693401725,0.304849766360245,15.0,2.0,12.0,2021.0,20.0,16.0
2.183401220527452,2.187247508789065,2.108070763257908,0.5758064328917991,2.1234556088798,-0.1910879158697887,16.0,3.0,12.0,2021.0,11.0,23.0
2.106913109195036,2.0663802022399613,2.018267982481108,0.8814084689345215,2.0338622577338064,0.1020016447045721,17.0,4.0,12.0,2021.0,1.0,15.0
2.0189069079779616,2.0651300006394706,2.057952369027041,0.5123569084289052,2.0736387181445943,-0.2338765302246924,18.0,5.0,12.0,2021.0,11.0,2.0
2.05784091864712,2.122318859280155,2.0492523332707706,0.4611442898489241,2.0650782007073394,-0.3180173379713013,19.0,6.0,12.0,2021.0,14.0,1.0
2.0488343984927084,2.063951940243117,2.05988568307389,0.7761441700978414,2.075849352182377,-0.1848527390744338,20.0,0.0,12.0,2021.0,21.0,14.0
2.0598169954933905,2.134699787819778,2.1860845496539154,0.5642893817600596,2.202127028750468,0.2422499617941963,21.0,1.0,12.0,2021.0,12.0,1.0
2.185648711871652,2.2454825733633856,2.167175957133922,0.4228489848899145,2.1833762335294007,-0.6161664336678883,22.0,2.0,12.0,2021.0,2.0,13.0
2.16658378372619,2.2211340218056383,2.299493063585808,0.6276421433763456,2.3157865959674013,0.5446327739271896,23.0,3.0,12.0,2021.0,19.0,7.0
2.3003106061947824,2.375953300858164,2.301804185043594,0.4185063784200539,2.318254515025847,-0.5326210420129259,24.0,4.0,12.0,2021.0,19.0,15.0
2.3033087090906497,2.3583898325439323,2.2777260567042976,0.1290296914977595,2.2943336957087066,-0.7164007858969724,25.0,5.0,12.0,2021.0,2.0,17.0
2.277159390516062,2.3195940870597918,2.3010259110340425,0.233908843643893,2.31776285306342,-0.3870879021202964,26.0,6.0,12.0,2021.0,22.0,11.0
2.3000994629973786,2.3750032882202583,2.290648347111334,0.416143466669067,2.3075320022246686,-0.4523786431331912,27.0,0.0,12.0,2021.0,17.0,1.0
2.292568675532193,2.179934080321978,2.103371523861598,0.9100266711792536,2.1204398523328414,0.4737066895461986,28.0,1.0,12.0,2021.0,0.0,22.0
2.1050812108042662,2.103258675853809,2.033154512026541,0.7266434318393121,2.050373840541849,-0.1519118561692382,29.0,2.0,12.0,2021.0,3.0,23.0
2.0355544952822835,2.0943323237893483,2.0781647743713805,0.5442589820530815,2.0954924544473053,-0.1814057906733634,30.0,3.0,12.0,2021.0,19.0,0.0
2.0771974042732078,2.0791353604264544,2.024669121797357,1.1022312728943555,2.042135584601528,0.2613037335064321,31.0,4.0,12.0,2021.0,9.0,20.0
2.02458120028523,2.108758832593427,2.109383203567622,0.430154018922165,2.127018920592086,-0.3345280141003676,1.0,5.0,1.0,2022.0,17.0,0.0
2.1085816538260858,2.144699783441526,2.088419505459981,0.6128729620710363,2.106204917022624,-0.638602580207874,2.0,6.0,1.0,2022.0,17.0,18.0
2.087882934429366,2.080147515396063,2.0339772772648703,0.8905692514588187,2.051891600920054,-0.2789225236012975,3.0,0.0,1.0,2022.0,12.0,20.0
2.0336063238255027,2.074868161055728,1.9995764383518015,1.4016465628120764,2.017622348536801,-0.2730041910198664,4.0,1.0,1.0,2022.0,15.0,19.0
1.9992809804670368,1.8880828158594112,1.8566701605378453,1.0955553821169322,1.8748299486507929,1.135654120473711,5.0,2.0,1.0,2022.0,10.0,22.0
1.8560975227401784,1.8784292294809048,1.8316262894285171,0.735257449517379,1.849905287415599,-0.5392514207681683,6.0,3.0,1.0,2022.0,1.0,9.0
1.8308246084686404,1.7792845464770226,1.7332472779014618,3.09610697611805,1.751620975878616,0.0508907014140659,7.0,4.0,1.0,2022.0,0.0,16.0
1.7331476403998334,1.7536671366334458,1.7440511065617414,0.6190986188861505,1.7625506325968368,-0.2250595064238456,8.0,5.0,1.0,2022.0,22.0,18.0
1.7437773896865123,1.7957684724589125,1.7549541410366394,0.2518076525090147,1.7735729542842211,-0.3723494309506697,9.0,6.0,1.0,2022.0,20.0,15.0
1.7545446611006374,1.6982997108441134,1.7494100043510974,0.8381006572780044,1.7681504160832795,0.2897828855678646,10.0,0.0,1.0,2022.0,5.0,14.0
1.7489786769482296,1.8001686476354608,1.8055391538268504,0.5247964859666533,1.824436593804056,-0.2082949366905768,11.0,1.0,1.0,2022.0,20.0,14.0
1.8055853378595708,1.8710599301513615,1.879997025571777,0.913799490178645,1.8990597062442836,-0.2217316911046218,12.0,2.0,1.0,2022.0,21.0,2.0
1.8794863001365565,1.865879029773105,1.7966844654009708,1.6834864651115111,1.8158556237251584,-0.1158215934990493,13.0,3.0,1.0,2022.0,14.0,20.0
1.796793425055523,1.836515040623146,1.8278686438523413,0.3756316036179556,1.84719720733382,-0.3657656699233921,14.0,4.0,1.0,2022.0,21.0,12.0
1.8276545333323453,1.879914682961503,1.8326369659469957,0.0932711393501752,1.8521086717920967,-0.5607624058958817,15.0,5.0,1.0,2022.0,20.0,12.0
1.8319576368086767,1.881304964901473,1.828738898838987,0.0678204337323482,1.8483679012947605,-0.7476627393125278,16.0,6.0,1.0,2022.0,16.0,13.0
1.8286496739472065,1.8174020688004544,1.775755629579194,0.2733136753563204,1.795483257955824,-0.2946708945899039,17.0,0.0,1.0,2022.0,0.0,22.0
1.7753942702762044,1.7991862910377938,1.7834320979946994,0.3127062294785201,1.8032811482683395,-0.4949241249500023,18.0,1.0,1.0,2022.0,22.0,14.0
1.782999777635971,1.7897463918138945,1.744688548975716,0.3492800394654548,1.7646517050026918,-0.4400096249904291,19.0,2.0,1.0,2022.0,14.0,8.0
1.7443479828759023,1.7537018098833632,1.6793955811914625,0.202324562776712,1.6994377726661414,0.5049412314736772,20.0,3.0,1.0,2022.0,16.0,23.0
1.680271880168807,1.445069574545964,1.4202205860384631,1.4297040946803516,1.44011259485832,2.1577098677778648,21.0,4.0,1.0,2022.0,0.0,22.0
1.420879517322768,1.3538861709311685,1.3326404314137468,1.2508520234030638,1.352536176308912,0.4662140768143775,22.0,5.0,1.0,2022.0,0.0,10.0
1.333501838572693,1.381434965323874,1.4091423399693424,0.5080007747938015,1.4292247344892095,0.0229682031781658,23.0,6.0,1.0,2022.0,23.0,19.0
1.4088635240950538,1.2802156504311133,1.4323113071767934,1.367042352035248,1.4525299615701233,1.7058753551571195,24.0,0.0,1.0,2022.0,20.0,11.0
1.432119966863801,1.4443110026889612,1.4507024585003865,0.5302495048676658,1.4710569109291325,-0.0185794009093346,25.0,1.0,1.0,2022.0,18.0,7.0
1.4502619543916333,1.4819608875265742,1.4444500404667708,0.7958156837637119,1.4648896287146114,0.5224354121413503,26.0,2.0,1.0,2022.0,19.0,22.0
1.4435971545454829,1.4348176562733344,1.462008936101787,0.4550357341962427,1.4825720475770117,-0.1272498282443112,27.0,3.0,1.0,2022.0,23.0,21.0
1.4611780694273004,1.471604453389701,1.5016605237598544,0.3030315155751991,1.522393492652865,0.0198620236193106,28.0,4.0,1.0,2022.0,21.0,12.0
1.501195351786949,1.547182879025362,1.5233762811358562,0.0294253074512722,1.5442511751519596,-0.3931828895212533,29.0,5.0,1.0,2022.0,21.0,16.0
1.5239690899337135,1.5491577825755052,1.5098393732521531,-0.1089132933879908,1.5308100068827408,-0.6325610331081539,30.0,6.0,1.0,2022.0,5.0,20.0
1.5097579160197017,1.504637913050076,1.544545988544749,0.2214537407703739,1.5656773528438266,0.111902960963128,31.0,0.0,1.0,2022.0,19.0,2.0
1.544205450157386,1.5918957827481328,1.5605113639199526,0.1972515864808413,1.581786576768268,-0.5210662920736029,1.0,1.0,2.0,2022.0,17.0,10.0
1.5602761816044028,1.5109071577086997,1.450640039467954,0.1357842779309115,1.4718628419517603,0.1430820435558859,2.0,2.0,2.0,2022.0,0.0,21.0
1.4499116663114409,1.4820006842721776,1.4630133256871858,0.1052133783511818,1.484367242211214,-0.6489287741559312,3.0,3.0,2.0,2022.0,23.0,10.0
1.462455390241336,1.5274029320230662,1.729747562156852,0.6920936641169317,1.7516433942829788,1.89607904347452,4.0,4.0,2.0,2022.0,23.0,1.0
1.729467492552727,1.7767965734294269,1.7260830792188118,0.1627756566387673,1.7480787102110118,-0.690165100962756,5.0,5.0,2.0,2022.0,15.0,17.0
1.7257643696870906,1.7898724976985405,1.7856906276808182,-0.0276365969095213,1.8079227990506488,-0.4102096505029991,6.0,6.0,2.0,2022.0,23.0,15.0
1.78500844772782,1.821690939389599,1.873319020197334,0.6503119785095638,1.895821712867548,0.4255538716421328,7.0,0.0,2.0,2022.0,19.0,0.0
1.8738366183954096,1.88869051320363,1.890389893180997,0.8909906999269099,1.9130666487743464,0.2730321576428205,8.0,1.0,2.0,2022.0,6.0,17.0
1.888686641221692,1.915569960569717,1.9039130334858891,0.3576511869903163,1.9267400092949372,-0.3171396577666007,9.0,2.0,2.0,2022.0,20.0,5.0
1.90409148823151,1.9263083679392616,1.856431356157594,0.8401516923596847,1.879296634018777,0.1237602994734024,10.0,3.0,2.0,2022.0,17.0,14.0
1.8564422368918565,1.844856030909392,1.7854146864325495,0.5588180604382488,1.8082594208033576,-0.1868101852335989,11.0,4.0,2.0,2022.0,13.0,22.0
1.7853470420577455,1.8282928561774527,1.7753825329791644,0.0813955292048848,1.798363116328922,-0.4989504819605371,12.0,5.0,2.0,2022.0,18.0,21.0
1.7745656218617487,1.8345123557866505,1.7725008903428858,-0.1035958734815421,1.795614062218666,-0.7400058513427594,13.0,6.0,2.0,2022.0,15.0,18.0
1.7697086437265608,1.817505415177744,1.7963989334949475,0.2265006255617336,1.8197035161507076,-0.5230956625499389,14.0,0.0,2.0,2022.0,16.0,1.0
1.7960321669068666,1.8686603258472183,1.9184214249263043,0.3292186543187794,1.942144651970088,0.1283286675201933,15.0,1.0,2.0,2022.0,23.0,0.0
1.9182314669589908,1.9297152925549288,1.880780036861786,0.1703526344586585,1.9045584370763209,-0.5434583587162503,16.0,2.0,2.0,2022.0,0.0,16.0
1.8788930314823111,1.7269286191508435,1.6706559495889322,0.5204040489209308,1.6940844175505905,1.0940297063632245,17.0,3.0,2.0,2022.0,1.0,21.0
1.671224202353501,1.6882497090398851,1.6395386858333878,0.361128881088288,1.6630040702588196,-0.3702346855650576,18.0,4.0,2.0,2022.0,9.0,16.0
1.638946911526021,1.6930194766307312,1.645134421173843,-0.1581056812017494,1.66873116171097,-0.7383561110958163,19.0,5.0,2.0,2022.0,6.0,13.0
1.644595980584058,1.5918420941926428,1.5413701622275424,0.0916021687972292,1.5648297919840943,0.1005886222622912,20.0,6.0,2.0,2022.0,0.0,14.0
1.5406130216791636,1.5183518571331285,1.4581453417955912,0.6849448026982093,1.4814923792398922,0.4521995472989017,21.0,0.0,2.0,2022.0,5.0,22.0
1.4575170957405454,1.4891702147005703,1.5324498582636596,0.4795358490052636,1.556100194746443,0.1120466354257951,22.0,1.0,2.0,2022.0,23.0,3.0
1.5321510695601697,1.5342431506105447,1.471726241155899,0.2818923084587098,1.49533428816994,0.1041034610154499,23.0,2.0,2.0,2022.0,13.0,23.0
1.4703881099940983,1.3608390641648305,1.535308676889101,1.612580732722153,1.5591854602019994,1.937784410866996,24.0,3.0,2.0,2022.0,20.0,5.0
1.5351244088711469,1.591749021659813,1.589413807061896,0.5366174396422135,1.6135424620467442,-0.1688472900863064,25.0,4.0,2.0,2022.0,13.0,9.0
1.5890724438960016,1.629127837840426,1.582719925142911,0.044252115133943,1.606930465104113,-0.3346197533885081,26.0,5.0,2.0,2022.0,0.0,9.0
1.582054836754954,1.5384895177175617,1.4970853631526624,0.3687285552229586,1.5211619182938456,0.4674597926482092,27.0,6.0,2.0,2022.0,12.0,21.0
1.4966116764910091,1.554247833304942,1.8336089096851031,1.0325824648264066,1.858759916688677,3.0922682714930585,28.0,0.0,2.0,2022.0,22.0,0.0
1.833335902691888,1.8978424000989813,1.904885131080601,0.8584294905383946,1.93037960552727,-0.0912490281068396,1.0,1.0,3.0,2022.0,13.0,3.0
1.9046937331868383,1.9282079066846884,1.878463723077898,0.6796680823368882,1.90400566443823,-0.2347919114883792,2.0,2.0,3.0,2022.0,15.0,13.0
1.878164395045332,1.8322240325650188,1.788105895717871,0.4510415075056119,1.8135090987031608,0.0471065734877842,3.0,3.0,3.0,2022.0,0.0,21.0
1.788159413843366,1.6356601063059697,1.5847117638893848,0.6435006603578783,1.609617338003797,1.0457738308278173,4.0,4.0,3.0,2022.0,0.0,22.0
1.585107089382944,1.633838361608,1.6008510786957115,0.0175872492497247,1.6259053890307251,-0.6728966417781804,5.0,5.0,3.0,2022.0,20.0,1.0
1.6007975169617066,1.598090994262899,1.540670858418387,0.167786264534318,1.565640905757815,-0.2561712021046721,6.0,6.0,3.0,2022.0,1.0,11.0
1.540986826849095,1.5379346569685874,1.5187036116133752,0.6451208301511439,1.5437209483776584,0.2673363242903425,7.0,0.0,3.0,2022.0,16.0,20.0
1.5183239218419962,1.5820150081404163,1.5601428893042013,0.4949083872081821,1.5854107175036676,-0.2784468742330866,8.0,1.0,3.0,2022.0,18.0,0.0
1.560221128724954,1.6293529910320392,1.7593313998142284,0.8478572689150995,1.7853535537406269,1.3180222809427302,9.0,2.0,3.0,2022.0,16.0,0.0
1.758461200774458,1.6373730131248505,1.6031141647156824,0.7824444723247953,1.628743233172445,0.7619050606975923,10.0,3.0,3.0,2022.0,0.0,13.0
1.6029920735074428,1.606676177409545,1.5636842674114957,0.5268163542414157,1.5892930989425351,-0.0562813215646456,11.0,4.0,3.0,2022.0,12.0,3.0
1.563389721836937,1.6335538096702191,1.5703761517771035,-0.1103829942435175,1.5961280755890468,-0.8371804148133559,12.0,5.0,3.0,2022.0,17.0,0.0
1.568927349844526,1.5675208952686324,1.505669847423901,0.035204916294333,1.5313158958498176,-0.2085455940739874,13.0,6.0,3.0,2022.0,4.0,23.0
1.5052201292005487,1.564523347836141,1.6171862387661904,0.4160248674451078,1.6433436322194446,0.2157831348658829,14.0,0.0,3.0,2022.0,22.0,0.0
1.6167518686112643,1.604322861150243,1.5970584484237056,0.3949723568193531,1.6232553222557562,-0.2258361515884388,15.0,1.0,3.0,2022.0,20.0,7.0
1.596587038721729,1.6493484248094603,1.7078414301927949,1.2455655922181892,1.7345624884871476,0.4134300673706259,16.0,2.0,3.0,2022.0,2.0,4.0
1.707342188592884,1.753072503805991,1.6960246017349745,0.290598814207811,1.722830242247931,-0.8018169675095798,17.0,3.0,3.0,2022.0,5.0,7.0
1.6953172329632773,1.730281191667022,1.7481759215231594,0.9637856719666782,1.7752982776238146,0.0024952332101207,18.0,4.0,3.0,2022.0,20.0,11.0
1.7474535482093516,1.8124923525932817,1.7720797715802676,0.1634268780163486,1.799421455057762,-0.7526837251125915,19.0,5.0,3.0,2022.0,21.0,3.0
1.771794949897675,1.774688846000624,1.7142175709211065,0.1885436490996095,1.7414692878946514,-0.4361192615300771,20.0,6.0,3.0,2022.0,0.0,17.0
1.713801697077915,1.753399452565825,1.7037952525805844,0.4319371267973984,1.7311339441096418,-0.7012914181833272,21.0,0.0,3.0,2022.0,13.0,2.0
1.7032476157771992,1.7711179045161964,1.782399570587562,0.8326997458778979,1.8101724424126984,0.1772089909505529,22.0,1.0,3.0,2022.0,4.0,0.0
1.7824069715859192,1.829869507748976,1.815180707612168,0.465965367950283,1.8432050860456428,-0.5739527043427998,23.0,2.0,3.0,2022.0,23.0,5.0
1.814449049168552,1.8835266261579813,1.8807231873210803,0.7805422518442814,1.909138364608696,-0.3461978272336973,24.0,3.0,3.0,2022.0,17.0,2.0
1.8805786214617612,1.9454961173153569,1.9045226383563256,0.7551279498528246,1.9331705264622727,-0.433267975536055,25.0,4.0,3.0,2022.0,14.0,8.0
1.9042178463341788,1.9745794840077868,1.913856979164119,0.0162062980229653,1.9426834232785348,-0.8623521251052809,26.0,5.0,3.0,2022.0,20.0,1.0
1.9137578191704228,1.9917149560130372,2.05621660111256,0.624225846472028,2.0857579108715,0.1958356640774826,27.0,6.0,3.0,2022.0,23.0,13.0
2.055876602647068,2.134157940397014,2.0750888297510217,1.069038448791648,2.1048574600013428,-0.4225496150330291,28.0,0.0,3.0,2022.0,19.0,0.0
2.072968229983875,2.160095509487809,2.0958152550068223,0.7997457481137527,2.125815178915049,-0.6881682832449952,29.0,1.0,3.0,2022.0,12.0,0.0
2.094837251605446,2.1376990654353905,2.0710788027864417,0.6878454570363195,2.101106338602268,-0.6990216230936661,30.0,2.0,3.0,2022.0,18.0,1.0
2.070618981672529,2.051984926762444,1.9775505375028184,0.9044429909674588,2.0073020962280363,-0.0276205040458512,31.0,3.0,3.0,2022.0,13.0,23.0
1.9781029842024165,1.9895556142548227,2.0231469953789456,1.1666903436059126,2.05323149694874,0.0631048992133701,1.0,4.0,4.0,2022.0,15.0,2.0
2.022970949256392,2.0767680742000896,1.997819597619905,0.6879924517410468,2.0279175674998475,-0.498008712559631,2.0,5.0,4.0,2022.0,0.0,18.0
1.9968128340790037,2.0673847222888595,2.033698047483965,0.4752645364800729,2.064081253219427,-0.2466657712922162,3.0,6.0,4.0,2022.0,22.0,1.0
2.032773190266405,2.0422024545952384,2.044076294396816,0.8595542457807108,2.0746600628319647,-0.3278302778760955,4.0,0.0,4.0,2022.0,23.0,18.0
2.0437694347393105,2.06173885631658,1.9786132632669435,0.7044810143259473,2.00903080011331,-0.3277988195587195,5.0,1.0,4.0,2022.0,12.0,23.0
1.9775012434228572,1.9131033063352327,1.8344376383943688,1.2334425308990715,1.8643295935199071,0.1414461424098153,6.0,2.0,4.0,2022.0,0.0,23.0
1.834133135847099,1.894511805139016,1.8526715984799595,0.5125565229251547,1.882767010260135,-0.619160926418751,7.0,3.0,4.0,2022.0,12.0,0.0
1.852393470850036,1.8492026731936757,1.7780333527019965,0.5729776756738041,1.8078968127336743,-0.1713266920867711,8.0,4.0,4.0,2022.0,15.0,23.0
1.777357880365826,1.8492005732509635,1.8083794664079,-0.0325897760551641,1.8385195255715336,-0.8253540494069376,9.0,5.0,4.0,2022.0,23.0,3.0
1.8079726249888588,1.838954949397012,1.7731241487229947,0.0543901615666696,1.80321517930016,-0.3746841307068654,10.0,6.0,4.0,2022.0,20.0,22.0
1.7723859374512707,1.6715225662904911,1.6082964075409711,0.9382046717404846,1.6377017744831663,0.6775851250939987,11.0,0.0,4.0,2022.0,1.0,22.0
1.6087433321458071,1.6724879746862122,1.645442951608333,0.7777495141716428,1.6751556288344167,-0.3897822845026389,12.0,1.0,4.0,2022.0,13.0,2.0
1.6449315169040628,1.6929997805962762,1.7092409151525223,0.5987461761101723,1.7393818079927623,-0.0866154928744345,13.0,2.0,4.0,2022.0,19.0,1.0
1.7085308198498674,1.6919247845627232,1.633680318393361,0.4171010856407308,1.6635595341754457,-0.0903532778692442,14.0,3.0,4.0,2022.0,2.0,19.0
1.6336327915886717,1.7027419011835394,1.6716041547817515,0.2768906820111429,1.701803728247615,-0.7081420263937032,15.0,4.0,4.0,2022.0,14.0,0.0
1.6712355595882544,1.716120257261253,1.6636885546384934,0.0098440181711699,1.6939579090672303,-0.8404361111793482,16.0,5.0,4.0,2022.0,22.0,15.0
1.6629813310046269,1.6871922504865786,1.6202669534703995,0.1321202273999646,1.650442339440756,-0.5864336650142423,17.0,6.0,4.0,2022.0,13.0,23.0
1.6202459757933991,1.6287268453495949,1.6883430996846065,0.9249312619156208,1.718987224208055,0.2980769125310851,18.0,0.0,4.0,2022.0,21.0,5.0
1.6881595861499006,1.7502756036359777,1.7298626346214006,0.4692338741708072,1.7608268136654317,-0.5262711984237577,19.0,1.0,4.0,2022.0,15.0,7.0
1.7294836689567432,1.7719282626954322,1.7219843331965448,0.6057116689174671,1.7530440353313488,-0.467938675489107,20.0,2.0,4.0,2022.0,12.0,18.0
1.721493999356433,1.7151973547744777,1.670002427588598,1.015377006694305,1.7009226917378784,0.5763042522704843,21.0,3.0,4.0,2022.0,13.0,22.0
1.6696124757027828,1.6678782129761005,1.6217009199722416,0.6161351616344932,1.6524718421427689,-0.2605501186265207,22.0,4.0,4.0,2022.0,6.0,16.0
1.6213208641235188,1.6702039645199953,1.606137837184995,-0.0278576712312795,1.636957855644219,-0.8146668003015339,23.0,5.0,4.0,2022.0,16.0,4.0
1.605348185096153,1.6627014110080691,1.6050678283291029,0.0711994121791253,1.6360155728069077,-0.7933144514766345,24.0,6.0,4.0,2022.0,14.0,16.0
1.6049944322124234,1.6061035882903278,1.665764462008061,1.019333275051986,1.6971748846361052,0.217760953317679,25.0,0.0,4.0,2022.0,23.0,9.0
1.66486151360938,1.5774373981396497,1.522104920781903,0.9717868928305572,1.552829899909118,0.6161857643940436,26.0,1.0,4.0,2022.0,8.0,20.0
1.5220294101957517,1.5845393210716243,1.5910648111369374,0.7771808036085727,1.622313518189823,-0.2435201881654484,27.0,2.0,4.0,2022.0,13.0,0.0
1.5908114174303625,1.6442318752669884,1.6237573631404336,0.9356985316883458,1.6552966644561626,-0.3185924309453032,28.0,3.0,4.0,2022.0,18.0,14.0
1.6231547969795788,1.5996013791043218,1.5523214734285682,0.7718644703743404,1.5835726197119573,-0.1194251166588415,29.0,4.0,4.0,2022.0,1.0,19.0
1.5518186858473633,1.5656113640991998,1.4973978503221663,0.3928957799450926,1.5284447874875018,-0.4750697421823178,30.0,5.0,4.0,2022.0,2.0,23.0
1.4970573180868485,1.5585202031884038,1.5436848089883466,0.5614124477273212,1.575128035424875,-0.4794524673162274,1.0,6.0,5.0,2022.0,16.0,1.0
1.543617818194821,1.5946081117043558,1.5473814094975935,0.8824887111737982,1.5789690148707,-0.576809212103974,2.0,0.0,5.0,2022.0,6.0,18.0
1.5470487342280994,1.5585096406048236,1.4995813221586805,0.5789951468308157,1.531003794945774,-0.4930374379087804,3.0,1.0,5.0,2022.0,8.0,20.0
1.4991890606697094,1.5677684789988853,1.61912646331658,1.0903117354051113,1.6513814501436737,0.2943222006913062,4.0,2.0,5.0,2022.0,19.0,0.0
1.618684194357404,1.4491849404070605,1.4274515372251178,1.4348167004982448,1.4586669889534427,1.3706815376846864,5.0,3.0,5.0,2022.0,5.0,19.0
1.4271122929078042,1.4255141005235898,1.3946660597090994,1.1467817661125308,1.4257889709650409,-0.3862257035033812,6.0,4.0,5.0,2022.0,0.0,13.0
1.3945547151326263,1.391289244484168,1.3615891678095275,0.4189394157316902,1.3926196738494654,-0.3406372522129153,7.0,5.0,5.0,2022.0,11.0,22.0
1.3614520456900907,1.3241518579138378,1.2730501832667953,1.0907802025862303,1.3036403224646202,-0.0104376860264856,8.0,6.0,5.0,2022.0,0.0,17.0
1.2729274123881562,1.0976748788582706,1.0421542826890244,2.5330733100691165,1.0714052607437208,1.7894018411428612,9.0,0.0,5.0,2022.0,1.0,23.0
1.0406309958276163,1.075409728226714,1.0867065140930083,2.340832877919286,1.1163322301059635,1.0731693757290857,10.0,1.0,5.0,2022.0,6.0,0.0
1.0861857396973755,0.9632218011166528,0.95865331793578,2.914541235057486,0.9875536029548828,2.013708286914774,11.0,2.0,5.0,2022.0,10.0,21.0
0.9586098225370024,0.848154978686973,0.9654897741640718,2.730152878945004,0.9945194007216884,2.100170141894853,12.0,3.0,5.0,2022.0,0.0,7.0
0.9643876271001164,1.0019109648536513,0.9799335563617018,1.4204367657872496,1.009143443947493,0.7161797151345274,13.0,4.0,5.0,2022.0,14.0,0.0
0.98001568496239,0.9968895316954774,1.0301448243306064,0.64694997710215,1.0597674902795209,0.12248086648027,14.0,5.0,5.0,2022.0,23.0,16.0
1.0298904532278337,1.049040456767692,1.1040257835863851,0.498096899963972,1.134204969827254,0.3368952967051926,15.0,6.0,5.0,2022.0,23.0,5.0
1.103866521582462,1.0315992033319368,1.015517212322992,0.8657433215685808,1.0452131763118102,0.5037386781015841,16.0,0.0,5.0,2022.0,0.0,16.0
1.015400709673916,1.0517314608327786,1.0500652124050758,0.6752402249554506,1.0800818631980034,-0.2201115300048343,17.0,1.0,5.0,2022.0,13.0,18.0
1.0498842354045737,0.9979872565984466,0.9453920998582096,0.7936825606172987,0.9747922139849584,0.4209218953780056,18.0,2.0,5.0,2022.0,0.0,23.0
0.9453350138440656,0.997271766212087,1.043221001946319,0.9286337806039808,1.0733495923610483,0.357520736758795,19.0,3.0,5.0,2022.0,15.0,2.0
1.0429295125886895,1.0026239273313649,0.9748788315056386,0.7646177628032802,1.0046239661540528,0.4038336361517536,20.0,4.0,5.0,2022.0,1.0,17.0
0.9747527653526094,1.017405442156328,0.9890852971230876,0.0337999156790654,1.0190082300397698,-0.6970593749877494,21.0,5.0,5.0,2022.0,16.0,1.0
0.9890237906627908,1.033072197292404,1.0437970857575694,0.270093520601601,1.0741692883789895,-0.1825633343150597,22.0,6.0,5.0,2022.0,23.0,5.0
1.042823813314586,1.0141281617420372,0.9686294253646566,0.804431574442142,0.9985795401419136,0.1848971284864501,23.0,0.0,5.0,2022.0,7.0,23.0
0.9686953698860878,1.002180295473894,1.0027930819144466,0.5404632225474229,1.0330535033114543,-0.3160119849903183,24.0,1.0,5.0,2022.0,23.0,14.0
1.0025616430286917,1.0400123221023585,0.9970718003550192,0.5897405847441259,1.027376425116889,-0.5200822197368227,25.0,2.0,5.0,2022.0,4.0,12.0
0.9971407581218128,0.9690065326208498,0.9789590413499089,1.0913921818898322,1.0092178054578025,0.1821847974457375,26.0,3.0,5.0,2022.0,4.0,13.0
0.9778989499938558,0.9730977702115556,0.9397032417454976,1.0809613563041442,0.9697695199428188,-0.291689712574102,27.0,4.0,5.0,2022.0,0.0,18.0
0.9528041882462396,0.9875103339467608,0.9640007374305568,0.1410523813706789,0.9943278372332722,-0.6730348784706066,28.0,5.0,5.0,2022.0,13.0,1.0
0.9637101312688116,1.0056272009276934,0.989928019649112,0.0782224573526043,1.020529587528658,-0.6088117123156432,29.0,6.0,5.0,2022.0,22.0,2.0
0.9896921044484978,1.034867117796063,1.1298799445332968,1.2271834524307663,1.1615821408079532,1.132342159747475,30.0,0.0,5.0,2022.0,21.0,0.0
1.1296026411431688,1.1602183024375323,1.1339254598853732,0.9158752431553776,1.1657491076231314,-0.4083213394840514,31.0,1.0,5.0,2022.0,16.0,14.0
1.1338167505285772,1.0473869746490214,1.0115993929435878,1.3279461327900135,1.0426157350055467,0.8053051873585538,1.0,2.0,6.0,2022.0,0.0,20.0
1.011258417205814,1.0569414952125105,1.0526201059282256,0.6742687647655463,1.0840139709877674,-0.3675402614015187,2.0,3.0,6.0,2022.0,22.0,0.0
1.052542420792019,1.0394268444534067,1.005788295932906,0.5165469698010433,1.0369235063610336,-0.12630227916824,3.0,4.0,6.0,2022.0,2.0,15.0
1.0058134996795354,1.0472869398251814,1.0136758428660315,-0.0034320840173771,1.044957184873151,-0.8196775227264713,4.0,5.0,6.0,2022.0,22.0,2.0
1.0137264416952758,1.0519936998274686,1.018201784844749,0.0332165974262919,1.0496042006420108,-0.723443710538336,5.0,6.0,6.0,2022.0,16.0,9.0
1.0183379133478947,1.0722095080194036,1.1080492129255877,0.8295911263672942,1.1402163407989196,0.3626889614750663,6.0,0.0,6.0,2022.0,14.0,0.0
1.1079995502334052,1.035380003929069,1.0948426384900805,1.3081581509056397,1.1270136268509734,0.6029002099920858,7.0,1.0,6.0,2022.0,20.0,2.0
1.0944863320479543,1.0753844847501557,1.03708523179299,0.7371020920172322,1.0689277499041177,-0.1065760933833689,8.0,2.0,6.0,2022.0,0.0,4.0
1.0370496259802884,1.0801809109361646,1.0308034232649532,0.2733733608404888,1.062685702996659,-0.690163689959518,9.0,3.0,6.0,2022.0,9.0,20.0
1.0306108895392565,1.0142917559984723,0.9677024184164378,0.7167858815157956,0.9991864488371828,-0.104741177043765,10.0,4.0,6.0,2022.0,3.0,19.0
0.9676856112665484,0.9673820116175414,0.9233317616159336,0.5746361892657026,0.9545552336499292,-0.1570760259959115,11.0,5.0,6.0,2022.0,5.0,16.0
0.9240558265373148,0.8742142202496102,0.8252513150625232,0.9497738494043276,0.8557829366592635,0.393146527288957,12.0,6.0,6.0,2022.0,0.0,23.0
0.8236897542871424,0.5820211655958939,0.5628752637765335,2.7960715349709084,0.5914065561128948,3.313021499964347,13.0,0.0,6.0,2022.0,0.0,23.0
0.562973839186126,0.506754206659668,0.5456549252268335,1.858261737780328,0.5741127612996603,1.1866388233741256,14.0,1.0,6.0,2022.0,5.0,2.0
0.5451049802066668,0.4579156138827999,0.5681195122124614,2.0751244158933995,0.5968318173124657,1.6801001168321152,15.0,2.0,6.0,2022.0,22.0,9.0
0.5683922325296786,0.4634067891649422,0.4336445877292177,0.7881887570951048,0.4613312808459141,1.791665069920679,16.0,3.0,6.0,2022.0,1.0,23.0
0.4339979181992774,0.4672821037417866,0.439157565387687,0.5684448846739657,0.4669329594279049,-0.0303698547358706,17.0,4.0,6.0,2022.0,8.0,0.0
0.4393787708267469,0.3017625423686725,0.3499343186557043,1.375328571123983,0.3770491567835557,2.634410695627862,18.0,5.0,6.0,2022.0,0.0,20.0
0.3496517733153981,0.3244309208827002,0.4441770760352523,1.0130532919643045,0.4721151705829554,2.369479132116501,19.0,6.0,6.0,2022.0,22.0,5.0
0.4442834800534973,0.426984940659973,0.4470164646955226,0.7683642328056067,0.4750320344402186,0.3474022797711483,20.0,0.0,6.0,2022.0,11.0,1.0
0.4467942372858752,0.4728803618633556,0.453832249052706,0.6681210454014915,0.4819668497427289,0.3209656822450514,21.0,1.0,6.0,2022.0,14.0,3.0
0.4544703976507168,0.4370321638637966,0.4094263230896623,0.6466747169559909,0.4372440740768758,0.0394636130747066,22.0,2.0,6.0,2022.0,14.0,20.0
0.4095120886541276,0.443483611585087,0.4768634739435343,0.5172276281978023,0.505306473610292,0.3412473810650563,23.0,3.0,6.0,2022.0,23.0,0.0
0.4768778159556463,0.4957966814387254,0.4858100189858916,0.4504992642726633,0.5143854470646537,-0.3408958199758699,24.0,4.0,6.0,2022.0,22.0,7.0
0.4860167470243997,0.5076246246443822,0.5024220370455483,0.0933357039498298,0.5312024781574551,-0.5165106127268174,25.0,5.0,6.0,2022.0,8.0,16.0
0.5021449526155859,0.5108923951837985,0.4732682607586148,0.0746039908354562,0.5018610973658199,-0.2704604098678099,26.0,6.0,6.0,2022.0,12.0,22.0
0.4734170255993389,0.4858503725513827,0.4553592056227528,0.2339805872376902,0.4838523968415907,-0.1384973987651585,27.0,0.0,6.0,2022.0,9.0,18.0
0.4552146089687053,0.4611044616807977,0.4274451852179285,0.256534444033947,0.4557654227056396,-0.0262894979175617,28.0,1.0,6.0,2022.0,9.0,20.0
0.4275837347120701,0.4427043393005634,0.4166063424216245,0.3742939542786296,0.4448937888252602,-0.6505993335392597,29.0,2.0,6.0,2022.0,2.0,11.0
0.4169788062356881,0.3663185553660666,0.3970108602464862,0.5215200882896622,0.4251956206336729,0.6228288943628547,30.0,3.0,6.0,2022.0,0.0,20.0
0.3993194682141581,0.3880716694585593,0.3653828337802663,0.7656031694446354,0.3933480333648924,0.8418968340561372,1.0,4.0,7.0,2022.0,0.0,11.0
0.3658443562061036,0.3851236179734961,0.3637190044456521,0.078576750943741,0.3917230948178283,-0.7319433847767541,2.0,5.0,7.0,2022.0,12.0,9.0
0.3638356366789868,0.3813217805746046,0.3670833807052652,-0.0141465365880744,0.3951753808782386,-0.3991955009984553,3.0,6.0,7.0,2022.0,20.0,4.0
0.3672233942495584,0.3873988029269724,0.4244150565042461,0.2680924998385814,0.453073922283619,0.4095897169657987,4.0,0.0,7.0,2022.0,23.0,3.0
0.4241593751125248,0.4049862445794983,0.4218898432559476,0.5458348888690626,0.4505766420589027,0.4621532506421104,5.0,1.0,7.0,2022.0,20.0,13.0
0.4222738224532707,0.4354788562513245,0.4438686296451791,0.4310368174333708,0.4728028681335013,-0.2050059388689925,6.0,2.0,7.0,2022.0,23.0,3.0
0.4439426140115868,0.4653590507001294,0.5107223756575398,0.4969904912327423,0.5403240697366036,0.6648718786594512,7.0,3.0,7.0,2022.0,20.0,6.0
0.5107745798791031,0.5261415915208856,0.5164623118347748,1.803279547914499,0.5461827409213305,0.0706635958182934,8.0,4.0,7.0,2022.0,1.0,14.0
0.5156626175318672,0.5380599014509959,0.5079372674232578,0.7045094238139458,0.5376355214942643,-0.6808450591121155,9.0,5.0,7.0,2022.0,17.0,12.0
0.5079478863089011,0.4926108339185487,0.4630287990277877,0.6528584742804678,0.4923869239768219,-0.1587630271784499,10.0,6.0,7.0,2022.0,0.0,16.0
0.4628717218197256,0.441866511037659,0.4084153958303744,0.4067009937214709,0.4373224512111422,-0.0380011051602073,11.0,0.0,7.0,2022.0,0.0,23.0
0.4085223721955154,0.4029185872127462,0.3687304967944828,0.4967327300685674,0.3973299219847097,-0.2420092123274662,12.0,1.0,7.0,2022.0,5.0,23.0
0.3689816194867108,0.383408403314652,0.4232374733959426,0.8889856406048061,0.452388350857718,0.4439516342501206,13.0,2.0,7.0,2022.0,23.0,13.0
0.4233073665958596,0.4269905824813211,0.4451987912709215,0.7868202334139318,0.4746028744964963,0.215229909920145,14.0,3.0,7.0,2022.0,19.0,13.0
0.4454973702977076,0.4717383228293326,0.4615484902022956,0.5019045113519979,0.4911659386139019,-0.2619601285836551,15.0,4.0,7.0,2022.0,20.0,1.0
0.4615067370650191,0.4794455751604918,0.4832729451285404,0.4149832463537013,0.5131564487451008,0.0424042437909281,16.0,5.0,7.0,2022.0,17.0,6.0
0.4836505277633475,0.4958389351899624,0.4580513320221542,0.3403992202332415,0.4877501843568453,-0.1901032313090706,17.0,6.0,7.0,2022.0,7.0,23.0
0.4583046760313838,0.496074871922591,0.5627710148714437,1.2649585159622498,0.5935227359268844,1.111733863371673,18.0,0.0,7.0,2022.0,16.0,0.0
0.5617384126235494,0.5530729731827074,0.6182344519418849,1.741740598926708,0.6495777196318797,1.0912874273023294,19.0,1.0,7.0,2022.0,21.0,6.0
0.6185089097162768,0.6369452797287618,0.6085562279804383,1.4253953551879566,0.639864446027736,0.1188846787646217,20.0,2.0,7.0,2022.0,15.0,1.0
0.6086933874867024,0.6003499279047532,0.6044380525251456,0.9209085157173722,0.6357725099755215,-0.1281022276579581,21.0,3.0,7.0,2022.0,1.0,14.0
0.6044325777759377,0.6112416350715904,0.5768427115349246,0.8010743673296165,0.6079718901141826,-0.0004237106665396,22.0,4.0,7.0,2022.0,13.0,20.0
0.5764094416225538,0.5732740142458543,0.5615306119689487,0.3997342674220382,0.592582106135266,-0.0838429523900849,23.0,5.0,7.0,2022.0,5.0,18.0
0.5615948007489214,0.592490327826364,0.5703488020810444,0.3749857450126304,0.6015576719076483,-0.4259540901611616,24.0,6.0,7.0,2022.0,22.0,4.0
0.5702849180260278,0.5327291241350485,0.4937909649963645,1.0263206645318312,0.5243132448700772,0.2798189357156051,25.0,0.0,7.0,2022.0,0.0,23.0
0.4938397144025884,0.4957527077479176,0.4863070367895046,0.6493800756718489,0.5168237813817114,-0.486643922275943,26.0,1.0,7.0,2022.0,0.0,15.0
0.4866645926624209,0.5143405830344364,0.5900723645471092,0.8193738863094847,0.62169464134429,1.140291188389162,27.0,2.0,7.0,2022.0,19.0,3.0
0.590315087736506,0.6187560711824475,0.6461246030450313,1.2778620571233106,0.6783696031999147,0.3725661531222517,28.0,3.0,7.0,2022.0,21.0,12.0
0.6462407353607449,0.6667389463934308,0.6437156179954879,1.0432799212110182,0.6760070611553475,-0.311399579015257,29.0,4.0,7.0,2022.0,6.0,13.0
0.6432717376841065,0.6730195434501398,0.6346065877866729,0.6235385874377513,0.66686891291155,-0.1153934642027433,30.0,5.0,7.0,2022.0,15.0,22.0
0.6343912691540882,0.6537478172602949,0.6150102011633556,0.374340140732964,0.6471454650210879,-0.2687884867909801,31.0,6.0,7.0,2022.0,18.0,22.0
0.6150441852557645,0.6294116405902529,0.613617319664444,0.4988446686950616,0.6458032931866338,-0.5580604488367695,1.0,0.0,8.0,2022.0,14.0,18.0
0.6133089457216038,0.6179859036753024,0.5929916582030192,0.63661144659947,0.6250427523633286,-0.4117742522446568,2.0,1.0,8.0,2022.0,17.0,9.0
0.5932391578003516,0.6203728485703887,0.5849146801676552,0.5226552696360074,0.6169494209372215,-0.258799140293335,3.0,2.0,8.0,2022.0,12.0,1.0
0.585074078462222,0.6037989972182618,0.5716861914588955,0.4593097748511201,0.6036460111666571,-0.3876643313513594,4.0,3.0,8.0,2022.0,1.0,20.0
0.5714921701730193,0.611795712491235,0.6120900986209393,0.6632959270776017,0.6445376666571319,-0.2672116462089433,5.0,4.0,8.0,2022.0,12.0,0.0
0.6122653611852905,0.6338680099096394,0.5919583202010893,-0.0365226377423033,0.6242711819305207,-0.7888793083564402,6.0,5.0,8.0,2022.0,0.0,23.0
0.5921473300285222,0.6296493846634773,0.6051292158889983,-0.041482217079859,0.6376526479141272,-0.671239698166075,7.0,6.0,8.0,2022.0,21.0,0.0
0.6054003863900626,0.6474786070942982,0.6440135043284478,0.6467154689411824,0.6770160938104877,-0.0474592137154982,8.0,0.0,8.0,2022.0,12.0,0.0
0.6441714421843263,0.6351781176282153,0.6044189804288084,0.3744555201878752,0.6370693406137607,-0.1981233712694536,9.0,1.0,8.0,2022.0,5.0,14.0
0.6043802324385009,0.6218702999112043,0.6524922630161671,0.8778671438730954,0.6857273310058912,0.3209255953374388,10.0,2.0,8.0,2022.0,13.0,0.0
0.6525680770109679,0.6932828081335394,0.6530990216025417,1.11052215728628,0.6864065974134461,-0.198394913721404,11.0,3.0,8.0,2022.0,14.0,23.0
0.6531114572460845,0.6778725860170446,0.6804267065765436,0.5756791790071428,0.7140980083105827,-0.3785648282097504,12.0,4.0,8.0,2022.0,23.0,11.0
0.68041162136528,0.7214259211888612,0.6817307939628976,0.3436287153841061,0.7154878543620878,-0.6496063205958104,13.0,5.0,8.0,2022.0,6.0,12.0
0.6820601161837632,0.7125834238052876,0.6753031937202418,0.343996835899882,0.7090551502125766,-0.3801788920527327,14.0,6.0,8.0,2022.0,7.0,18.0
0.6752660050829525,0.6894119802109651,0.6641115288181684,1.0018565684242398,0.6978160207432488,0.1849199774417211,15.0,0.0,8.0,2022.0,3.0,23.0
0.6634756633677801,0.6826925742608475,0.648542877531296,0.6021403460725301,0.6821490576666077,-0.6637811742834944,16.0,1.0,8.0,2022.0,1.0,15.0
0.6484556929703196,0.6517025731107114,0.6149551281039204,0.7745019271233491,0.6482566919768105,0.0669073173047307,17.0,2.0,8.0,2022.0,7.0,20.0
0.6153092776733269,0.6475453244428095,0.607390619881924,0.3848632584132051,0.6406771678557486,-0.7665022143546242,18.0,3.0,8.0,2022.0,13.0,23.0
0.6074731973810338,0.5015715013074227,0.4640785029769096,1.293982580977392,0.4958638176697786,1.4205039395740549,19.0,4.0,8.0,2022.0,0.0,23.0
0.4638833483279336,0.500805446069359,0.481784380524726,0.5935701162681422,0.5138327093230619,-0.5820233196222954,20.0,5.0,8.0,2022.0,7.0,21.0
0.4815248176890163,0.5163885230325107,0.5043725560566616,0.3498638710534478,0.5367318783506709,-0.5027571961835868,21.0,6.0,8.0,2022.0,21.0,6.0
0.504290336574538,0.5060186262035538,0.496074437943632,0.8143593305845618,0.5284054716585993,-0.4826574817957597,22.0,0.0,8.0,2022.0,0.0,8.0
0.4962890726966551,0.507027336056147,0.5040022534970982,0.825845731491768,0.5364936375858824,-0.3587761913570708,23.0,1.0,8.0,2022.0,14.0,6.0
0.5039830759154278,0.522193313904651,0.4958358112928871,0.8304001537204692,0.5283029916572545,-0.4875573329178797,24.0,2.0,8.0,2022.0,19.0,3.0
0.4959462884176561,0.5327795663420172,0.5084711358534217,0.7797659749763469,0.5411476962228389,-0.6779482761941488,25.0,3.0,8.0,2022.0,8.0,0.0
0.5082549173117946,0.4592501511360051,0.4261799040814236,1.3925408140166016,0.4579941669093375,0.7301374684086065,26.0,4.0,8.0,2022.0,13.0,23.0
0.4264371397865338,0.4397157787552056,0.4127838811260772,0.7303046133812902,0.4445058248643413,-0.6195684816039562,27.0,5.0,8.0,2022.0,0.0,16.0
0.4128512735193454,0.4224102383980443,0.3867060021683439,0.4184466289834902,0.418191984601937,-0.5201861847212063,28.0,6.0,8.0,2022.0,16.0,23.0
0.3867230924558023,0.4213967254879704,0.4285105194422992,0.8670426644785212,0.4605435920600289,-0.1960120745341627,29.0,0.0,8.0,2022.0,16.0,0.0
0.4286538539529302,0.4224624610699251,0.3977523975584172,0.9671372617779002,0.4294923855398738,-0.0148968786983578,30.0,1.0,8.0,2022.0,7.0,17.0
0.3980379009501165,0.4339658602654908,0.4132763653445636,0.898900289080799,0.4452572377571453,-0.3822454512937597,31.0,2.0,8.0,2022.0,4.0,0.0
0.413431889572582,0.424759311657416,0.4180250560545829,0.7338463520828589,0.4501176737541021,-0.4918524975777492,1.0,3.0,9.0,2022.0,2.0,16.0
0.418068424220364,0.434925933347256,0.4083671942624038,0.6764619364039237,0.4404001576184678,-0.4399619398861814,2.0,4.0,9.0,2022.0,14.0,18.0
0.4084759494913891,0.427565716447169,0.3999174555215993,0.377565044979068,0.4319085507864096,-0.7558523070502788,3.0,5.0,9.0,2022.0,0.0,19.0
0.4000557285986789,0.4236748630144689,0.4094069784005639,0.4661236629027472,0.4415797698627453,-0.721189700978345,4.0,6.0,9.0,2022.0,23.0,8.0
0.4096460001506656,0.4259655968622826,0.3987074541114205,0.6596192586240082,0.4308144257829312,-0.7310624787677186,5.0,0.0,9.0,2022.0,0.0,11.0
0.3991509737577978,0.37077697834679,0.3388891368921828,1.4509642609782507,0.3703380139914012,0.5757730786218649,6.0,1.0,9.0,2022.0,1.0,20.0
0.3390246579363027,0.3609323779769154,0.366668992451389,1.0081619074838857,0.3985066960945185,-0.1189994304225333,7.0,2.0,9.0,2022.0,21.0,3.0
0.3667710167392543,0.3882617349420122,0.3690938164771815,0.8429952975017443,0.401011985739489,-0.7377153354099383,8.0,3.0,9.0,2022.0,20.0,13.0
0.3691145793067387,0.4030723507262138,0.4949847696055919,1.725704119298128,0.5284823785103921,1.656817555647606,9.0,4.0,9.0,2022.0,23.0,0.0
0.4948084344340523,0.5205314147582294,0.5133583521481166,1.098953544879758,0.5471485212048245,-0.4783861985131121,10.0,5.0,9.0,2022.0,23.0,14.0
0.5133137999322632,0.5355933463267025,0.5188029779030742,0.9677117220503576,0.5527373957603676,-0.7606616958038648,11.0,6.0,9.0,2022.0,23.0,6.0
0.5189338161775355,0.5480458197242631,0.5556986107838087,1.8202152732150787,0.5901546484937907,-0.201394299588086,12.0,0.0,9.0,2022.0,14.0,3.0
0.5558260662242634,0.4506000040547247,0.4284315462247626,1.8678910377471103,0.4613879871602702,1.827638441655707,13.0,1.0,9.0,2022.0,12.0,21.0
0.421656377012218,0.4335748316171388,0.4250182261963133,1.150947346995522,0.4579802685159717,-0.330522686162735,14.0,2.0,9.0,2022.0,2.0,18.0
0.4251984417713669,0.4236696279244957,0.3918853866615196,1.070493940282731,0.424498359497881,-0.3232295536898857,15.0,3.0,9.0,2022.0,7.0,15.0
0.3921742414121328,0.4087066197205751,0.3962656786604095,0.7306643397005641,0.428981437061593,-0.576573457592957,16.0,4.0,9.0,2022.0,11.0,17.0
0.3966546060884753,0.4325402808053152,0.4180518375051537,0.4504809963020802,0.4511070566482218,-0.690235038792157,17.0,5.0,9.0,2022.0,17.0,0.0
0.4181396627659647,0.4079109747180857,0.3745970102700626,0.7920289212660709,0.4071717257320872,-0.2432198831762773,18.0,6.0,9.0,2022.0,0.0,22.0
0.3746626266505259,0.3448635312444007,0.3822452229144452,1.2759429627333354,0.4149677284631174,0.4708925240147436,19.0,0.0,9.0,2022.0,22.0,6.0
0.382455400463314,0.3716168345547769,0.3421492369435943,1.0923153571865134,0.3744249714023232,-0.1496290265484546,20.0,1.0,9.0,2022.0,0.0,18.0
0.3423130361146191,0.3385406879196364,0.3210751701639699,1.6114955537563769,0.3531380592271741,0.7026682158885664,21.0,2.0,9.0,2022.0,18.0,22.0
0.3204332865383084,0.3464614337202389,0.3742315737485612,1.327943452687132,0.407020942633348,0.259937386194155,22.0,3.0,9.0,2022.0,23.0,1.0
0.374284000226219,0.359230694115984,0.3671178561761725,1.2064695419432396,0.3998675298524729,-0.0649242087746732,23.0,4.0,9.0,2022.0,4.0,14.0
0.3672035483586325,0.3746845061244363,0.3449859213779994,0.5151420008791278,0.3775071758579582,-0.5934974974998372,24.0,5.0,9.0,2022.0,0.0,22.0
0.3450755797994888,0.364220208811525,0.3367061948880294,0.3638384719749808,0.369178859154428,-0.5956596555577354,25.0,6.0,9.0,2022.0,11.0,22.0
0.3369520619026307,0.3657893282051258,0.3625171564188072,1.491360981791069,0.395380762941579,-0.4326134763367378,26.0,0.0,9.0,2022.0,9.0,7.0
0.3625930338408705,0.3780794198065971,0.3556359203702374,2.273600818645819,0.388460250852528,0.7218656159992791,27.0,1.0,9.0,2022.0,12.0,18.0
0.3554014939347791,0.3551680529541681,0.3750398089979805,1.9752900432539515,0.4081746867055931,0.3435819313512379,28.0,2.0,9.0,2022.0,21.0,2.0
0.3752275922980985,0.3786285223922046,0.3840201307991465,1.322632346809092,0.4173273797914484,-0.3087003261205026,29.0,3.0,9.0,2022.0,4.0,14.0
0.3841634165929524,0.4002081924459741,0.3753508430951856,1.4819481491909483,0.4086130730559923,-0.0781001633616876,30.0,4.0,9.0,2022.0,15.0,13.0
0.3754315688102137,0.398021797002165,0.3680050867264477,0.112155863168447,0.4012422434815918,-0.8750666840888823,1.0,5.0,10.0,2022.0,0.0,20.0
0.3681150993173176,0.3815538175346298,0.3515584909178881,0.2231472815577786,0.3846388992167524,-0.6590457426570224,2.0,6.0,10.0,2022.0,5.0,23.0
0.3516865206593221,0.3850063289557505,0.3871211968901292,0.7502637893478852,0.4207342706342085,-0.3406074990492794,3.0,0.0,10.0,2022.0,23.0,0.0
0.3872403613632112,0.4165317906388009,0.4308946702421933,1.0432814907763484,0.4651543704548178,-0.0647011424022498,4.0,1.0,10.0,2022.0,20.0,2.0
0.4309414730398901,0.4341061810577502,0.4200856349058795,0.8988220631678968,0.4542748693065162,-0.504872815834559,5.0,2.0,10.0,2022.0,0.0,14.0
0.420213596413849,0.4403205503677418,0.4074879042933979,0.9795061399997688,0.4415716266683413,-0.5421040072077538,6.0,3.0,10.0,2022.0,2.0,23.0
0.4077299683660261,0.4084358718828516,0.3824121796589712,0.6820655045122518,0.4162251509742941,-0.3576879346182362,7.0,4.0,10.0,2022.0,2.0,17.0
0.3825006505261264,0.40234215401949,0.3744166820158005,-0.0116190293574145,0.4081902436583885,-0.7945313564720667,8.0,5.0,10.0,2022.0,0.0,22.0
0.3745956309065815,0.4054936854400625,0.3762491115098622,0.0100670317182139,0.4101121676373784,-0.9372507313909196,9.0,6.0,10.0,2022.0,16.0,4.0
0.3763709285406066,0.3899223533183232,0.3575345449505688,0.5843146797398547,0.3912062803905801,-0.6457095134085976,10.0,0.0,10.0,2022.0,1.0,22.0
0.3575106796115387,0.3787075405294884,0.3520071724139207,0.6540910444592938,0.3856640458236612,-0.766962377724975,11.0,1.0,10.0,2022.0,12.0,14.0
0.3522127841882218,0.3852928728869796,0.3585141931070255,0.4500864630581309,0.3923166482028445,-0.9592812062184456,12.0,2.0,10.0,2022.0,22.0,12.0
0.3586129538173457,0.3404063315119883,0.3723507078324746,1.4952140648427132,0.4063973521226238,0.3372936199352652,13.0,3.0,10.0,2022.0,20.0,13.0
0.3724516991238775,0.3907081336038623,0.3602454878042564,1.182403457930884,0.3941853530362152,-0.1612272924179395,14.0,4.0,10.0,2022.0,1.0,22.0
0.3603596543875064,0.384628479013139,0.3530024106457611,-0.0249172547954713,0.386901806241504,-0.9341170723746416,15.0,5.0,10.0,2022.0,3.0,23.0
0.3532108256658204,0.3877685096086534,0.3653046544784881,0.0725292195260676,0.3994306285923616,-0.7595045335954854,16.0,6.0,10.0,2022.0,20.0,0.0
0.3654594299973462,0.3943706636990863,0.3826519914377765,0.5868925733784032,0.4170782940929716,-0.5734659210039794,17.0,0.0,10.0,2022.0,13.0,4.0
0.3827545144555049,0.3925646357230025,0.3693749078778183,0.7554316392444121,0.4036721442419587,-0.5032718529806872,18.0,1.0,10.0,2022.0,6.0,19.0
0.3695370725519761,0.3914846179034607,0.3574149238987792,0.3131497767862468,0.391603493887075,-0.8993867437338141,19.0,2.0,10.0,2022.0,0.0,23.0
0.357454554605115,0.3816068052702757,0.3521496735575524,0.4253436051036164,0.386320008926324,-0.7298874231152143,20.0,3.0,10.0,2022.0,15.0,1.0
0.3522469725292853,0.3689306722896551,0.3594361618612522,0.8573577807130209,0.3937710351069468,-0.5610742355302967,21.0,4.0,10.0,2022.0,19.0,12.0
0.3595586152621697,0.3917726021133668,0.3616283887736516,-0.0296789632934439,0.3960469846348983,-1.0385785350314225,22.0,5.0,10.0,2022.0,15.0,3.0
0.361727615191832,0.3912638696016896,0.3836492724157452,0.2970634901732439,0.4184414012318354,-0.4906187573693222,23.0,6.0,10.0,2022.0,22.0,12.0
0.3838160579421632,0.3964564699048924,0.3700596336892289,0.7349421981908166,0.404710479779477,-0.6884069368048679,24.0,0.0,10.0,2022.0,0.0,14.0
0.3701467758248742,0.3999416766693262,0.4161051444124475,1.687304193536028,0.45146675270826,0.2600976247859041,25.0,1.0,10.0,2022.0,18.0,10.0
0.4159925824251369,0.4514502114157512,0.4575049316273552,2.291201295729338,0.4935267482484217,-0.0839616157167057,26.0,2.0,10.0,2022.0,16.0,0.0
0.4577458633888606,0.4627838486896437,0.4277643822797761,1.788379355924149,0.4634129625099802,-0.4486722696026388,27.0,3.0,10.0,2022.0,5.0,23.0
0.428000100335386,0.4520793411653357,0.4467595649367873,1.4830040243515907,0.4827490579413023,-0.3794686641228079,28.0,4.0,10.0,2022.0,16.0,8.0
0.4468438704021084,0.4824542469907531,0.4604528698161434,1.286401905689068,0.4967029588182499,-0.6645002959228044,29.0,5.0,10.0,2022.0,10.0,0.0
0.4605176464496016,0.4812516091743115,0.4492298494345708,0.804588373352863,0.4853715814767549,-0.7353239334225478,30.0,6.0,10.0,2022.0,7.0,22.0
0.4492115357966093,0.464812521199456,0.440648404884558,1.5737831408715042,0.4767352937296594,-0.5576143292114929,31.0,0.0,10.0,2022.0,11.0,14.0
0.440696135417945,0.4693892381746639,0.4400039511445323,1.2565424406725862,0.4761437195781886,-0.8318163756223826,1.0,1.0,11.0,2022.0,9.0,14.0
0.4399637335212188,0.4521467563301365,0.4200111857527708,2.1098448651150474,0.4559084164998461,-0.3660372105872139,2.0,2.0,11.0,2022.0,18.0,22.0
0.420314873735828,0.4520902586416935,0.4231094488778543,1.4414603919504847,0.4591196364169693,-0.8150285032758239,3.0,3.0,11.0,2022.0,5.0,12.0
0.4231419366874429,0.4585252835872494,0.4806287282501896,2.57197382795265,0.5175450850107577,0.1140620797779151,4.0,4.0,11.0,2022.0,15.0,0.0
0.4805701179086134,0.5160368973548217,0.488942108239681,1.1495191106520533,0.5260488604729925,-0.7672827906362021,5.0,5.0,11.0,2022.0,4.0,0.0
0.4891730505858473,0.5048177399603345,0.4670815146037229,0.9996432419069397,0.5039191297314148,-0.6777111625893661,6.0,6.0,11.0,2022.0,0.0,23.0
0.4670599907983783,0.4776167294172256,0.4472176847388862,1.9991300773437275,0.4838183265989716,-0.4978978893214474,7.0,0.0,11.0,2022.0,2.0,22.0
0.4471855273729606,0.2951187740573914,0.3206990958389533,3.09610697611805,0.3554587238681255,2.6530518264001426,8.0,1.0,11.0,2022.0,2.0,19.0
0.3209922941076789,0.1736706181667007,0.1574226623756978,3.09610697611805,0.1897731913856721,2.8658044582628723,9.0,2.0,11.0,2022.0,0.0,23.0
0.15776208304988,0.1832383397519172,0.2621206744739554,3.09610697611805,0.2961081535465599,2.425124622022266,10.0,3.0,11.0,2022.0,21.0,0.0
0.2620642781924044,0.2280950761266091,0.2282146568371744,2.127170691074052,0.2617331119487052,0.4360796074444505,11.0,4.0,11.0,2022.0,1.0,14.0
0.2285435928935217,0.234941992516838,0.21378587435301,0.7086624304946824,0.2471418388472161,-0.5643512780798949,12.0,5.0,11.0,2022.0,0.0,5.0
0.2139940516528311,0.2140052906369985,0.1864256193157268,0.5726082292987654,0.2194079377562924,-0.2699103031048446,13.0,6.0,11.0,2022.0,4.0,23.0
0.186527668645841,0.1856993262415681,0.2026786549153364,1.7886577352309292,0.2359521255149964,0.7630686686279867,14.0,0.0,11.0,2022.0,13.0,6.0
0.2028136260140674,0.2280362047563273,0.2190287279118363,1.0819067296186595,0.2526057285989339,-0.4011467909305646,15.0,1.0,11.0,2022.0,15.0,1.0
0.21918549144326,0.2209270509809707,0.2058233491974748,0.9368813351872988,0.2392457585310349,-0.3818321032369651,16.0,2.0,11.0,2022.0,3.0,16.0
0.2060616629187076,0.2228600155542158,0.2069327979934051,0.6083899798541175,0.2404210606786654,-0.7821826622144047,17.0,3.0,11.0,2022.0,1.0,4.0
0.2071343711169051,0.2294310009797563,0.2075624447044719,0.5537899076735564,0.2411044996983856,-0.6015270024451946,18.0,4.0,11.0,2022.0,1.0,18.0
0.2076440940879941,0.2297976540728087,0.2084075278920284,-0.0295822841132721,0.2420145371837159,-0.8422100728584109,19.0,5.0,11.0,2022.0,22.0,5.0
0.2086686869332712,0.209456650381263,0.1826492766318466,0.2528378439834962,0.2159028310347402,-0.4232260459977462,20.0,6.0,11.0,2022.0,1.0,22.0
0.1827972457490567,0.1683820198992026,0.1516847562515515,1.1269260602116016,0.1844969807033383,-0.0947151869078057,21.0,0.0,11.0,2022.0,0.0,21.0
0.151574422333458,0.172021249850366,0.1763855960366376,0.7633945114391814,0.2096276027523971,-0.2163258386061671,22.0,1.0,11.0,2022.0,16.0,7.0
0.1769299508954729,0.2045129721815886,0.2022188151798999,0.8844538889625104,0.2359119706517687,-0.4471787879345975,23.0,2.0,11.0,2022.0,19.0,1.0
0.2024549036684605,0.2254576369381868,0.2018357758633681,0.5140244080133002,0.23556695845163,-0.7745607537778776,24.0,3.0,11.0,2022.0,2.0,14.0
0.2018801595050522,0.2182901180438129,0.1967650777167147,0.1099168706652089,0.2304580411854449,-0.859796335448948,25.0,4.0,11.0,2022.0,0.0,6.0
0.1969296079495689,0.2200493073781497,0.1932325801060649,0.0731308217677601,0.2269069612905084,-0.8021652086974113,26.0,5.0,11.0,2022.0,1.0,22.0
0.1933900420038926,0.2213642003026851,0.1920263840373443,0.2056799073099589,0.2257252484589283,-0.9474746652468328,27.0,6.0,11.0,2022.0,22.0,23.0
0.1919384148156722,0.1971804847920714,0.1780765408193433,0.6015621538071199,0.2115996582657578,-0.5201927264858809,28.0,0.0,11.0,2022.0,0.0,16.0
0.1782828124643042,0.2025462438487283,0.1920482587559842,0.3758638498883574,0.2258368334857798,-0.583655038490827,29.0,1.0,11.0,2022.0,11.0,0.0
0.1922608380221947,0.2218985979485676,0.2364550577855659,0.6981338031311461,0.2710045346116209,-0.0211274687721887,30.0,2.0,11.0,2022.0,23.0,0.0
0.2365883269245997,0.2499021424477337,0.2240930288343983,0.3386414445850432,0.2584965845301837,-0.7287503060621312,1.0,3.0,12.0,2022.0,13.0,21.0
0.2243599478904209,0.2492378694733512,0.2315512181554638,0.1566392310161869,0.266118953192787,-0.8733432392826023,2.0,4.0,12.0,2022.0,23.0,14.0
0.2318088729664949,0.2498865204878448,0.2204784826587777,-0.0235319799582035,0.2549119525885633,-0.8496842860282774,3.0,5.0,12.0,2022.0,0.0,22.0
0.2206474381755304,0.2508538195213888,0.2341180834689601,0.0093759608650654,0.2688186459321356,-0.8054911543137794,4.0,6.0,12.0,2022.0,23.0,0.0
0.2341890150496699,0.252054614241019,0.2245650926493204,0.3014183090991137,0.2591583681531305,-0.5060223623528556,5.0,0.0,12.0,2022.0,5.0,19.0
0.224762155526866,0.253160470957656,0.2316029719146237,0.1756339402544031,0.266360764299816,-0.9632285417640302,6.0,1.0,12.0,2022.0,23.0,18.0
0.2317725400898699,0.2411876899651979,0.2167895370560555,0.1639991428254663,0.2513637465430025,-0.6512786351829517,7.0,2.0,12.0,2022.0,0.0,8.0
0.2169160665780457,0.2436045552913477,0.2404385404272316,0.2085384790410701,0.2754583933298635,-0.4585221364063894,8.0,3.0,12.0,2022.0,20.0,11.0
0.2405237291600518,0.2633344465335084,0.2342817020395642,0.1994170523955677,0.2692551660527892,-0.9249532681756312,9.0,4.0,12.0,2022.0,12.0,21.0
0.2345158484103374,0.2645893649027931,0.2340099336335031,-0.2139575678849284,0.2690310375749529,-1.0497181796306734,10.0,5.0,12.0,2022.0,16.0,23.0
0.2342391541931482,0.2627643826130182,0.2325044532222897,-0.1371740773661536,0.2675516407283595,-0.9624865053814552,11.0,6.0,12.0,2022.0,19.0,23.0
0.2325697560787927,0.2505980035928529,0.2387793376153317,0.1608629980212183,0.2739805069209217,-0.7208155856992965,12.0,0.0,12.0,2022.0,23.0,3.0
0.2389465514793957,0.2640253131441708,0.2740601966612122,0.5414522539732116,0.3099066191488351,0.0366213822230102,13.0,1.0,12.0,2022.0,14.0,7.0
0.2742617101107452,0.2981886557429514,0.2661298341353992,0.501608811776641,0.301902551153181,-0.2244584513776603,14.0,2.0,12.0,2022.0,18.0,1.0
0.2761990003668476,0.2773550992561889,0.2485021001357958,0.2339129339173508,0.2840228181556306,-0.4330206224252523,15.0,3.0,12.0,2022.0,0.0,23.0
0.2486464837479289,0.2307011976610094,0.2044758517793784,0.4002663203997207,0.2393036283596502,0.1782740847595677,16.0,4.0,12.0,2022.0,8.0,23.0
0.2046233424033496,0.2325554673463021,0.2135346364775672,-0.1186741309163688,0.2485591684127301,-0.9048012845068344,17.0,5.0,12.0,2022.0,23.0,2.0
0.2137417116787332,0.2378532599548436,0.2112569486106624,-0.3106309572135262,0.2462913127741953,-1.0137528568472898,18.0,6.0,12.0,2022.0,23.0,15.0
0.2114982160798393,0.2189053911140973,0.1917227712942783,0.0308838328918728,0.2264745050084963,-0.5624108339133446,19.0,0.0,12.0,2022.0,0.0,22.0
0.1920344112122224,0.2207851686530759,0.2203599398250926,0.3292423864532265,0.2556460613819198,-0.2734185918385224,20.0,1.0,12.0,2022.0,15.0,0.0
0.2204239295438509,0.2415262080561082,0.2149120063244102,-0.0959291558671546,0.2501537985562813,-0.9485541482595738,21.0,2.0,12.0,2022.0,0.0,20.0
0.2151387352815491,0.2311884223620771,0.2156979840247782,-0.0113939524079982,0.2510003106684393,-0.7727083485025006,22.0,3.0,12.0,2022.0,9.0,18.0
0.215829748016799,0.2439633974415318,0.2136488599937673,-0.0717221186134829,0.2489617312531038,-1.024593255895237,23.0,4.0,12.0,2022.0,13.0,1.0
0.2138256024176971,0.2439045232393165,0.2167666848075658,-0.3746152702147915,0.2521641473378511,-1.085293627662148,24.0,5.0,12.0,2022.0,19.0,0.0
0.2169255829757736,0.2414845432738503,0.2164126851625502,-0.2709281529643332,0.2518494680874719,-1.033165701383464,25.0,6.0,12.0,2022.0,2.0,19.0
0.2166031197146972,0.2450958245628323,0.2211884429941407,-0.2584223166018052,0.2567518122000424,-1.0293436339520503,26.0,0.0,12.0,2022.0,23.0,16.0
0.2213297314029271,0.2343285979379333,0.2087528112594135,-0.0489797574015502,0.2441413460768653,-0.7086347885994583,27.0,1.0,12.0,2022.0,0.0,19.0
0.208882173242041,0.2251913903668286,0.1986510454070117,0.0192033184346846,0.2339217783191538,-0.7757920676749521,28.0,2.0,12.0,2022.0,15.0,21.0
0.1988158678781987,0.2258948523765508,0.2041603565170367,-0.1182046748093769,0.2395740195055671,-0.9711810502299966,29.0,3.0,12.0,2022.0,15.0,2.0
0.2042765419140013,0.219559082134103,0.2017204072802748,-0.0391855071202621,0.2371414013424828,-0.8293966380829975,30.0,4.0,12.0,2022.0,0.0,14.0
0.2019663688452585,0.2264535235130456,0.1983395046586696,-0.2935554480909668,0.2337571252255925,-1.0211697687940091,31.0,5.0,12.0,2022.0,14.0,23.0
0.1985454277131753,0.2266883588047431,0.2031009669096193,-0.4017486257255416,0.2386542635058285,-1.0241242404478776,1.0,6.0,1.0,2023.0,23.0,9.0
0.2033060067008844,0.2299126057275748,0.2069913093026716,-0.246988226051941,0.2426660695163433,-0.9035636065228676,2.0,0.0,1.0,2023.0,8.0,1.0
0.2071917764032428,0.2330828612188013,0.2064626444850736,-0.1490740741685265,0.2421778181175678,-0.9807654810703568,3.0,1.0,1.0,2023.0,6.0,17.0
0.2066615645652242,0.2359529135186444,0.2177168879630501,0.0960044109443972,0.2536825687415775,-0.7341922803432911,4.0,2.0,1.0,2023.0,18.0,0.0
0.2179051528704504,0.243699345105004,0.2160904636570112,-0.1604812207345725,0.252078832139243,-1.0510742052837103,5.0,3.0,1.0,2023.0,0.0,14.0
0.2162487651932284,0.2390294087734295,0.2231623932971682,-0.1213815796535434,0.2593373084640598,-0.771154922283816,6.0,4.0,1.0,2023.0,20.0,13.0
0.223343592788313,0.2515336436597147,0.2233531286394353,-0.48470914227613,0.2595871096223144,-1.1021095130751195,7.0,5.0,1.0,2023.0,1.0,12.0
0.2234680579734247,0.2521569272155097,0.2317036657108599,-0.3733031865398896,0.2681396440931376,-0.9397948208517396,8.0,6.0,1.0,2023.0,23.0,0.0
0.2320477739096398,0.2629017420773419,0.2381727341672523,0.1070141582659797,0.2747756513670409,-0.7466450296792477,9.0,0.0,1.0,2023.0,18.0,0.0
0.2381189048509207,0.2672642661861049,0.253499374238694,-0.0457386282445888,0.290438317078609,-0.7104172236987268,10.0,1.0,1.0,2023.0,21.0,2.0
0.2536658302750631,0.2783290945870734,0.2840377818605067,0.0897912014577905,0.3239040918561787,-0.2307109841472112,11.0,2.0,1.0,2023.0,23.0,15.0
0.2842006588774038,0.3150784869101334,0.3408481128012119,0.993603715298754,0.3794762249587143,0.4081802205089981,12.0,3.0,1.0,2023.0,21.0,0.0
0.3409401914940688,0.3678048792034157,0.4046728856840511,0.6819415353442868,0.4445209803744901,0.4672642482430955,13.0,4.0,1.0,2023.0,22.0,0.0
0.4048451035355046,0.4408099168196103,0.4701386270754437,1.2103586873320962,0.5112504444293354,0.3232719909849318,14.0,5.0,1.0,2023.0,14.0,0.0
0.4703032235007386,0.485015074125979,0.4642776824108911,0.1435519899932543,0.5053541810697656,-0.7175624419599222,15.0,6.0,1.0,2023.0,17.0,9.0
0.4644589236267605,0.4918914916197316,0.4820036205052088,0.550008261412563,0.5234680101651091,-0.394969134696937,16.0,0.0,1.0,2023.0,20.0,15.0
0.4824721038126665,0.5085065427624031,0.4815056850613657,0.4527879784689499,0.523026157848772,-0.6323130388689141,17.0,1.0,1.0,2023.0,14.0,1.0
0.4815651936858096,0.4808773810960905,0.4524933615892959,0.7242786537249356,0.4935400037777799,0.0568829678067069,18.0,2.0,1.0,2023.0,14.0,16.0
0.4524661873489714,0.4899716257464233,0.4769196983785875,0.2441311678555768,0.5184776353624223,-0.597094436095628,19.0,3.0,1.0,2023.0,20.0,0.0
0.4769222508903802,0.5047504229955322,0.5744843931978342,0.6588433609752891,0.6179085954230983,0.9828696225143352,20.0,4.0,1.0,2023.0,23.0,8.0
0.5745961536619104,0.6054512547056679,0.5806873851310843,0.856435241052048,0.624292114913203,-0.3151146639971829,21.0,5.0,1.0,2023.0,19.0,0.0
0.5807655491692622,0.5976154620056449,0.5771763525045841,0.4390336476846032,0.62078128830548,-0.4346096319793471,22.0,6.0,1.0,2023.0,15.0,21.0
0.5772748101334648,0.6144591768426116,0.5903106683783864,0.5351585395106393,0.6342323259156198,-0.6568417755228483,23.0,0.0,1.0,2023.0,18.0,15.0
0.5900688553534423,0.6078482474009972,0.5720245026608973,0.5289955535177322,0.6156669646557293,-0.5351443775095618,24.0,1.0,1.0,2023.0,6.0,23.0
0.5722549927000936,0.5987646008163938,0.6015677986805475,0.7611457369193638,0.6458436805320897,0.3103803116277017,25.0,2.0,1.0,2023.0,22.0,1.0
0.6010707008692376,0.6307126671169497,0.596346246022326,0.5264339218588157,0.6405992214086886,-0.8300266749661694,26.0,3.0,1.0,2023.0,1.0,16.0
0.5962707834267421,0.614477445343269,0.5991662499991024,0.4735798305436446,0.6435439958794007,-0.3369189561964932,27.0,4.0,1.0,2023.0,20.0,2.0
0.5992921307656582,0.630552901624037,0.5962426630257395,-0.1051503384602358,0.6406436441261473,-0.9066029594345578,28.0,5.0,1.0,2023.0,0.0,13.0
0.5963156891626806,0.6353722349324492,0.641870364058183,0.5842422455325393,0.687211307601864,-0.1438906106907194,29.0,6.0,1.0,2023.0,19.0,0.0
0.6419116115642368,0.6146664132499996,0.5845238618846432,0.5724136210027306,0.6288408299644338,0.0377791886312908,30.0,0.0,1.0,2023.0,0.0,22.0
0.5846189599538608,0.6214939794003819,0.6028826199742938,0.3355193379745614,0.6476035786025879,-0.6740946884634901,31.0,1.0,1.0,2023.0,22.0,0.0
0.6028425527573862,0.628586831416007,0.6387529580453315,0.5440834976802699,0.6842232507258972,-0.2024827987384451,1.0,2.0,2.0,2023.0,22.0,19.0
0.6386093754224688,0.6659436961981697,0.6232937103203048,0.8360778665057416,0.6685364389369348,-0.4323155585567034,2.0,3.0,2.0,2023.0,1.0,23.0
0.6231851005883609,0.6540167335574399,0.6219098719679617,0.5657679933467447,0.6671892882224816,-0.7556956256844309,3.0,4.0,2.0,2023.0,16.0,20.0
0.6217684006454309,0.6547653266241755,0.6147003728195818,-0.0549068617607077,0.6599060516125891,-0.9021588810592736,4.0,5.0,2.0,2023.0,13.0,5.0
0.6147699193697209,0.6263112987318413,0.5916138491064163,0.1579711533036051,0.6364437630753584,-0.5494085202704309,5.0,6.0,2.0,2023.0,8.0,19.0
0.5915654615863005,0.6168441651113212,0.5796123812875389,0.3890608388217368,0.6242829923360229,-0.7129918763680556,6.0,0.0,2.0,2023.0,16.0,23.0
0.5794944139315255,0.620905329349758,0.6105544124253413,0.5714573643375489,0.6558887722487557,-0.5637745575795289,7.0,1.0,2.0,2023.0,18.0,0.0
0.610546989714011,0.6193145539593469,0.5906155114788963,0.4729307292259634,0.6356289414190507,-0.4860644702230602,8.0,2.0,2.0,2023.0,1.0,16.0
0.5911080024414715,0.558799259309729,0.5218582340692378,0.863501974823381,0.5656035568677766,0.1846287577385062,9.0,3.0,2.0,2023.0,1.0,22.0
0.5219313127929215,0.5439675429444144,0.5115567746047587,0.5655152810536916,0.5551643833744926,-0.7181366855459707,10.0,4.0,2.0,2023.0,3.0,21.0
0.5116756279288602,0.548966010672155,0.5250393355419567,-0.0160229021049034,0.5689806650122532,-0.8685475400157202,11.0,5.0,2.0,2023.0,23.0,0.0
0.5251151806059461,0.5530364536190734,0.5199658095040048,0.0634244522243786,0.5638779340128108,-0.7472448312485532,12.0,6.0,2.0,2023.0,16.0,22.0
0.5199676470490268,0.5389534311849652,0.5211869519640413,0.3941447955659441,0.5651902927842727,-0.6740114476886453,13.0,0.0,2.0,2023.0,7.0,17.0
0.520877104626076,0.549847653101412,0.5465148127388865,0.5500138223730822,0.591089392977081,-0.4101637602764805,14.0,1.0,2.0,2023.0,15.0,14.0
0.5465685138309879,0.5783231621305658,0.6745978844106937,0.8586608254054,0.7217812783950833,1.3982070169224583,15.0,2.0,2.0,2023.0,23.0,2.0
0.674593275702196,0.6744114062365968,0.6325977664252956,1.2292808663739296,0.679034786267651,0.4367437214210964,16.0,3.0,2.0,2023.0,16.0,23.0
0.6325024507680064,0.6654480497815897,0.6904168537078489,1.3400211135638602,0.7380840513037192,0.4092450125898869,17.0,4.0,2.0,2023.0,20.0,0.0
0.6904184654622051,0.7291558888340981,0.6950610839733063,0.1612885310711437,0.7429072367087277,-0.8466495684630599,18.0,5.0,2.0,2023.0,18.0,11.0
0.6950032881378847,0.72025794091328,0.6758130466858705,0.4828961101555819,0.7233524670094916,-0.3905620266885539,19.0,6.0,2.0,2023.0,16.0,23.0
0.6763892073829699,0.6949843763241739,0.7065908480124966,0.6690519588414727,0.7548239870904127,-0.0324179208010037,20.0,0.0,2.0,2023.0,15.0,1.0
0.7068453297345058,0.7122106638360741,0.682484835300901,0.7918835429651472,0.7303150494059583,-0.2288382379709392,21.0,1.0,2.0,2023.0,8.0,22.0
0.682573073124722,0.6770539591067399,0.6672948643532363,0.7348207604118587,0.7148848381659899,-0.317543630177216,22.0,2.0,2.0,2023.0,0.0,17.0
0.6674378535832255,0.6801900908424415,0.6524830020340874,0.7498046507793951,0.6998575300419199,-0.2549093884376552,23.0,3.0,2.0,2023.0,3.0,12.0
0.6524246225959452,0.6367632871037193,0.6064938954559244,0.5510523699941448,0.6530043963834766,-0.009037414197319,24.0,4.0,2.0,2023.0,1.0,19.0
0.6066641401349693,0.6275630734501167,0.6050975968576832,-0.0298806917316673,0.6516318732260014,-0.8058445930746544,25.0,5.0,2.0,2023.0,0.0,20.0
0.6050705470570359,0.6416412087556158,0.6287767261598178,-0.000385927204511,0.6758696967297072,-0.5578883685042536,26.0,6.0,2.0,2023.0,20.0,2.0
0.62883171923156,0.6493331576916174,0.626423709823077,0.3259158660737413,0.67353405413554,-0.4783795735355056,27.0,0.0,2.0,2023.0,15.0,18.0
0.6264014986872176,0.6412257323226113,0.6033778501466365,0.2106406843660559,0.6500836824608316,-0.6360211104824104,28.0,1.0,2.0,2023.0,16.0,21.0
0.6036459309935057,0.6419197240014871,0.6340139225352475,0.4345024214208382,0.6814269568004757,-0.3090708350325255,1.0,2.0,3.0,2023.0,9.0,0.0
0.6340814358538823,0.6518079697590157,0.6235144177857596,0.2025612840307341,0.670780949929199,-0.6538931796769089,2.0,3.0,3.0,2023.0,0.0,14.0
0.6236281287014928,0.5865721913184725,0.5552218017833163,0.5104104490495933,0.6011572878499901,0.2016260647443995,3.0,4.0,3.0,2023.0,0.0,21.0
0.555301049540786,0.5856708015661424,0.5546492580691447,-0.2975241566867605,0.6006440748021764,-0.9562454431120292,4.0,5.0,3.0,2023.0,6.0,20.0
0.5547624242829609,0.5925094937721427,0.559691733276225,-0.1808611191422775,0.6058636059048573,-0.839901012032252,5.0,6.0,3.0,2023.0,1.0,2.0
0.5598344925834254,0.5940377669756637,0.559338442417141,0.0380495124986579,0.605559893898923,-0.9030334887137808,6.0,0.0,3.0,2023.0,16.0,5.0
0.5593133549158351,0.5738020720537103,0.5464512895305218,0.3315938606616456,0.5924797912294553,-0.5990409579801622,7.0,1.0,3.0,2023.0,3.0,21.0
0.5463143362651033,0.5546311280210404,0.5156622363130826,0.3191803000970994,0.5611111266533595,-0.5412632382554866,8.0,2.0,3.0,2023.0,0.0,23.0
0.5158620526519949,0.4599344713147718,0.4325012441406604,0.7437518146875266,0.4762674910562866,0.7036295688210112,9.0,3.0,3.0,2023.0,3.0,21.0
0.4328496187727514,0.4231335035250339,0.4217136464409703,1.2434688738821382,0.4653078923116147,-0.2511208790206668,10.0,4.0,3.0,2023.0,0.0,11.0
0.4218601691144109,0.4509787045604531,0.4490338239468285,0.7337518260975568,0.4932697036548776,-0.2664465388775168,11.0,5.0,3.0,2023.0,5.0,12.0
0.4488638583797096,0.4750138909368971,0.5430256274124333,0.6848706458119886,0.5893131067100159,0.9846957018567596,12.0,6.0,3.0,2023.0,23.0,7.0
0.5426310994018622,0.5679180790222111,0.6678281776075762,1.7797693667420456,0.7168183845071715,1.882096264608708,13.0,0.0,3.0,2023.0,15.0,10.0
0.6681155976191155,0.7046752718999101,0.7014925997856998,2.059407808095949,0.7512705355114591,1.4089883614337508,14.0,1.0,3.0,2023.0,13.0,0.0
0.7030340168842103,0.6973237834956121,0.6787784628233406,1.46461691962687,0.7281447311429559,0.1386819656991969,15.0,2.0,3.0,2023.0,13.0,17.0
0.6786489595712836,0.713775312805129,0.7203159382823221,0.9336568821290242,0.7706336245349521,-0.1694697973001052,16.0,3.0,3.0,2023.0,19.0,1.0
0.7204697732767602,0.7599341170237962,0.8658346734673108,1.8483193535751856,0.9193269917231638,1.73282054686344,17.0,4.0,3.0,2023.0,22.0,0.0
0.8672819510288751,0.8662231806082245,0.8377237400643632,1.0343735155210254,0.890709396929195,-0.1669068246274132,18.0,5.0,3.0,2023.0,1.0,16.0
0.8379186153556233,0.8833862713054111,0.9035620031188264,1.145364629313569,0.95803566537203,0.2768721667099327,19.0,6.0,3.0,2023.0,20.0,7.0
0.9036927284003674,0.904577446829161,0.8869036072717658,1.525271504080882,0.9411066810678554,-0.0084387519045302,20.0,0.0,3.0,2023.0,9.0,3.0
0.886931074398677,0.9170182393787408,0.9119785059403676,1.0549377750001092,0.966801494508329,-0.2624933267002674,21.0,1.0,3.0,2023.0,16.0,7.0
0.9108780197893775,0.8740464934657975,0.8586853556447381,0.9074040446112396,0.9124527697159674,0.6842058706002074,22.0,2.0,3.0,2023.0,18.0,20.0
0.8583149271025178,0.9008144150663424,0.921684653268638,0.4105075947014595,0.9769146093997249,0.2718822020943939,23.0,3.0,3.0,2023.0,15.0,1.0
0.9210249385226918,0.8917036255644174,0.8700910128777057,0.5059579411944932,0.9242950847455166,0.0385429429127616,24.0,4.0,3.0,2023.0,0.0,21.0
0.869688159449082,0.9016281419626,0.8701782658292689,-0.1772812507651502,0.9244672721983184,-0.6338915806727041,25.0,5.0,3.0,2023.0,15.0,20.0
0.8701903908548488,0.9173596141572348,0.9008404899344672,-0.1504145950058222,0.9558774383934088,-0.504545426924684,26.0,6.0,3.0,2023.0,13.0,0.0
0.9007764782697464,0.8643534587076103,0.8484027918654566,0.0833754416145382,0.9023804189102528,0.1290041817599792,27.0,0.0,3.0,2023.0,0.0,15.0
0.8479424293627937,0.8688507215371314,0.8562731601475422,0.0613934948885662,0.9104972152698324,-0.4477824036635748,28.0,1.0,3.0,2023.0,20.0,10.0
0.856172229651537,0.9056384127697474,0.922572665640163,0.2187535789507042,0.9783253460231884,0.0965375455397364,29.0,2.0,3.0,2023.0,8.0,0.0
0.9226218881825448,0.9347539645030382,0.9032482882576224,0.3136901266984231,0.9586633430323902,0.1201449483585185,30.0,3.0,3.0,2023.0,2.0,18.0
0.9031197331133436,0.9261271230349862,0.9305534589852698,0.1274392847516418,0.9866549086528784,-0.2192904587819554,31.0,4.0,3.0,2023.0,14.0,7.0
0.9301797162882272,0.9712363179038588,0.9264139785348864,-0.3132280817901915,0.9825187775955544,-0.7354594330120134,1.0,5.0,4.0,2023.0,2.0,15.0
0.929536330100218,0.9451184945647716,0.9134202002680376,-0.2368531453321612,0.9693079646423528,-0.6173845198826758,2.0,6.0,4.0,2023.0,3.0,22.0
0.9123725485564044,0.9067169739888804,0.8883141850618855,0.1575502053697325,0.9437269604914196,-0.0933659720283445,3.0,0.0,4.0,2023.0,10.0,21.0
0.8885803254103403,0.9322973556960886,0.9115042928604836,-0.0741479389011905,0.9675170209319348,-0.4939725650716625,4.0,1.0,4.0,2023.0,11.0,0.0
0.9115533060157032,0.9425690497763424,0.9121114793011288,0.0217308715937222,0.968218317363978,-0.3717946974059832,5.0,2.0,4.0,2023.0,2.0,16.0
0.9118907432352846,0.9359299734542528,0.9038973825853572,-0.1526141093926916,0.9599124241906092,-0.7909483764701727,6.0,3.0,4.0,2023.0,0.0,10.0
0.9035310721540653,0.9394246417207835,0.8966384270609644,-0.3140302136793021,0.9525696558555824,-0.9017244772768548,7.0,4.0,4.0,2023.0,0.0,7.0
0.8962638088879582,0.9450742021595508,0.897984603493921,-0.3947578182243849,0.9540297868338156,-0.9385880872487354,8.0,5.0,4.0,2023.0,5.0,0.0
0.8982181296701374,0.9416027582904158,0.9216280286868715,-0.2427822752889211,0.978291866716511,-0.5424662397947808,9.0,6.0,4.0,2023.0,22.0,14.0
0.9217560283099188,0.9644141010407972,1.0026331475026713,0.1426837950459481,1.061190692265744,0.2509896806061402,10.0,0.0,4.0,2023.0,23.0,13.0
1.0025950395892451,1.054197249253409,1.0383557721715002,0.188180975447743,1.0978056366848092,-0.4092287788314614,11.0,1.0,4.0,2023.0,19.0,0.0
1.0380498070515531,1.0615486856439218,1.032463806198962,0.1084890264802604,1.0919000593364503,-0.5637731592261364,12.0,2.0,4.0,2023.0,12.0,15.0
1.0172615581587452,1.071225381565847,1.04842103487145,0.0453459044472141,1.108282675731929,-0.6221850581816311,13.0,3.0,4.0,2023.0,18.0,0.0
1.048969032451733,1.0817130505137154,1.053737807990892,0.3258741896053745,1.1138057571317028,-0.3765331573965887,14.0,4.0,4.0,2023.0,6.0,16.0
1.0539499581506333,1.0944458240805566,1.0434764270497243,-0.2555082977479644,1.1034105520769253,-0.8927820632231525,15.0,5.0,4.0,2023.0,0.0,17.0
1.043227497905267,1.0888787810087242,1.043283630974405,-0.2059286333907384,1.103295198121048,-0.8552919775074077,16.0,6.0,4.0,2023.0,19.0,1.0
1.0432992342556349,1.033084102380486,0.9898720053870924,0.0661981483363738,1.04875752344882,-0.3033820783583583,17.0,0.0,4.0,2023.0,0.0,15.0
0.9900433989268488,1.0254639732849298,1.0483281410126806,0.1534297262295245,1.108651169458949,-0.0382332973705472,18.0,1.0,4.0,2023.0,12.0,1.0
1.0480258378084866,0.9948023545615188,0.9516770231707564,0.4295519030767799,1.0098669291034383,0.2885148970763806,19.0,2.0,4.0,2023.0,0.0,23.0
0.9516740456498508,0.954802863154142,0.9162849217785508,0.2543012490911728,0.9737393829441412,-0.2613888943882851,20.0,3.0,4.0,2023.0,6.0,19.0
0.9164309621241614,0.9004351563865912,0.8568118852957826,0.2227973992289159,0.9129807212885656,-0.1200560243016784,21.0,4.0,4.0,2023.0,0.0,22.0
0.8561024640402938,0.8999423600026629,0.8899883834167762,-0.1912348617618307,0.947005082306596,-0.5277240152260857,22.0,5.0,4.0,2023.0,23.0,1.0
0.889860746037416,0.914531340332566,0.8761114536634986,-0.2096910269293506,0.9328896955066326,-0.8040676280276188,23.0,6.0,4.0,2023.0,0.0,18.0
0.8760926822992319,0.8937005663835378,0.8720582132719866,0.0570376153247504,0.9288224817874036,-0.3417294432560659,24.0,0.0,4.0,2023.0,1.0,16.0
0.8713774333298141,0.9023678081105012,0.9200660225802272,0.0586693231057574,0.9780120721970345,-0.1002669026488376,25.0,1.0,4.0,2023.0,22.0,8.0
0.9195493024757768,0.9097410238845004,0.9271299688914486,0.8245419493940414,0.9853160330245788,1.2494540419463704,26.0,2.0,4.0,2023.0,12.0,20.0
0.9274270564183452,0.9779202693413982,0.991635879690716,0.5695851355773993,1.0513994762962324,0.1428626126303775,27.0,3.0,4.0,2023.0,18.0,0.0
0.9920018298048084,1.0112228500448242,0.9834414287694104,0.0484235188105886,1.043103419887034,-0.6300328747980835,28.0,4.0,4.0,2023.0,1.0,13.0
0.9831399167558408,1.0212400179118457,0.9778091803617308,-0.3248258672572106,1.0374179714652734,-0.8733390552397013,29.0,5.0,4.0,2023.0,4.0,17.0
0.9775538300096652,1.0228825652031297,0.9790561527282208,-0.1084440989855928,1.0387830792658543,-0.4529642336380536,30.0,6.0,4.0,2023.0,15.0,2.0
0.9764242672780892,0.9322649575177308,0.9068081396720312,0.1086880787374745,0.9649437224434148,0.2662261786712076,1.0,0.0,5.0,2023.0,0.0,20.0
0.9064886731097572,0.9476498558836078,0.9429535673215884,-0.0118630218002306,1.002009351667292,-0.31248479573951,2.0,1.0,5.0,2023.0,19.0,5.0
0.942889314829762,0.9637261034166064,0.9629463650563512,0.1340369322104462,1.0225615531675525,-0.2188032576150606,3.0,2.0,5.0,2023.0,22.0,15.0
0.9644118028057628,0.9963286830274664,0.9532132020528188,-0.0598218140007837,1.0126865989785416,-0.6070415441807874,4.0,3.0,5.0,2023.0,10.0,18.0
0.9533794024376234,1.0059056519862817,0.9953548153341464,0.0696899088974862,1.055893089862526,-0.4559437307342847,5.0,4.0,5.0,2023.0,17.0,0.0
0.9955506975351408,0.9820982585559924,0.9567059571101282,-0.0400151258360143,1.0164183219134555,-0.01044417025642,6.0,5.0,5.0,2023.0,0.0,15.0
0.9564557272042932,0.9803532549830504,0.92911085809985,-0.2901835905337632,0.9882453410094584,-0.5533244659196611,7.0,6.0,5.0,2023.0,1.0,23.0
0.9287763575092854,0.908829719644808,0.8824257853079358,0.1340332025578167,0.9405303168065472,0.0366733948584196,8.0,0.0,5.0,2023.0,0.0,20.0
0.8824325882351238,0.912968828199448,0.8802472321079924,-0.1368428836771234,0.9383834186239804,-0.7781685679864089,9.0,1.0,5.0,2023.0,12.0,16.0
0.8799520947603212,0.8818659092051866,0.8779753817534722,0.2171849990828813,0.936153143901311,0.1525423614478837,10.0,2.0,5.0,2023.0,13.0,17.0
0.8778937801645121,0.8754267701834052,0.839866102306736,0.0039426737129969,0.8972127401419925,-0.4073463842592683,11.0,3.0,5.0,2023.0,0.0,17.0
0.8390326683066993,0.8183083304702633,0.8278498535198605,0.1443759766867146,0.8849855966458701,-0.0653758432439808,12.0,4.0,5.0,2023.0,0.0,19.0
0.8279960541626945,0.8709406685418142,0.8265664613126982,-0.3608100510998719,0.8837517568205304,-0.886275743595559,13.0,5.0,5.0,2023.0,18.0,0.0
0.8268429804376649,0.867809776366248,0.835560916946222,-0.3599592171026392,0.8930577263194655,-0.7217056720841211,14.0,6.0,5.0,2023.0,15.0,1.0
0.8355799733970102,0.8744322165060467,0.8516434562031646,-0.1214049623177332,0.9096098294803204,-0.3485791133689775,15.0,0.0,5.0,2023.0,17.0,0.0
0.8503121456436137,0.8815673606995594,0.8420670076883786,-0.2125768665618909,0.8998840839102534,-0.7943861600362476,16.0,1.0,5.0,2023.0,0.0,1.0
0.841965705364664,0.8639396964942405,0.8642925116517329,-0.081986907758615,0.9227352124313752,-0.365696927512871,17.0,2.0,5.0,2023.0,20.0,14.0
0.8644311581029909,0.8522401066621725,0.8295202816927094,-0.0774889480049198,0.8871978031326911,-0.2013288154245626,18.0,3.0,5.0,2023.0,12.0,17.0
0.8291608452441842,0.870266445721787,0.8330748115513361,-0.292481727943823,0.8909200012634342,-0.7814644838823182,19.0,4.0,5.0,2023.0,15.0,15.0
0.8329699101429175,0.8793120445380234,0.8477705333222442,-0.5210400674995141,0.9060470062530264,-0.8946492023151233,20.0,5.0,5.0,2023.0,18.0,0.0
0.8470549470408396,0.8706907701500589,0.8247098163123194,-0.4341250799983395,0.8825052052177641,-0.6612051571806536,21.0,6.0,5.0,2023.0,0.0,21.0
0.8244453232442657,0.8607524601283442,0.8306905195607827,-0.3034491306045265,0.8887095771799648,-0.7148390616849978,22.0,0.0,5.0,2023.0,13.0,2.0
0.8309526512635512,0.8775987621088707,0.8536707394064614,-0.1602401605519049,0.9123391917929832,-0.5986044894148713,23.0,1.0,5.0,2023.0,5.0,1.0
0.8535692075536034,0.8327332500555545,0.7989950095088785,-0.0191210135768274,0.8563935962294272,-0.1315128292240387,24.0,2.0,5.0,2023.0,0.0,15.0
0.7986514887758878,0.8190775181084856,0.8076721802960956,-0.1518920359268058,0.865369073530469,-0.5056109345222685,25.0,3.0,5.0,2023.0,19.0,1.0
0.8075302399849544,0.847741415010544,0.8225903980998843,-0.2136952099177264,0.8807353612692254,-0.6347896844179616,26.0,4.0,5.0,2023.0,14.0,6.0
0.8226225475580833,0.8652672293898077,0.8317384984625225,-0.475095756082985,0.8901896098842809,-0.9355334327655532,27.0,5.0,5.0,2023.0,23.0,13.0
0.8318850669387848,0.8767497613647608,0.9064447361677528,-0.1142458071781162,0.9668347980104798,0.145263018154059,28.0,6.0,5.0,2023.0,23.0,0.0
0.9057780569280168,0.924872838452944,0.8855932255228982,-0.0797468107630737,0.9455571499043932,-0.3942274642057716,29.0,0.0,5.0,2023.0,0.0,17.0
0.885503536930113,0.926429818859781,0.8829214081617596,-0.1844364113540733,0.9429020333756308,-0.7691599847202335,30.0,1.0,5.0,2023.0,10.0,16.0
0.8827676876772966,0.8807774107379458,0.8532983426680721,-0.0539808747931912,0.9126232054157112,-0.2926410528798953,31.0,2.0,5.0,2023.0,1.0,16.0
0.8531893644925951,0.8684651951714886,0.8287693440368146,-0.1069921143206638,0.8875515360601544,-0.5533793959462103,1.0,3.0,6.0,2023.0,0.0,3.0
0.8290260080606614,0.8623274014704567,0.8551351906344269,-0.0983985658874641,0.9146711278488848,-0.4910208989183418,2.0,4.0,6.0,2023.0,22.0,0.0
0.8552698299469697,0.8865657570452223,0.8444284742941084,-0.448325364141121,0.9037680373459532,-0.8538343850298323,3.0,5.0,6.0,2023.0,16.0,21.0
0.8443983851291795,0.8872119542315157,0.8471249704306452,-0.3954272775952537,0.9066119339034104,-0.7753243194998869,4.0,6.0,6.0,2023.0,22.0,1.0
0.8473424821684126,0.7909148604868746,0.7637239280466132,0.2636805660227175,0.8211837745905233,0.4136379664682749,5.0,0.0,6.0,2023.0,0.0,19.0
0.7620034062693138,0.7902636068104547,0.854472065825006,0.2862636344289142,0.914305089314574,0.6959820471486413,6.0,1.0,6.0,2023.0,23.0,12.0
0.854246877559873,0.8352883630222003,0.7996811737607297,0.1561152997681776,0.8581970856262944,-0.0680797563993655,7.0,2.0,6.0,2023.0,0.0,22.0
0.7997675795239356,0.8415904281086012,0.8096365585075534,-0.2574532928868167,0.8684934094088971,-0.6535970797096341,8.0,3.0,6.0,2023.0,15.0,3.0
0.8094776098333495,0.847448428792565,0.8079279467471286,-0.3056847147297801,0.866828003577901,-0.7739523590693735,9.0,4.0,6.0,2023.0,13.0,2.0
0.80799528392507,0.7944978096130882,0.7693175054083168,0.1747124992232634,0.8273150575651402,-0.1885377834396136,10.0,5.0,6.0,2023.0,1.0,17.0
0.7694834872620487,0.8050660299770216,0.7747750282939793,-0.3210306231955034,0.833004022892339,-0.6596819417870687,11.0,6.0,6.0,2023.0,20.0,4.0
0.7744071172942608,0.8054587903607794,0.772463301340514,-0.2697615133065355,0.830709470380526,-0.7828974081029249,12.0,0.0,6.0,2023.0,9.0,2.0
0.7724840946140401,0.8088203996274206,0.7734592587563658,-0.1360357713687822,0.8318128594076812,-0.5471854517921968,13.0,1.0,6.0,2023.0,12.0,15.0
0.7735465179835808,0.7565820940558977,0.7247276959993312,-0.1294056707472679,0.7818937441352317,-0.056393980962452,14.0,2.0,6.0,2023.0,2.0,20.0
0.7245527157934851,0.7499443000511526,0.7524499346702643,-0.0441632915455579,0.8104036061614424,-0.2279260057136286,15.0,3.0,6.0,2023.0,21.0,11.0
0.7523819841626858,0.7782816432270442,0.7985435771840458,-0.0177356646866202,0.8577614964394702,0.0381166480105321,16.0,4.0,6.0,2023.0,18.0,14.0
0.798603507910625,0.8370272595652911,0.8097875640236416,-0.3016318484865826,0.8693755887827717,-0.6098749652900505,17.0,5.0,6.0,2023.0,5.0,2.0
0.8097557497870965,0.8465996144285455,0.7990806087693226,-0.3843204859221923,0.8584666552011455,-0.8530907103230198,18.0,6.0,6.0,2023.0,20.0,23.0
0.7990184193354037,0.8457739830116675,0.8306752331848228,-0.2074380577907237,0.8909565844174229,-0.5344275410728822,19.0,0.0,6.0,2023.0,18.0,0.0
0.8300755090860544,0.8682799767384628,0.9212866977830396,0.3015686708353839,0.9839904020660498,0.4646229804904319,20.0,1.0,6.0,2023.0,23.0,14.0
0.9202396027799478,0.9703662166239754,1.0256052291964484,0.9054916009411662,1.0910922986322502,1.0496464624572968,21.0,2.0,6.0,2023.0,16.0,0.0
1.023592737512812,1.0586139813222788,1.018546686525606,0.2170296355081308,1.0839317561121276,-0.4898028474312636,22.0,3.0,6.0,2023.0,2.0,14.0
1.0174851183946223,1.0691131420584477,1.0666115155140654,0.4048201143586315,1.133326091045336,0.1427150559477784,23.0,4.0,6.0,2023.0,16.0,2.0
1.067323775968556,1.097244502869965,1.0576038468730284,-0.2442738156610332,1.1241753763328324,-0.761561313682953,24.0,5.0,6.0,2023.0,12.0,16.0
1.057287502412588,1.0996342200569034,1.053404047771242,-0.2141375181311824,1.1199598742204044,-0.5902439809762491,25.0,6.0,6.0,2023.0,4.0,20.0
1.0533226275201133,1.076101458102859,1.040569543233122,-0.0085945701914172,1.1068755900488856,-0.6170362137291786,26.0,0.0,6.0,2023.0,14.0,17.0
1.0406719149388597,1.0938622054161826,1.0661631681120534,-0.0120852078918038,1.1332287498571316,-0.5362407205641556,27.0,1.0,6.0,2023.0,14.0,0.0
1.0665767088951337,1.0739567960089218,1.0292230196177876,-0.1128209377739873,1.0953854814491464,-0.5357508338577431,28.0,2.0,6.0,2023.0,0.0,19.0
1.0291297085022288,1.0825163717599455,1.0512615710145723,-0.1882449847067921,1.118092237002314,-0.558880817969963,29.0,3.0,6.0,2023.0,13.0,0.0
1.0509195022788222,1.0536266056369985,1.0532193019111746,0.5280321147815464,1.1202021757543572,0.2142714787756545,30.0,4.0,6.0,2023.0,4.0,13.0
1.052790322540101,1.0996925123950203,1.0601436298163802,-0.4103047713725315,1.1273917877410855,-0.9295077224701268,1.0,5.0,7.0,2023.0,15.0,4.0
1.059871582458064,1.0955925436091332,1.062027171789942,-0.331834162632085,1.1294275334821753,-0.7698999008090854,2.0,6.0,7.0,2023.0,22.0,15.0
1.062156677378338,1.1159826614163697,1.0949016028919525,-0.0748342522678879,1.1632617298738577,-0.527736927072445,3.0,0.0,7.0,2023.0,19.0,12.0
1.0948167079382287,1.1205882138550955,1.0716507982528631,-0.2083144070326425,1.1394851796908605,-0.6415886389516465,4.0,1.0,7.0,2023.0,2.0,19.0
1.0716175311037095,1.0931642769087968,1.0554848105413357,-0.2261695389754952,1.122982241175409,-0.6466745984828363,5.0,2.0,7.0,2023.0,3.0,13.0
1.0549562246024278,1.0720855025475438,1.018366013832606,0.242849616798926,1.0849592725566954,0.1358850702652523,6.0,3.0,7.0,2023.0,9.0,14.0
1.0181977376662423,1.0648181798143077,1.044935075093467,-0.1771855677281597,1.112345971439462,-0.6258240507755787,7.0,4.0,7.0,2023.0,16.0,0.0
1.045126013916596,1.0839678298636568,1.0418835009109864,-0.495848783332226,1.1093215051456438,-0.9439013987201224,8.0,5.0,7.0,2023.0,2.0,19.0
1.0417326304879622,1.0843113114801102,1.0344387604666954,-0.4744821980051644,1.1017800698928315,-0.9026442113004306,9.0,6.0,7.0,2023.0,14.0,22.0
1.0344203735135526,1.0779762040885064,1.049366459820093,-0.0988978626595368,1.1172060469517535,-0.3017972860301817,10.0,0.0,7.0,2023.0,20.0,0.0
1.0494642522340978,1.1015408036819156,1.0620382599259246,-0.2440559645360975,1.130303767206599,-0.8287474026039958,11.0,1.0,7.0,2023.0,15.0,13.0
1.0620174499023458,1.0933680247372093,1.0479656489597091,-0.1001208750600456,1.1159351656878245,-0.5767122745088876,12.0,2.0,7.0,2023.0,12.0,19.0
1.0476148665119511,1.0958665515899575,1.114516307048551,0.3815258646631916,1.1843624536463246,0.1226621759851388,13.0,3.0,7.0,2023.0,19.0,4.0
1.1143174653477224,1.0767744279072151,1.0444320959775666,0.2313884389121469,1.112468613660048,0.1344983400396519,14.0,4.0,7.0,2023.0,3.0,19.0
1.0441972006001357,1.0955574342416086,1.0420839569258482,-0.4686061651813478,1.1101391557554026,-1.0718110609002434,15.0,5.0,7.0,2023.0,1.0,0.0
1.0420922433346549,1.0845691599973522,1.0392194964428552,-0.4412221156927541,1.1072896421799896,-0.8976646001660512,16.0,6.0,7.0,2023.0,14.0,2.0
1.0391568824544797,1.0590328729233032,1.0328833830601036,-0.1850289920119088,1.1008644906132612,-0.6380242437420609,17.0,0.0,7.0,2023.0,5.0,18.0
1.032865001437712,1.0508542903316689,1.0151271999869187,-0.1905209590791278,1.0827243142684515,-0.6132710117682241,18.0,1.0,7.0,2023.0,1.0,16.0
1.0153785629440717,1.065892042355656,1.0186474257234936,-0.2453162323740846,1.0864315708336632,-0.8568860074566098,19.0,2.0,7.0,2023.0,4.0,15.0
1.0186426185330315,1.0560178672795368,1.011165910632073,-0.108280962519566,1.078824713177888,-0.7124657202793422,20.0,3.0,7.0,2023.0,6.0,18.0
1.0118855117189791,1.0620720500082694,1.018329568046319,-0.3080039848569789,1.0862505728017675,-0.9238096458751204,21.0,4.0,7.0,2023.0,18.0,0.0
1.0182405658355134,1.0576632831869957,1.0099253895584486,-0.4761107755460295,1.0776957996956469,-0.9114590805824478,22.0,5.0,7.0,2023.0,0.0,23.0
1.01096525633896,1.0625573942961657,1.0291182629249125,-0.4030620625609514,1.0975081206061896,-0.682899578313637,23.0,6.0,7.0,2023.0,19.0,0.0
1.0288520915149866,1.0115191039206046,0.9734166973618243,-0.0681125322986079,1.0403637793814304,-0.1971624856248035,24.0,0.0,7.0,2023.0,0.0,15.0
0.9734712101401476,1.0196209184643417,0.976514406138276,-0.3462961832849794,1.0436292080134344,-0.9370002846454676,25.0,1.0,7.0,2023.0,18.0,1.0
0.9763418199447318,1.0228756158401526,0.9843442163712942,-0.1710684822785074,1.051761320584493,-0.6973533395000617,26.0,2.0,7.0,2023.0,20.0,1.0
0.984197101665306,1.021955100914342,0.9754894208942816,-0.3189604203725812,1.0427412133065517,-0.7877727209454459,27.0,3.0,7.0,2023.0,9.0,18.0
0.975507705500845,1.023630174373136,0.982151593532833,-0.2946787765884426,1.0496721755655265,-0.844260111707021,28.0,4.0,7.0,2023.0,15.0,8.0
0.98208952929745,1.032375666406662,0.9844636226743876,-0.5515828048297645,1.0521268864601343,-1.077838154525102,29.0,5.0,7.0,2023.0,4.0,12.0
0.9843992412588308,1.0194355604360517,0.9794551181731176,-0.4324416954428304,1.0470742584525752,-0.8565791869268577,30.0,6.0,7.0,2023.0,15.0,20.0
0.9795660478687884,1.0239926781390956,0.9766813394527566,-0.2709063473545092,1.044312247164258,-0.8781114507800044,31.0,0.0,7.0,2023.0,0.0,20.0
0.9766554631722226,0.993988352023563,1.0040294797895355,0.0879040744324815,1.072505697938062,-0.2924992093343846,1.0,1.0,8.0,2023.0,23.0,15.0
1.0056912437685248,1.0122914890455854,0.9718851410519964,0.1389010674642965,1.0395537241322572,-0.2870203670329878,2.0,2.0,8.0,2023.0,1.0,16.0
0.9724185464849766,1.0131120280519226,0.9735249121185432,-0.2099670433748357,1.0413292882224454,-0.8254048901648642,3.0,3.0,8.0,2023.0,15.0,8.0
0.9731897197821536,1.0084236271811968,0.9671063245801992,-0.2503040139472991,1.0348045120218063,-0.8250990014376125,4.0,4.0,8.0,2023.0,13.0,20.0
0.9671164241271816,1.013005138246449,0.9651445725764488,-0.5452592993853118,1.0328760855031374,-1.066174556044314,5.0,5.0,8.0,2023.0,0.0,12.0
0.9651724017430646,1.013386839457724,0.965128003749986,-0.5088424179939453,1.032954398396165,-1.01938313743149,6.0,6.0,8.0,2023.0,21.0,16.0
0.9648540440374206,0.9982318870956968,0.9736415252793804,-0.1645270169852196,1.0417929046127272,-0.7311557543028737,7.0,0.0,8.0,2023.0,21.0,16.0
0.9735355559667508,1.022869491780594,1.00953813055811,0.0498389113188546,1.078780757211908,-0.2516339918387341,8.0,1.0,8.0,2023.0,21.0,2.0
1.009528662140709,1.0394971042195007,0.9970186067385888,0.0937144131909443,1.0660045392190598,-0.5715520285503549,9.0,2.0,8.0,2023.0,13.0,20.0
0.9970913906873056,1.0380837385952766,0.988923678749087,-0.2595945402615987,1.0577556845867375,-0.9023506701245814,10.0,3.0,8.0,2023.0,14.0,17.0
0.988559375671142,1.0317024156671892,0.9869673633445054,-0.3501797969980064,1.055833936575327,-0.962454471438872,11.0,4.0,8.0,2023.0,14.0,16.0
0.987018493064231,1.0382823665894323,0.9880873196408092,-0.5671714731215503,1.0570835167859878,-1.1003136319275513,12.0,5.0,8.0,2023.0,16.0,3.0
0.9880496130988696,1.032479441033063,0.9799219307657824,-0.5055833105773201,1.0487647265366165,-1.0404151303596432,13.0,6.0,8.0,2023.0,3.0,22.0
0.9798696662932438,1.0235201579337403,0.9876256908333376,-0.1430745962438266,1.0567911689540743,-0.7208754180174736,14.0,0.0,8.0,2023.0,16.0,2.0
0.987525369660177,1.0212912905968872,0.9730135970551544,-0.2175689986308616,1.0418629758178752,-0.8865779870286353,15.0,1.0,8.0,2023.0,15.0,19.0
0.9728640807853812,0.9968180854713968,0.9442572393028916,-0.0923317904095901,1.012379268216652,-0.7331824421980788,16.0,2.0,8.0,2023.0,2.0,23.0
0.9440739030913282,0.7886351824208238,0.8192309014946407,0.7847650809153778,0.8838510191038881,1.8159604889074008,17.0,3.0,8.0,2023.0,0.0,21.0
0.817462690283012,0.8050620599793612,0.7814883040530809,0.3999749362629934,0.8450942913547557,-0.0873578216691144,18.0,4.0,8.0,2023.0,0.0,17.0
0.7813733437150396,0.813501814735102,0.7843511060755627,-0.32651754546154,0.8481177401659671,-0.7505733635971026,19.0,5.0,8.0,2023.0,17.0,7.0
0.7843812674654125,0.8262676544633553,0.7900819154881364,-0.413018045197583,0.854100738539081,-0.940624704914612,20.0,6.0,8.0,2023.0,20.0,15.0
0.7900150791795708,0.816263540613615,0.7860656029169946,-0.1779021603197823,0.8500558793517092,-0.8250790890752603,21.0,0.0,8.0,2023.0,21.0,15.0
0.786460250284317,0.7956922948636932,0.7803897414697177,-0.1164916973929971,0.8442881730920749,-0.5857433845957107,22.0,1.0,8.0,2023.0,0.0,21.0
0.7809218428500484,0.8136655894477303,0.8049370356377038,0.0180942743097042,0.8696268714834834,-0.2185307862044808,23.0,2.0,8.0,2023.0,19.0,13.0
0.8049128553705842,0.8206158802326523,0.7884118835303748,-0.2050220301522042,0.8526981548507574,-0.567981557346117,24.0,3.0,8.0,2023.0,9.0,17.0
0.788480658217166,0.8125157750436225,0.7813724329877297,-0.2302686124864502,0.8455238517071407,-0.7384359685618627,25.0,4.0,8.0,2023.0,14.0,14.0
0.7813366719067146,0.8249754988516281,0.7789663189725504,-0.5758244709921906,0.8431188396260204,-1.0722345403328273,26.0,5.0,8.0,2023.0,2.0,12.0
0.7789443919641037,0.8237880642203786,0.7839515161653073,-0.5281528480688742,0.8483118111460326,-0.9956092008238046,27.0,6.0,8.0,2023.0,17.0,1.0
0.7839367007656608,0.81844562107949,0.7849614686208346,-0.3063760443831346,0.8494115428395025,-0.8793951776809817,28.0,0.0,8.0,2023.0,12.0,7.0
0.7847263417582149,0.8204706717475718,0.8844583920140024,0.6897170515991248,0.9519079266506392,0.9645641405263852,29.0,1.0,8.0,2023.0,16.0,10.0
0.8843354435024284,0.8935967442119205,0.8580611277976095,-0.0167047144146596,0.9248075631707235,-0.549653345785913,30.0,2.0,8.0,2023.0,0.0,15.0
0.8583131983863419,0.8103735121613872,0.7742413980040901,0.1914211770739557,0.8386053189401037,0.4204923748770961,31.0,3.0,8.0,2023.0,11.0,21.0
0.774390872133581,0.7856950073428222,0.7662172610714859,0.0298960377470848,0.8304245460217865,-0.4328511859669182,1.0,4.0,9.0,2023.0,12.0,17.0
0.7662243893464334,0.810383874937256,0.7703950003643841,-0.355320412790307,0.8348060023345799,-0.9770277912076608,2.0,5.0,9.0,2023.0,15.0,3.0
0.7704307977570903,0.8144264290821948,0.7765792841678261,-0.4170346099441832,0.8412540818473128,-0.9246220388447612,3.0,6.0,9.0,2023.0,20.0,16.0
0.7764859618016821,0.804309842018441,0.7669347403236666,-0.3238495605346579,0.8314022933145889,-0.7716897885197115,4.0,0.0,9.0,2023.0,3.0,22.0
0.7670862580462734,0.8000713479449318,0.7649442731843041,-0.3013897787718043,0.829420965911463,-0.92578816238365,5.0,1.0,9.0,2023.0,15.0,3.0
0.7651827218867087,0.7883347363635183,0.7633028790990968,-0.2114668257708852,0.8278003959500685,-0.643962256299375,6.0,2.0,9.0,2023.0,17.0,17.0
0.7629974828054538,0.8012228874907679,0.7931879036928284,-0.3017386816852405,0.8586461633041945,-0.389294362521751,7.0,3.0,9.0,2023.0,22.0,14.0
0.7934824783824004,0.8056030717000127,0.7726568574796431,-0.3164342168128544,0.8375767447316175,-0.468268072505992,8.0,4.0,9.0,2023.0,0.0,10.0
0.7726364902433402,0.8140131377837653,0.7720446515235917,-0.6058447863695119,0.8370251291747798,-1.0835834231136108,9.0,5.0,9.0,2023.0,16.0,13.0
0.7720097951035254,0.8032499267657879,0.7681505552425953,-0.474686923167386,0.8330930250623865,-0.8571343914534515,10.0,6.0,9.0,2023.0,22.0,19.0
0.7681143564510167,0.7583615825563641,0.7270584713246071,-0.111274876712681,0.7908525674166269,-0.2389608143271182,11.0,0.0,9.0,2023.0,6.0,20.0
0.7269444153688565,0.7711826822126971,0.7682190949480049,0.1087791614064441,0.833318655007598,0.1624400592365028,12.0,1.0,9.0,2023.0,16.0,1.0
0.768472612341923,0.8121560979715685,0.792459383315581,-0.1941450817648505,0.858361868498446,-0.598665165056698,13.0,2.0,9.0,2023.0,16.0,0.0
0.792443787449003,0.8368350647133462,0.8115671932374086,-0.1540486901659977,0.8781299630934281,-0.5994707105037625,14.0,3.0,9.0,2023.0,18.0,5.0
0.8111889808517536,0.8412134019669325,0.8158029374093647,-0.280508789966331,0.882595434844034,-0.6096219122473071,15.0,4.0,9.0,2023.0,23.0,15.0
0.8156295427472314,0.8559571306942082,0.8133228172539265,-0.5016709707676531,0.8801230442242897,-0.921634348103666,16.0,5.0,9.0,2023.0,2.0,10.0
0.8132815807782497,0.8541352263767604,0.8112304564076332,-0.5357220428595216,0.8780521140146018,-1.02647213515388,17.0,6.0,9.0,2023.0,11.0,1.0
0.8111384250703956,0.8522663052443129,0.8247377644777815,-0.0562063181169569,0.8920509743493023,-0.21975311432072,18.0,0.0,9.0,2023.0,13.0,0.0
0.825117593421702,0.869090162127582,0.8527741879385567,-0.1542476623635318,0.9210103084255078,-0.413919459294056,19.0,1.0,9.0,2023.0,15.0,0.0
0.8526872763925574,0.8806274619272638,0.847919117170343,-0.1828074184895511,0.916090578461941,-0.7044765804142872,20.0,2.0,9.0,2023.0,2.0,19.0
0.8477553767781985,0.850608794833179,0.813283025476512,-0.177908353361321,0.8804769753417756,-0.4660857061597681,21.0,3.0,9.0,2023.0,0.0,14.0
0.8130440662292782,0.8573254492584718,0.814015530542421,-0.3293756747619169,0.8813001281738989,-0.9702709170399828,22.0,4.0,9.0,2023.0,8.0,0.0
0.8139336385403266,0.8589053089013069,0.8140045515226794,-0.5015262186652111,0.8813718527040308,-1.0842769059965025,23.0,5.0,9.0,2023.0,18.0,4.0
0.8139838271385273,0.839970967749141,0.7942085544429365,-0.4587784366240526,0.8610531377049592,-0.7127247956016947,24.0,6.0,9.0,2023.0,18.0,23.0
0.7940080765715252,0.8267199947381342,0.7967648778921863,-0.2524087720404064,0.8637627038491758,-0.7905590658974233,25.0,0.0,9.0,2023.0,20.0,12.0
0.7965224406525759,0.8317302155830033,0.7917797173114735,-0.3615516567737691,0.8586984489957136,-0.9003797816719525,26.0,1.0,9.0,2023.0,3.0,15.0
0.7912916488177648,0.8330422845091432,0.8000935096806147,-0.2675654056412545,0.8673518327352746,-0.4970671501716453,27.0,2.0,9.0,2023.0,12.0,18.0
0.8002681373287098,0.8466901247299528,0.8411400669944684,-0.1395325229551575,0.9097375354054676,-0.2790710563563688,28.0,3.0,9.0,2023.0,16.0,3.0
0.8413136432058671,0.8716291383059086,0.8344000126270235,-0.3392636823007878,0.9028688950519506,-0.7118902511499929,29.0,4.0,9.0,2023.0,7.0,14.0
0.8343716413106413,0.8822008766635457,0.8378487243328602,-0.6139879917683023,0.9064997102926255,-0.9998473220221048,30.0,5.0,9.0,2023.0,15.0,2.0
0.8377893887429587,0.8870140657774959,0.90019124046821,-0.387671118614249,0.970843643170896,-0.1558290310644773,1.0,6.0,10.0,2023.0,22.0,0.0
0.8997170247746366,0.9112103107143972,0.8723924010394336,0.1703794093414808,0.942273043152697,-0.1335912075738948,2.0,0.0,10.0,2023.0,14.0,21.0
0.870971255699105,0.9028779655654658,0.866205867344207,-0.2844095970947978,0.9359880826064464,-0.77026246715391,3.0,1.0,10.0,2023.0,6.0,20.0
0.8661136916246354,0.9049078381319826,0.888877153899531,-0.2987530354033513,0.9594367164541768,-0.6487880872740194,4.0,2.0,10.0,2023.0,19.0,0.0
0.8887872496831319,0.9129688745800624,0.8653425626553254,-0.2589486390580434,0.9352486988036974,-0.5277611740731228,5.0,3.0,10.0,2023.0,14.0,17.0
0.86507363725708,0.9028495848179666,0.8979110954453755,-0.1713485106239966,0.9689209391477208,-0.2153513654525873,6.0,4.0,10.0,2023.0,21.0,13.0
0.8978754249837271,0.9442545948612177,0.8992761096092984,-0.5477174276510516,0.970423712115775,-1.0489237005055294,7.0,5.0,10.0,2023.0,9.0,0.0
0.8994028444103533,0.9360503348500012,0.8972048898064486,-0.4737474178660262,0.9683722835966848,-0.8603321135732226,8.0,6.0,10.0,2023.0,3.0,13.0
0.8971202287094157,0.9083508637362306,0.875638528269345,-0.2518753348965883,0.9462158101428868,-0.5582159185277337,9.0,0.0,10.0,2023.0,1.0,16.0
0.8759375616087963,0.908293527633618,0.8638148930155691,-0.3622104989953496,0.9341167132956186,-0.8062372723094365,10.0,1.0,10.0,2023.0,8.0,18.0
0.8638437446216743,0.8614709989754591,0.8320433456136381,-0.162903671790887,0.9014367796758724,-0.3318375141109841,11.0,2.0,10.0,2023.0,1.0,17.0
0.8320159722002597,0.8612953198065875,0.8248922715871447,-0.3936918596801844,0.8941470093673847,-0.8450998655106003,12.0,3.0,10.0,2023.0,2.0,17.0
0.8246285384883427,0.8693883707290582,0.8313716011410378,-0.0806143919202237,0.900908482607903,-0.8016520090434176,13.0,4.0,10.0,2023.0,21.0,17.0
0.8315810410273381,0.8774980344234629,0.8313305291813222,-0.6108995248727719,0.9009472485397448,-1.0461857900351308,14.0,5.0,10.0,2023.0,3.0,21.0
0.8310784844995756,0.8777071503122452,0.8496157475215727,-0.5181497477248789,0.919902702945755,-0.7406116476821729,15.0,6.0,10.0,2023.0,22.0,13.0
0.8497669606394055,0.8974703643875553,0.9330685602637832,0.6064896542243998,1.0060695928059635,1.014666293091764,16.0,0.0,10.0,2023.0,13.0,0.0
0.9331715733740824,0.9594138783405588,0.9267032739831684,-0.0964941711442858,0.9995956634316844,-0.7332658760375822,17.0,1.0,10.0,2023.0,17.0,4.0
0.9265108755373718,0.963464555930393,0.9213390401527128,-0.2130167405794671,0.994143042347554,-0.5435708962862597,18.0,2.0,10.0,2023.0,4.0,14.0
0.9215343719427712,0.9637007053596232,0.9453635460756952,-0.1195160850183097,1.019016772726065,-0.5419533962672543,19.0,3.0,10.0,2023.0,16.0,1.0
0.946099014813408,0.9904885499019784,1.0044723788360048,0.2649189353603695,1.0800839343934925,0.1591163711173914,20.0,4.0,10.0,2023.0,10.0,1.0
1.004417292439232,1.0461328063959288,1.0189228864494868,-0.2771780344026064,1.0950823453520009,-0.4920715008695783,21.0,5.0,10.0,2023.0,18.0,3.0
1.0188515002951746,1.0612161220842993,1.0235554499459176,-0.3365472438000227,1.0999556114269495,-0.7803089287401483,22.0,6.0,10.0,2023.0,6.0,7.0
1.0324732151149252,1.0850849820604405,1.2133345076951907,1.1775880635005638,1.2959014430564413,2.47604871568868,23.0,0.0,10.0,2023.0,22.0,1.0
1.2126372414315425,1.2610392787652662,1.2633697005013813,1.534002130723922,1.3476235156482856,0.5819665841250243,24.0,1.0,10.0,2023.0,2.0,0.0
1.2640946454584836,1.313412617388217,1.3002715942930876,0.4665823097586561,1.3858078740317612,-0.1072128527219788,25.0,2.0,10.0,2023.0,16.0,7.0
1.3001838659167766,1.3167770722351335,1.2790268108190896,0.1505370470962149,1.363988348684009,-0.3915001202769058,26.0,3.0,10.0,2023.0,3.0,17.0
1.278846860039938,1.2949363502262723,1.2638774037266884,-0.0126706995286034,1.3484540733456056,-0.5723057704574604,27.0,4.0,10.0,2023.0,7.0,18.0
1.263584181934235,1.3238888504512714,1.2749104307192969,-0.3520692692093367,1.35995407129125,-0.7943748177694682,28.0,5.0,10.0,2023.0,11.0,1.0
1.274728443244394,1.3284893406430425,1.302460149259355,-0.2978327066220235,1.3884874738528543,-0.5905503045889142,29.0,6.0,10.0,2023.0,18.0,4.0
1.3018681887143535,1.3388209318170357,1.30024359521202,0.0289196695507646,1.3863071828938298,-0.645341426882347,30.0,0.0,10.0,2023.0,14.0,17.0
1.299925598303398,1.3370718101938477,1.3103952219706403,-0.0484541705369768,1.3968957841567344,-0.7176620182924891,31.0,1.0,10.0,2023.0,21.0,8.0
1.3095698011162342,1.3425967141014723,1.3576184201121395,0.3142825054240196,1.445759764163454,-0.1808485378248818,1.0,2.0,11.0,2023.0,21.0,14.0
1.35768738566041,1.3571945271572168,1.326993745704358,0.235741271980358,1.4142413186930705,-0.0856270049564423,2.0,3.0,11.0,2023.0,2.0,16.0
1.3270669968756934,1.3402413498171026,1.314356473193841,0.0274876185111543,1.4012909623001055,-0.5954219485611975,3.0,4.0,11.0,2023.0,0.0,10.0
1.314419467030327,1.3707956495030829,1.335828363694494,-0.3845591753401585,1.4235783530197663,-0.7183776806638371,4.0,5.0,11.0,2023.0,23.0,5.0
1.3361186191811518,1.36937617318496,1.333812868136386,-0.2299052858777685,1.4216166053083898,-0.6443924178369187,5.0,6.0,11.0,2023.0,23.0,21.0
1.3333441441994065,1.3801955852199943,1.3330772484688156,-0.2146813895547051,1.420944396247722,-0.8102729087997512,6.0,0.0,11.0,2023.0,10.0,5.0
1.333528424549033,1.3663142872039322,1.3580055579308918,0.1184039643536829,1.4467847434696974,-0.2000093201650583,7.0,1.0,11.0,2023.0,20.0,12.0
1.35633149127612,1.4043755602182315,1.3709986526009552,0.0349147274463324,1.4603120446913305,-0.5760193295254441,8.0,2.0,11.0,2023.0,23.0,15.0
1.3694702430838983,1.4324671186000468,1.434692152378804,1.144997093989356,1.526191812393429,0.5013492464285371,9.0,3.0,11.0,2023.0,14.0,0.0
1.4350308144194086,1.4811925198090077,1.4727939505460086,0.3286549212922468,1.5656638579675632,-0.3969591920074498,10.0,4.0,11.0,2023.0,23.0,8.0
1.4723210102089817,1.5071728781513858,1.4619976576856075,-0.1479246343624656,1.5546302982528932,-0.7553623530998433,11.0,5.0,11.0,2023.0,0.0,22.0
1.46151836321495,1.5075174659008943,1.4568713331380678,-0.2769302256728799,1.549458488915756,-0.8821924826294207,12.0,6.0,11.0,2023.0,15.0,0.0
1.4576112346119996,1.483522398180602,1.4229846785459457,0.130497444670293,1.5145436423524248,-0.4925819756544494,13.0,0.0,11.0,2023.0,1.0,21.0
1.4221186555298346,1.3917745437350066,1.3637792677699947,0.3908179534339863,1.4534858649964923,0.0858255067720157,14.0,1.0,11.0,2023.0,8.0,18.0
1.364223421675805,1.419295690718281,1.5075674544083733,0.5811037938829007,1.6021383436879864,0.6853425826015768,15.0,2.0,11.0,2023.0,23.0,2.0
1.5072854128000788,1.4295188863256452,1.401652930682715,0.507426373936278,1.4928245791583752,0.4383516407225588,16.0,3.0,11.0,2023.0,0.0,19.0
1.402059143487656,1.4520123820396316,1.4287734506725958,0.3142150577403018,1.5209552662353163,-0.6198326567329687,17.0,4.0,11.0,2023.0,23.0,14.0
1.4303141389616,1.4730082985357569,1.4280996614413968,-0.258473032813639,1.5203681871430688,-0.7665564156614525,18.0,5.0,11.0,2023.0,16.0,7.0
1.427884291566366,1.4844703591099122,1.4772481233992414,-0.2026109527923666,1.5712869666678897,-0.4201047297542132,19.0,6.0,11.0,2023.0,23.0,14.0
1.4762477042771958,1.5140560323441952,1.4827965368344982,0.2297779495269053,1.5771417407090496,-0.5892182679115652,20.0,0.0,11.0,2023.0,17.0,14.0
1.4820812495859397,1.4464848815263929,1.3807280843935146,0.4621265150325735,1.47177687740793,0.0610379648996982,21.0,1.0,11.0,2023.0,2.0,23.0
1.3770114177434285,1.4374536826338056,1.4800583234357692,0.420097453145533,1.574539157795988,0.388220983603697,22.0,2.0,11.0,2023.0,21.0,0.0
1.4790918792425114,1.5166693221102412,1.471299632106892,-0.1321592553769379,1.5655963241800317,-0.6967076803257728,23.0,3.0,11.0,2023.0,10.0,15.0
1.471477195323476,1.538023447831144,1.4977295965571962,0.3401364824312352,1.593034122552075,-0.393918644930593,24.0,4.0,11.0,2023.0,15.0,0.0
1.4975572266475827,1.5605200140793811,1.502425147096867,-0.4096016203125426,1.5980129176451794,-1.0062219623439024,25.0,5.0,11.0,2023.0,20.0,11.0
1.5021840252460048,1.5317731012333815,1.4829294925725274,-0.1576588662077285,1.5779744980469952,-0.7444945357631467,26.0,6.0,11.0,2023.0,8.0,17.0
1.4811629655433942,1.5056845742209877,1.4691239275767929,0.1275259619692823,1.5638016754112438,-0.6354989829244457,27.0,0.0,11.0,2023.0,1.0,16.0
1.46851237595021,1.5145970830662745,1.504529828295882,0.2735974838311259,1.6005181130541355,-0.1678507601174728,28.0,1.0,11.0,2023.0,19.0,5.0
1.5039801725579434,1.5602174633216617,1.5062118283303647,0.2211183500202452,1.602356735148586,-0.6791663475427899,29.0,2.0,11.0,2023.0,8.0,15.0
1.5061282714102162,1.5550651600550496,1.4972672672213887,0.0794208884727607,1.5932115691331183,-0.7773670013916724,30.0,3.0,11.0,2023.0,4.0,15.0
1.4973483993649304,1.5612750663361976,1.5571651714731225,0.37212684568339,1.6552697321694134,-0.2854530340915479,1.0,4.0,12.0,2023.0,16.0,0.0
1.5569365607689405,1.625970445625704,1.6054998616197165,-0.0606160000815114,1.7053442561988674,-0.5080324264192625,2.0,5.0,12.0,2023.0,21.0,0.0
1.6049698979454117,1.666787378324834,1.636311578795046,-0.0478344858464711,1.7373345493344845,-0.6455954510166843,3.0,6.0,12.0,2023.0,23.0,3.0
1.636039258853011,1.7098104805527423,1.7591579123263716,1.2585398061841169,1.864487644568844,0.3551794943870527,4.0,0.0,12.0,2023.0,22.0,0.0
1.7592093808570437,1.8010154686077853,1.8880701820071304,1.0663254539874156,1.997919692820492,0.6476799514666859,5.0,1.0,12.0,2023.0,22.0,7.0
1.887663294493388,1.931067598747985,1.8675599126707052,0.7190792934294324,1.9768246168771528,-0.7322579663952051,6.0,2.0,12.0,2023.0,14.0,11.0
1.86858973925336,1.893294290937952,1.8397110176484543,0.5957444570639562,1.9481305032583964,-0.5075360361057332,7.0,3.0,12.0,2023.0,4.0,9.0
1.8393869804857863,1.9087622647128848,1.8933451642953696,0.421392025095483,2.0037192411019014,-0.2497678306587879,8.0,4.0,12.0,2023.0,21.0,10.0
1.8937981748779624,1.94052091971826,1.8663042947230997,0.0388640035020732,1.975887020015028,-0.7649758193090802,9.0,5.0,12.0,2023.0,5.0,23.0
1.8660898404194268,1.9383514145358247,1.869600609146453,-0.1980282103697274,1.9794214171189857,-0.9336540620019732,10.0,6.0,12.0,2023.0,21.0,23.0
1.8699938625180468,1.7259932083850371,1.7139726934490689,1.3006570744633417,1.8185771054104145,0.918401914537056,11.0,0.0,12.0,2023.0,0.0,19.0
1.713347734136888,1.7533691137493674,1.7266389369494202,0.4408307289100947,1.831807148462146,-0.3279463291229362,12.0,1.0,12.0,2023.0,8.0,18.0
1.727442012611035,1.7539575164480747,1.815044664048292,0.5503006323355157,1.9233804205297311,0.5241766384488403,13.0,2.0,12.0,2023.0,22.0,4.0
1.814302327112347,1.8228881420683871,1.8232211674012235,0.4841665836391076,1.9319765940533276,-0.214456179575715,14.0,3.0,12.0,2023.0,17.0,13.0
1.8231361107447368,1.8182016574387223,1.7560684412406509,0.1620486781798696,1.8626404920858284,-0.3555131361658275,15.0,4.0,12.0,2023.0,0.0,15.0
1.756232431146929,1.8201076384991923,1.7751155146144082,-0.1228423604887525,1.882468437609832,-0.6134329012332291,16.0,5.0,12.0,2023.0,16.0,0.0
1.7745375181854777,1.7917462621657498,1.721388282946788,0.0014672421879253,1.827011615615589,-0.5297862813923342,17.0,6.0,12.0,2023.0,17.0,23.0
1.720063729991656,1.7446879449024704,1.7986462474334557,0.4649727744764636,1.9070893507229127,0.1766374412607263,18.0,0.0,12.0,2023.0,21.0,10.0
1.7994092604066456,1.8266339541328236,1.7769816190367358,0.3535895989796064,1.884818210782589,-0.2670607013901741,19.0,1.0,12.0,2023.0,2.0,17.0
1.776083055709405,1.8517652781536384,1.8617789896534676,0.6083896626868354,1.9726873784141452,0.0622715655040893,20.0,2.0,12.0,2023.0,15.0,2.0
1.8611659115748,1.9217083074693877,1.8750904432389104,0.3146347289535735,1.9865966836665787,-0.6547437347655695,21.0,3.0,12.0,2023.0,13.0,2.0
1.874715948014412,1.928784287749094,1.8829919633569616,0.2373870739374093,1.9949164644571988,-0.6483896571528341,22.0,4.0,12.0,2023.0,6.0,14.0
1.8835021363404,1.9230552188687435,1.867136256766036,-0.1705129928737323,1.9786550361928128,-0.8041229745419844,23.0,5.0,12.0,2023.0,0.0,4.0
1.86608876736876,1.8873679548514235,1.8227391397368988,0.1181770530791763,1.932854190638257,-0.5088697374248818,24.0,6.0,12.0,2023.0,4.0,22.0
1.8220515648344695,1.886030928175465,1.859378988659104,0.2421215326903088,1.9709023396002283,-0.5933248254157654,25.0,0.0,12.0,2023.0,13.0,0.0
1.8582040565499536,1.8171598115850296,1.79231666212229,0.7254298632241029,1.9016003895188665,-0.0506254317240607,26.0,1.0,12.0,2023.0,0.0,17.0
1.7918605505586649,1.8482097919237463,1.8489283126426208,0.4669415222350529,1.9603221004124889,-0.2719188650443347,27.0,2.0,12.0,2023.0,22.0,3.0
1.8501272483917128,1.857754759980517,1.7989110749540458,0.3438861631857196,1.9086450651254503,-0.3095700192046748,28.0,3.0,12.0,2023.0,0.0,16.0
1.7977609892504025,1.8011996627262232,1.7664796490574173,0.507026956311521,1.8752059241232657,-0.1617653651078297,29.0,4.0,12.0,2023.0,14.0,22.0
1.765681175702576,1.8095559765538485,1.7700083663263524,-0.0345882200285244,1.878977773949116,-0.56260825037949,30.0,5.0,12.0,2023.0,16.0,9.0
1.7693834413891072,1.8375038158772103,1.7766538694007763,-0.0137844040608052,1.8859994029267395,-0.6650181462372641,31.0,6.0,12.0,2023.0,9.0,2.0
1.7772447421661082,1.8512062885039924,1.8933899389272464,0.0962883478517188,2.006990355876947,0.0057796073620286,1.0,0.0,1.0,2024.0,23.0,6.0
1.894234876016734,1.9752544427064505,1.9419121119099452,1.230290212427563,2.0573581684826627,-0.1853549371887916,2.0,1.0,1.0,2024.0,9.0,0.0
1.941748896388852,1.762598433927328,1.8124324116892565,1.610331040359388,1.9234200617643369,1.5061747248424044,3.0,2.0,1.0,2024.0,9.0,12.0
1.8125570228943972,1.8803028151631795,1.8941626881199944,0.7482766414519841,2.008211561746609,0.0708623016523427,4.0,3.0,1.0,2024.0,22.0,1.0
1.894593143976785,1.88722888313674,1.8931052654810283,0.8506726166218613,2.0072391752713306,-0.2758432486412253,5.0,4.0,1.0,2024.0,23.0,1.0
1.8937327542584457,1.930882669341564,1.8824575886696544,-0.0303264161402771,1.996336375654425,-0.7539364553383429,6.0,5.0,1.0,2024.0,0.0,7.0
1.8826595201066176,1.9427105347295053,1.879628588764388,0.1452965925522668,1.9935134316679528,-0.7045285909922249,7.0,6.0,1.0,2024.0,14.0,23.0
1.8796068690982712,1.9162726847005025,2.0654227592635217,1.415287916890818,2.186057255291825,1.1466447211486626,8.0,0.0,1.0,2024.0,21.0,2.0
2.0660478648187635,2.0427651548129946,2.0144376485701567,1.2566502546067972,2.133387653609588,0.2649593762427898,9.0,1.0,1.0,2024.0,21.0,21.0
2.0129119750582976,1.994614333697707,2.044389573638917,1.8149284919416453,2.164538097588082,0.5815957119467229,10.0,2.0,1.0,2024.0,23.0,13.0
2.0457060356481795,2.07020091853243,2.028482655769395,1.582746755958805,2.1482220926453834,0.6315436032039825,11.0,3.0,1.0,2024.0,14.0,6.0
2.0272222631401604,1.831529913335591,1.8127387142339093,1.4470982518161446,1.9248815391715517,1.3717246091049602,12.0,4.0,1.0,2024.0,0.0,22.0
1.8090987823698117,1.866960137956181,1.812076863238879,0.2142472796154721,1.924333222631752,-0.7288012435614758,13.0,5.0,1.0,2024.0,8.0,3.0
1.8117256518619311,1.8202024941438864,1.7478761321000749,0.0471741512587501,1.85793291395111,-0.384432264252139,14.0,6.0,1.0,2024.0,9.0,23.0
1.742571168787478,1.8189888420146252,1.791799073908242,0.307445861477257,1.903535943789693,-0.1928497469175301,15.0,0.0,1.0,2024.0,18.0,0.0
1.790686848272902,1.8430513264049384,1.831259035394712,0.4019619719573233,1.9445374399308932,-0.2930120384016481,16.0,1.0,1.0,2024.0,21.0,14.0
1.8295073731694085,1.8495835103499865,1.80595639634961,0.2277724590526375,1.918420533737777,-0.5942642542234294,17.0,2.0,1.0,2024.0,1.0,17.0
1.8055935108875376,1.7510682263267874,1.7150911787094698,0.4646319080729188,1.8243857076573091,0.1653057033925825,18.0,3.0,1.0,2024.0,8.0,20.0
1.715784944767846,1.7299688421259494,1.7369605900434355,0.4935971376474193,1.8471615457199877,-0.0427215634009649,19.0,4.0,1.0,2024.0,20.0,17.0
1.7370202988865606,1.8026388460480227,1.739855907586734,-0.2747078724636881,1.85028088762771,-0.9268334244598232,20.0,5.0,1.0,2024.0,21.0,0.0
1.7398976220769464,1.805811952748611,1.7325036086430496,-0.3963421828779431,1.8427797004291255,-0.9723228579495802,21.0,6.0,1.0,2024.0,14.0,23.0
1.7326682955188113,1.676394819780256,1.6074045367088952,0.7965809728060022,1.713260604019643,0.1767417357483726,22.0,0.0,1.0,2024.0,1.0,19.0
1.607823201340145,1.6177066673444422,1.628159045075041,0.6830004220703219,1.7348948338739774,-0.142946284433315,23.0,1.0,1.0,2024.0,4.0,14.0
1.6298407946770972,1.6801049001523625,1.6423677352159254,0.3095776777901814,1.749739864666342,-0.5618559774160645,24.0,2.0,1.0,2024.0,10.0,20.0
1.6419854044793358,1.6824357971666608,1.6335754205922235,0.0998030947644937,1.7407757191158255,-0.7369838021576932,25.0,3.0,1.0,2024.0,11.0,17.0
1.6334740722845749,1.700140891054571,1.7491405685819572,0.4852290697189632,1.8606953029716569,0.3506889435187726,26.0,4.0,1.0,2024.0,20.0,1.0
1.748740516055474,1.8016561086752232,1.7677471728279877,-0.2835891144505607,1.8801272047291036,-0.7216513023895178,27.0,5.0,1.0,2024.0,22.0,9.0
1.7677900071069457,1.818450787929746,1.7625636764079935,0.0112444697043186,1.8748934834579964,-0.5186336321669459,28.0,6.0,1.0,2024.0,5.0,20.0
1.7619487588906655,1.8261278874438651,1.839439826176768,0.2178603331228623,1.954724322529552,-0.2784867829014515,29.0,0.0,1.0,2024.0,23.0,14.0
1.839822150906323,1.882591462064024,1.818841518510112,0.3900266888175456,1.9334959076944165,-0.520642997551073,30.0,1.0,1.0,2024.0,12.0,23.0
1.8181053843895896,1.8565154184924983,1.7961342231794737,0.4350875074174425,1.9100720205713009,-0.3396779860290104,31.0,2.0,1.0,2024.0,18.0,21.0
1.795007410868626,1.8299757651466888,1.8264003342480195,0.2588350998188616,1.941580996800548,-0.3652555918925325,1.0,3.0,2.0,2024.0,19.0,1.0
1.8261661354648653,1.8745595503296284,1.833156324782387,0.1058809411861127,1.9487509165801375,-0.6911532265552172,2.0,4.0,2.0,2024.0,16.0,13.0
1.832750583087296,1.8939364508842496,1.821274342776236,-0.2973488453878004,1.9365683666199944,-0.9136974311443476,3.0,5.0,2.0,2024.0,0.0,15.0
1.8210925209589464,1.861313449594276,1.796194153610424,-0.1003071369791984,1.910689379038304,-0.7596574868435839,4.0,6.0,2.0,2024.0,12.0,22.0
1.7954897255145188,1.854357516938228,1.8008020627367023,0.1119361844660376,1.9156020491709835,-0.4472450325213481,5.0,0.0,2.0,2024.0,13.0,1.0
1.8003835644300568,1.8710621416869373,1.8269463661344103,0.0079634085020248,1.9428610054354467,-0.7001670493083039,6.0,1.0,2.0,2024.0,16.0,1.0
1.826925788903944,1.8866750345538932,1.902650433886128,0.2427068796251393,2.021521903038758,-0.2538644487990553,7.0,2.0,2.0,2024.0,21.0,3.0
1.9031299223847769,1.985065579443098,1.962998897055898,0.5154067266209489,2.084251859953113,-0.4684949281084197,8.0,3.0,2.0,2024.0,20.0,0.0
1.9623493444184423,2.043783692595736,2.0762668508410798,1.2292866289011308,2.201895512750573,0.4581847341990469,9.0,4.0,2.0,2024.0,18.0,0.0
2.076225335068593,2.1477590072366626,2.114566938008408,-0.0137202547679943,2.241773507157862,-0.5135414678704089,10.0,5.0,2.0,2024.0,20.0,10.0
2.1139830735129124,2.192781357230421,2.146641717557079,0.1444989447558695,2.2751803086302846,-0.6970615811421706,11.0,6.0,2.0,2024.0,4.0,1.0
2.1463405497126278,2.2008967504256027,2.248781542529656,0.9686898223015216,2.3813195175478787,0.164122542059679,12.0,0.0,2.0,2024.0,21.0,10.0
2.2472611950470083,2.24267253732144,2.235538760364966,1.027323508806148,2.3677227350536154,-0.1828676485337626,13.0,1.0,2.0,2024.0,1.0,17.0
2.2345053530139034,2.298965064926849,2.363451087606772,1.2178338064878529,2.500585247800133,0.2236952746908554,14.0,2.0,2.0,2024.0,14.0,4.0
2.363546938509516,2.430146581389763,2.3703160412039432,1.188478200896728,2.507871414260076,-0.4714006447607445,15.0,3.0,2.0,2024.0,14.0,22.0
2.3697398964098597,2.4472012016602456,2.3839186575652125,0.625293097835436,2.5221254255405183,-0.7479642727085898,16.0,4.0,2.0,2024.0,14.0,9.0
2.383479327172193,2.3857643885815336,2.353404654691618,0.1820972816973078,2.490617052828094,-0.4392646058208119,17.0,5.0,2.0,2024.0,0.0,14.0
2.352821987131157,2.4214265081085995,2.3816075956947094,0.051184852544843,2.5200147714556413,-0.631961632184596,18.0,6.0,2.0,2024.0,23.0,2.0
2.3818312437092826,2.451655614962813,2.360532788968017,0.2554849151911292,2.498283815602634,-0.8117943442531365,19.0,0.0,2.0,2024.0,7.0,21.0
2.359923861163701,2.393518613524683,2.391569795700431,0.9058711117672766,2.530642497495122,-0.1183104507755911,20.0,1.0,2.0,2024.0,13.0,17.0
2.390342049806977,2.385896530554216,2.3642172731097526,0.649392721789565,2.502405082417286,-0.3542765630857783,21.0,2.0,2.0,2024.0,0.0,19.0
2.364642765280842,2.4019897955974567,2.3314326307146045,0.4752375807490771,2.468518531232519,-0.6539982544544629,22.0,3.0,2.0,2024.0,20.0,13.0
2.329627351356711,2.3789427352388586,2.296265637084415,0.2590045625925388,2.432171517002572,-0.7222910524467362,23.0,4.0,2.0,2024.0,1.0,23.0
2.2960356534374853,2.380439301306685,2.347765156428357,-0.0801390037148004,2.4857760457003,-0.6341977916892048,24.0,5.0,2.0,2024.0,18.0,2.0
2.346886002609044,2.426007963908166,2.3577154129398656,-0.0671676246228104,2.4962788162282044,-0.8716694756018025,25.0,6.0,2.0,2024.0,20.0,16.0
2.357028794008871,2.4022893754141883,2.52888860280408,0.9449571553410138,2.674116014980864,0.8110185016316734,26.0,0.0,2.0,2024.0,20.0,9.0
2.528125362909236,2.6269427438421324,2.686180083391083,1.7955235331543815,2.8375631043990457,0.2554798420917998,27.0,1.0,2.0,2024.0,19.0,0.0
2.684676490618032,2.769468780820417,3.018773855202336,3.09610697611805,3.1830363177218595,2.060648759829346,28.0,2.0,2.0,2024.0,17.0,2.0
3.017693946763073,3.007218681051428,2.9385986958065087,2.64920092400033,3.0999625236665684,0.0840678239504074,29.0,3.0,2.0,2024.0,6.0,18.0
2.936028666835381,3.026426544232541,3.01483650863051,1.276450934971935,3.1793130835176617,-0.1989993457451344,1.0,4.0,3.0,2024.0,20.0,3.0
3.013550968800625,3.0804699252589867,2.9896262272398064,0.3925031020311134,3.1532976925147853,-0.862596965854002,2.0,5.0,3.0,2024.0,0.0,14.0
2.989006098263438,3.066416934369596,3.059436965401268,0.5207917690639384,3.225991567871664,-0.4455664464063218,3.0,6.0,3.0,2024.0,22.0,7.0
3.056824913641035,3.126576349719851,3.3762970097228293,2.9298151846342786,3.5551974731800757,1.327758351774195,4.0,0.0,3.0,2024.0,23.0,0.0
3.376097905013286,2.9329391736665,3.098335426662537,3.09610697611805,3.2651606929859502,2.53629790401997,5.0,1.0,3.0,2024.0,15.0,19.0
3.0960309635666663,3.1557965414054734,3.239832186584464,2.825667145303738,3.413435255431587,0.7497221677972175,6.0,2.0,3.0,2024.0,8.0,3.0
3.2385912940255537,3.333263821821637,3.290075231141988,1.645434270665898,3.467116219991958,-0.2647684433396989,7.0,3.0,3.0,2024.0,17.0,1.0
3.290024877076369,3.369613702380169,3.374436253190468,2.3078482721741285,3.5540952975670512,0.29547760400389,8.0,4.0,3.0,2024.0,15.0,16.0
3.3735335594993066,3.48485440746756,3.386635878604225,0.2689067139543156,3.56714246844544,-0.9599675087863104,9.0,5.0,3.0,2024.0,7.0,2.0
3.385864839326771,3.496668550937424,3.41860422137959,1.0322550596457565,3.600459761003626,-0.5276695931817644,10.0,6.0,3.0,2024.0,10.0,22.0
3.417785304620734,3.4305912066958557,3.609106272079551,2.661135485759604,3.798666765671185,0.9270968993374502,11.0,0.0,3.0,2024.0,19.0,0.0
3.6082533730733215,3.5275781962024086,3.569668684012054,2.489626248204486,3.75788605817642,0.2759684034344115,12.0,1.0,3.0,2024.0,14.0,17.0
3.568804507948029,3.6922975159531584,3.667997523441477,1.71176570243396,3.8599527376936114,-0.3605374518302051,13.0,2.0,3.0,2024.0,8.0,0.0
3.6667975127166095,3.5170932953723817,3.5644704756410985,2.3290942092248663,3.7523146471259294,0.6431132174386781,14.0,3.0,3.0,2024.0,7.0,19.0
3.563022568328297,3.331693275417518,3.442169703884279,3.09610697611805,3.6252593713946335,1.2451070528329942,15.0,4.0,3.0,2024.0,0.0,9.0
3.4406039938171005,3.279259874711536,3.191245852119644,1.637442741178378,3.365535336447965,0.7623565168336272,16.0,5.0,3.0,2024.0,0.0,23.0
3.190529249822728,3.2630690692176243,3.3799919714345017,1.522171139523758,3.560535997548357,0.5100330350702235,17.0,6.0,3.0,2024.0,22.0,7.0
3.377953735994506,3.3926140187841645,3.328315869043573,1.768662554140036,3.5087487062346656,-0.3227502871591438,18.0,0.0,3.0,2024.0,5.0,17.0
3.3279420028608686,3.0728126967221834,2.982441373319993,3.09610697611805,3.1501506115915143,1.323827387927201,19.0,1.0,3.0,2024.0,0.0,23.0
2.982783674294262,3.026759088908221,3.350721197982327,2.719493212230037,3.5318372186130365,1.8607256330533335,20.0,2.0,3.0,2024.0,22.0,5.0
3.3497493226882327,3.265319835928988,3.2020638275588555,1.5093433588137544,3.377552649466255,0.1850595131415205,21.0,3.0,3.0,2024.0,0.0,20.0
3.2011787468252204,3.124606939041044,3.096958573327021,1.3423351708020266,3.270115397618193,0.4928523374529372,22.0,4.0,3.0,2024.0,6.0,21.0
3.0976672232525444,3.167798238960163,3.11435348923021,0.4386311327431496,3.2874105165468035,-0.0025454182785122,23.0,5.0,3.0,2024.0,17.0,3.0
3.1141110972532964,3.217580041167872,3.309019720924624,0.5724697619085849,3.489424564213812,0.3396713222560153,24.0,6.0,3.0,2024.0,23.0,4.0
3.3081849745468115,3.381271356111037,3.4762330414928067,1.4127901709158597,3.661663082059188,0.633714041996278,25.0,0.0,3.0,2024.0,20.0,2.0
3.473662206002518,3.565941239207441,3.478014347658545,1.0499612401064395,3.665728755684033,-0.3802694453443783,26.0,1.0,3.0,2024.0,7.0,14.0
3.477378236027977,3.5056432239883923,3.4453345420717456,1.3112029727479804,3.631525524927905,0.0429124761533272,27.0,2.0,3.0,2024.0,13.0,18.0
3.4443024431937985,3.538114900067967,3.5244789626824877,0.961254742125178,3.714173487844342,-0.2067173458218726,28.0,3.0,3.0,2024.0,15.0,2.0
3.523569278014893,3.549568261737672,3.4721835212732506,0.4653095725481022,3.660061344975064,-0.5227711732399232,29.0,4.0,3.0,2024.0,1.0,15.0
3.471338109932416,3.5827247719641755,3.4569928280986955,0.0259573332555743,3.644605351252165,-0.915494568933602,30.0,5.0,3.0,2024.0,5.0,23.0
3.456266341786775,3.58422978442942,3.560607678937559,0.184367117254191,3.75236425210127,-0.5432418333851177,31.0,6.0,3.0,2024.0,23.0,0.0
3.559685789420619,3.488494390840464,3.4604811622195584,0.98829872717922,3.648658162790063,-0.0218885180901322,1.0,0.0,4.0,2024.0,0.0,16.0
3.4597783881248385,3.265678806823744,3.199338002471956,1.8469623115572409,3.3771132262552674,0.707848490984263,2.0,1.0,4.0,2024.0,0.0,13.0
3.198524912517105,3.2639910239524927,3.232099829836665,0.9673899020079668,3.411064415676535,-0.263384600579809,3.0,2.0,4.0,2024.0,14.0,0.0
3.23098103087997,3.299011804092648,3.3872471646059026,0.9647599028834144,3.573363521800151,0.4447356726745964,4.0,3.0,4.0,2024.0,18.0,4.0
3.3868156794561,3.355768892470104,3.3460551483491496,0.9272660525531304,3.530480070650474,-0.1690998760773444,5.0,4.0,4.0,2024.0,0.0,12.0
3.345392782545612,3.449358583716285,3.4110141071743665,0.1798570144677612,3.5981320548051925,-0.3789193793611501,6.0,5.0,4.0,2024.0,23.0,2.0
3.4102122409710804,3.535340841599101,3.43963996685662,0.2469559416761607,3.628071891878666,-0.6564658813676444,7.0,6.0,4.0,2024.0,16.0,0.0
3.438767548926297,3.548783669445201,3.578878309715045,1.1178113890261976,3.7731966877513368,0.1681527832121195,8.0,0.0,4.0,2024.0,12.0,0.0
3.578030789374881,3.4949575811877263,3.425921425209351,1.072548918347171,3.61431134353107,0.081019360764894,9.0,1.0,4.0,2024.0,0.0,17.0
3.425128439093964,3.450107838163432,3.514839295301878,1.1751489994806072,3.7061712659860495,0.1495951553839602,10.0,2.0,4.0,2024.0,22.0,13.0
3.5131970392839,3.5808754000741008,3.4824801853032548,0.7322925686796408,3.673524139289113,-0.5769427910988917,11.0,3.0,4.0,2024.0,7.0,15.0
3.481641081244959,3.307929089884452,3.306668718925072,1.490303420469791,3.490269231751034,1.0109272436389969,12.0,4.0,4.0,2024.0,4.0,18.0
3.3053799440212197,3.033797443006882,3.099579800210595,1.9643580171700623,3.276463306060755,1.5078163871397934,13.0,5.0,4.0,2024.0,4.0,20.0
3.099723081883548,3.115153483761861,3.2172429023502254,1.7590485454061482,3.398145357045181,0.2729632351777943,14.0,6.0,4.0,2024.0,23.0,3.0
3.2164990362547257,3.123133883278667,3.075322153780632,1.461374429831755,3.250224851385476,0.5960322668730788,15.0,0.0,4.0,2024.0,9.0,19.0
3.074143873743985,3.0842074553639907,3.09899003058337,1.4207840741923323,3.276774768013884,-0.1172859605372982,16.0,1.0,4.0,2024.0,21.0,10.0
3.0994540821394985,2.9610545306134344,2.9434046627031747,1.3702200100069648,3.1136896128499267,0.7190214976604827,17.0,2.0,4.0,2024.0,5.0,16.0
2.9426087264699805,3.0283835763485363,3.080633393268273,1.049737239743882,3.256633809096705,0.1963805453075225,18.0,3.0,4.0,2024.0,15.0,6.0
3.079754519788472,2.953644575492029,3.100935763836681,1.8043963358619288,3.278570182435919,1.1823046246501776,19.0,4.0,4.0,2024.0,12.0,2.0
3.10063525832674,3.176264912408685,3.1715656339241023,0.3496023281735265,3.351582525476318,-0.2743222543404524,20.0,5.0,4.0,2024.0,17.0,1.0
3.1706805208523674,3.24614994654672,3.167404888884669,0.2090830766005904,3.3474513892669893,-0.6190435787230333,21.0,6.0,4.0,2024.0,3.0,16.0
3.167172269190012,3.263249926591844,3.2846864414203845,0.6308317396255253,3.469753474263058,-0.1239032784148088,22.0,0.0,4.0,2024.0,23.0,2.0
3.2840002883107093,3.3464991823656707,3.258272200161283,0.4154183094039558,3.44223611429358,-0.6780235686014002,23.0,1.0,4.0,2024.0,1.0,12.0
3.2575474997064724,3.202659831832292,3.127529491356244,0.738978473652193,3.306137689292312,0.1642013123749681,24.0,2.0,4.0,2024.0,5.0,20.0
3.1266431636068788,3.151684419801717,3.140098790724048,0.8408968144672664,3.3196722888489987,-0.1911417481685287,25.0,3.0,4.0,2024.0,21.0,13.0
3.139548244599059,3.18574857333548,3.0955199673289235,0.4061111087932627,3.272845070625983,-0.6057805035146625,26.0,4.0,4.0,2024.0,14.0,16.0
3.094493433188466,3.1289917380583017,3.074888334758136,0.1561553242956171,3.2520166404045963,-0.5963996989869383,27.0,5.0,4.0,2024.0,0.0,1.0
3.074402494413387,3.1523145001220283,3.056114433422904,0.0370534564994116,3.2318455256474783,-0.5711600952317198,28.0,6.0,4.0,2024.0,3.0,23.0
3.0549450946236245,3.089205795057708,3.100785507441614,0.5415157351678827,3.278756775847505,-0.2185759355325168,29.0,0.0,4.0,2024.0,23.0,13.0
3.0999186701380967,2.920051087042721,2.904137407598281,1.1492366689994966,3.0725040757664672,1.0698899796236223,30.0,1.0,4.0,2024.0,0.0,20.0
2.9017602706173564,2.757890156150665,2.75790026532686,1.7240906844465864,2.922101464728944,0.6103174682406233,1.0,2.0,5.0,2024.0,0.0,8.0
2.757230393220586,2.7820368839390506,2.811257383999941,0.8710539999505688,2.977728248219937,-0.0102364499497583,2.0,3.0,5.0,2024.0,21.0,1.0
2.8105194904336024,2.902868986775034,3.042404514824105,0.8960143514030693,3.2185223591796435,0.7639169476314116,3.0,4.0,5.0,2024.0,23.0,0.0
3.041734195703842,3.1400330864201367,3.103875694565444,0.2152570369797718,3.2825963281251456,-0.4144578597684487,4.0,5.0,5.0,2024.0,11.0,2.0
3.103172419009,3.1625386652506444,3.112446729065245,0.0891934172792679,3.292001616166057,-0.5239790662785108,5.0,6.0,5.0,2024.0,15.0,1.0
3.1121209636174942,3.1493200872658464,3.059104329715909,0.653353193673929,3.2361400395285163,-0.0834636495515164,6.0,0.0,5.0,2024.0,8.0,19.0
3.0584052323992776,3.1202196392419843,3.008342610340334,0.5032688752003038,3.18317815324991,-0.3321766488258633,7.0,1.0,5.0,2024.0,8.0,23.0
3.007476624471225,3.0311432929906834,2.9379578931582206,0.5118080052872331,3.110322149375016,-0.3188245778442104,8.0,2.0,5.0,2024.0,4.0,23.0
2.937448208634787,3.016661197537177,3.052231356183975,0.4773765525346708,3.229513537039785,-0.0282840706944257,9.0,3.0,5.0,2024.0,22.0,11.0
3.0518055758668123,2.988886312029813,2.9137063381532773,0.6049210220499361,3.085078943450592,0.1348255175963242,10.0,4.0,5.0,2024.0,12.0,17.0
2.913040177132028,3.006832680534712,2.9137635853459805,-0.1523720181062578,3.085182483470396,-0.7867077698638527,11.0,5.0,5.0,2024.0,15.0,11.0
2.9130490741317607,3.015682899747198,2.953942110032568,-0.1546398575340914,3.127300749890733,-0.6899994429573945,12.0,6.0,5.0,2024.0,16.0,7.0
2.953400528363065,3.024359952090767,3.043117073065802,0.6094892083280263,3.2200247775709694,-0.077057878408711,13.0,0.0,5.0,2024.0,16.0,3.0
3.0423319650533496,3.046737342003349,2.9603489396454923,0.6256024777574072,3.13403959723085,-0.3846250717803834,14.0,1.0,5.0,2024.0,0.0,14.0
2.959705635267557,3.059802547406629,3.24969377405338,1.2563181120702764,3.434625256057351,0.9607776865640804,15.0,2.0,5.0,2024.0,23.0,0.0
3.2481847338385696,3.26735188243148,3.1861191125323987,0.8092924748328054,3.3692258042083334,-0.3744563619194323,16.0,3.0,5.0,2024.0,12.0,17.0
3.185311594487784,3.299360714289786,3.297831987290856,0.6171961751680454,3.4865977093825142,-0.2659770978358287,17.0,4.0,5.0,2024.0,15.0,1.0
3.297884995946872,3.396993455964489,3.291015505405606,0.0032882217319975,3.478666652046928,-0.9155249715705284,18.0,5.0,5.0,2024.0,11.0,15.0
3.29001485169039,3.351071078687614,3.250361402967988,0.1408774037888587,3.436459321720068,-0.5152266704567693,19.0,6.0,5.0,2024.0,10.0,19.0
3.2495732782853826,3.360491550332308,3.5676375324186624,1.475190641232221,3.7666385578163744,0.913905563328601,20.0,0.0,5.0,2024.0,23.0,1.0
3.5664085353803365,3.556805724183754,3.487139722829218,1.6423136310619595,3.6831551521474974,-0.1962524701494429,21.0,1.0,5.0,2024.0,0.0,19.0
3.486177301995,3.543311220812071,3.4248979556147017,0.8759759017587622,3.618444928155765,-0.5872480964137918,22.0,2.0,5.0,2024.0,16.0,21.0
3.4239665951606124,3.377611911472461,3.3516963803183053,1.3691588064076723,3.542247951867217,0.1853506107331778,23.0,3.0,5.0,2024.0,12.0,20.0
3.3507644592929973,3.3944120664050907,3.38830617420319,0.6804380039682766,3.580682567397645,-0.2046984637743974,24.0,4.0,5.0,2024.0,20.0,8.0
3.3875008431520075,3.514108769372509,3.4337110267439908,-0.0639224934922884,3.627918707968107,-0.7931175261711236,25.0,5.0,5.0,2024.0,11.0,0.0
3.4327386792848267,3.4931223460915826,3.387814728856696,-0.055496135255897,3.5799700825587024,-0.7006209185747698,26.0,6.0,5.0,2024.0,8.0,21.0
3.386596411890621,3.496195666034671,3.441603960032916,0.5000287464283943,3.6364385906237775,-0.3009288858358218,27.0,0.0,5.0,2024.0,16.0,11.0
3.4405861570923078,3.432631405386755,3.3741985210756944,0.8716209064039441,3.566308499747445,-0.3413375777782597,28.0,1.0,5.0,2024.0,1.0,18.0
3.373354930910278,3.4246863959244016,3.3301263897392315,0.5453752805024238,3.5203791046563926,-0.531080753238219,29.0,2.0,5.0,2024.0,2.0,20.0
3.3291663654455865,3.425734882235578,3.378418838879596,0.697381859611897,3.570766961502378,-0.2819952043164587,30.0,3.0,5.0,2024.0,17.0,8.0
3.3774143810653188,3.395091726812597,3.3246962341647577,0.5822678318839474,3.515063752715155,-0.298680323155259,31.0,4.0,5.0,2024.0,12.0,16.0
3.3229909922249803,3.442687104228688,3.3380336689145067,-0.2717354336148956,3.5292590758565408,-1.0209477270417733,1.0,5.0,6.0,2024.0,22.0,1.0
3.3373986040498758,3.4382188265483595,3.34077481027014,0.0248913894638197,3.53214851182807,-0.776743535863518,2.0,6.0,6.0,2024.0,14.0,19.0
3.340075004787067,3.3709777940516767,3.405409121265985,0.8542119006905313,3.599395507194103,0.3257655940936004,3.0,0.0,6.0,2024.0,13.0,1.0
3.4045345952326618,3.51719575048027,3.5136050963715517,0.8948034303209211,3.712251225083057,-0.2605462615707865,4.0,1.0,6.0,2024.0,18.0,9.0
3.5127441552965637,3.632651196470609,3.5452143428235376,0.8764211702923866,3.7452030194445967,-0.7015506879970984,5.0,2.0,6.0,2024.0,16.0,14.0
3.5443085537802963,3.6154796126335143,3.5252285322026533,0.4648919614254953,3.724606550403797,-0.6461324513589951,6.0,3.0,6.0,2024.0,15.0,20.0
3.5244519919020787,3.513567686575636,3.438414727643442,1.0596123622339886,3.634206134161522,0.0495560104365918,7.0,4.0,6.0,2024.0,12.0,18.0
3.436413059939338,3.558046097529873,3.436155521375277,-0.129597230417271,3.631970385540805,-1.0745257381904805,8.0,5.0,6.0,2024.0,8.0,13.0
3.434776113584245,3.554891121585998,3.4571577443178003,-0.1690902527823242,3.6539534654967833,-0.9496205546404232,9.0,6.0,6.0,2024.0,19.0,2.0
3.4560536817350025,3.559417087552195,3.448828950373167,0.214021603633227,3.645377031722428,-0.8552912029581266,10.0,0.0,6.0,2024.0,15.0,9.0
3.4476956731307657,3.3628577936979167,3.315025348213126,1.1099309619818267,3.5060463336136687,0.08135780600782,11.0,1.0,6.0,2024.0,0.0,15.0
3.31353946215183,3.4121018983420464,3.3708208021654564,0.9679280585622816,3.564285990689419,-0.0119683616324649,12.0,2.0,6.0,2024.0,14.0,1.0
3.3700883856309045,3.3742996156296843,3.2796982870566,0.6673070250542531,3.469428994712463,-0.4128278628160678,13.0,3.0,6.0,2024.0,0.0,16.0
3.2783360726108994,3.2954140103747056,3.23395844822055,0.5831682197364111,3.421825950242584,-0.3268066125631055,14.0,4.0,6.0,2024.0,13.0,17.0
3.232885580327693,3.346935973967973,3.244999462933945,-0.1372403145682951,3.4333975063791717,-0.9869265193945836,15.0,5.0,6.0,2024.0,15.0,20.0
3.2440893187088045,3.356196913792365,3.2724963933744005,-0.1828061202168198,3.462219226735701,-0.8520540324326618,16.0,6.0,6.0,2024.0,22.0,4.0
3.271522816503223,3.2978211023569526,3.2633673470011764,0.7243181955875991,3.45280719270614,-0.3814802882627869,17.0,0.0,6.0,2024.0,18.0,14.0
3.2625939088868914,3.232824026818354,3.180544454537325,1.238209423763958,3.366589377243613,-0.2253114259172045,18.0,1.0,6.0,2024.0,0.0,19.0
3.1801188869582258,3.272425548687283,3.1694701433906607,0.2414505206239658,3.355128817277387,-0.7966915216317078,19.0,2.0,6.0,2024.0,4.0,20.0
3.168685311482641,3.2632291086901635,3.1613913270330496,0.4875606737760889,3.3467555506220594,-0.4411127016843721,20.0,3.0,6.0,2024.0,11.0,16.0
3.1611816315308374,3.1518042998831226,3.116439841257793,0.5172316724495949,3.2999758664731726,-0.3075232523322824,21.0,4.0,6.0,2024.0,2.0,23.0
3.116756101642564,3.2260636435415098,3.126037036021632,-0.3684559841537591,3.310041001713503,-0.8717560842643898,22.0,5.0,6.0,2024.0,0.0,0.0
3.1250444931449293,3.176795652017395,3.0602610427782087,-0.2972823202027283,3.2415641231196357,-0.6666344832187783,23.0,6.0,6.0,2024.0,1.0,23.0
3.0590548956303767,2.887276646286314,2.8820781689707395,1.4373049463698986,3.055964763127853,0.7279250249157739,24.0,0.0,6.0,2024.0,1.0,20.0
2.8807037519578618,2.9908442255667538,2.975805230559407,0.6806499227420368,3.1537449507189126,-0.3276469090207132,25.0,1.0,6.0,2024.0,19.0,0.0
2.974165143128764,3.019639873048601,2.914841799184925,0.3175221349330241,3.0903269927123582,-0.4662021231422873,26.0,2.0,6.0,2024.0,2.0,19.0
2.9141365174316824,3.012694093378595,2.9635409331661133,0.2484102874700574,3.1411927326680247,-0.4674294447275684,27.0,3.0,6.0,2024.0,14.0,6.0
2.9633140420837667,2.974763013465574,2.884699981512924,0.4502325248111281,3.0590777423381152,-0.2952484963052591,28.0,4.0,6.0,2024.0,1.0,20.0
2.883991551416564,2.9947147285150084,2.919512260854885,-0.2168797764614893,3.095424535330862,-0.8529992701567479,29.0,5.0,6.0,2024.0,11.0,0.0
2.918873939144471,3.0157049020783853,3.029421856614231,0.0369665915107953,3.2100565483415675,-0.233852384569635,30.0,6.0,6.0,2024.0,23.0,5.0
3.0283950394101704,3.1334674847097874,3.0400812215924757,0.4781923443751394,3.2212218622990774,-0.6654133487736142,1.0,0.0,7.0,2024.0,18.0,13.0
3.0388740816151323,3.086505368099999,2.9895753356919728,0.1898274541011154,3.168619053536921,-0.5972535439505008,2.0,1.0,7.0,2024.0,3.0,16.0
2.9891749120569444,2.9389759770647395,2.875726842383123,0.7107777937528853,3.049948561521829,-0.0393506180933329,3.0,2.0,7.0,2024.0,0.0,21.0
2.873394080956268,2.771958675840384,2.6795722409378824,1.3286941625461086,2.845489526281031,0.3644202948917019,4.0,3.0,7.0,2024.0,0.0,13.0
2.6817139304215,2.578459326433864,2.6602203085601728,2.1025431935334886,2.8253323617234933,0.5215778741092921,5.0,4.0,7.0,2024.0,0.0,4.0
2.6593985475456194,2.725244416135751,2.760939881312361,0.2147061299406945,2.930333704129215,-0.0827064023171697,6.0,5.0,7.0,2024.0,23.0,5.0
2.756354657537569,2.709713802739856,2.610309757259292,0.2116167360844456,2.773323109499952,-0.048765362617718,7.0,6.0,7.0,2024.0,2.0,23.0
2.609734958580231,2.616625423471621,2.662842383922008,1.253660113187928,2.8280943431975416,0.571801073570497,8.0,0.0,7.0,2024.0,9.0,1.0
2.6621913418480108,2.7428158334319788,2.7428777120483843,0.6073377066170413,2.911536102132346,-0.3170964603016866,9.0,1.0,7.0,2024.0,18.0,0.0
2.74374424000339,2.797287573434072,2.7265081834519287,0.5165314078238848,2.8944901012714643,-0.2217635430888054,10.0,2.0,7.0,2024.0,5.0,20.0
2.7250939744862945,2.79361823950054,2.702108404210491,0.6538887912434849,2.869080742892548,-0.2175191551132266,11.0,3.0,7.0,2024.0,12.0,3.0
2.701247159188774,2.7600955136884284,2.736141607678676,0.4855916613786878,2.904589361851294,-0.3177849094682874,12.0,4.0,7.0,2024.0,18.0,1.0
2.736066432273344,2.836363261590088,2.8179174005725263,0.0232357197942067,2.9898522552702618,-0.3048014853159277,13.0,5.0,7.0,2024.0,23.0,0.0
2.816835530879714,2.926701368194788,2.913400440450962,0.3021954824162373,3.089406425776676,-0.2748979562384329,14.0,6.0,7.0,2024.0,22.0,0.0
2.9143960851932897,3.020255846045369,3.1639380299475923,1.1629958219961083,3.351806229359445,0.5786610833102043,15.0,0.0,7.0,2024.0,23.0,0.0
3.15789514431868,3.1329905698122187,3.177868826674932,1.3540628122899072,3.3664250233060997,-0.0492121636455936,16.0,1.0,7.0,2024.0,23.0,8.0
3.176755118288616,3.222020661421159,3.117826481914213,0.860925673046966,3.303917143309403,-0.3314227177481166,17.0,2.0,7.0,2024.0,1.0,16.0
3.1161961389227466,3.1809285109400003,3.108944537267855,0.5742419354802648,3.2947373450772366,-0.4442276981035584,18.0,3.0,7.0,2024.0,13.0,19.0
3.108072541418557,3.1861875142465235,3.2768603321717884,1.103841188344367,3.469934829824304,0.4701128108095505,19.0,4.0,7.0,2024.0,19.0,1.0
3.2760265882572543,3.3739868209567683,3.304691398533213,0.1289716761927718,3.4991668336893254,-0.6860453250085026,20.0,5.0,7.0,2024.0,18.0,1.0
3.303940377068342,3.3450722390033176,3.3655023397714694,0.5423986001930943,3.5625249610189518,-0.2192859286140453,21.0,6.0,7.0,2024.0,22.0,18.0
3.36455893923025,3.393693259635793,3.330565623497757,1.4100224564309212,3.526271941978111,-0.4849238591197305,22.0,0.0,7.0,2024.0,0.0,15.0
3.32970112747997,3.322447580626253,3.2288388150542677,1.0280078269067054,3.42033687976174,-0.3157983610642883,23.0,1.0,7.0,2024.0,0.0,20.0
3.228046093420586,3.301110815616465,3.1947449529840823,0.586805214517491,3.385100954452692,-0.4223727362693424,24.0,2.0,7.0,2024.0,14.0,23.0
3.1941813791249847,3.195300387049232,3.219605680120514,1.1749949609038366,3.4105513057440127,-0.1496675947374237,25.0,3.0,7.0,2024.0,22.0,14.0
3.2184724396193167,3.338842601016645,3.35062239541648,0.7504753659175103,3.5476506880961414,-0.2249114181592492,26.0,4.0,7.0,2024.0,21.0,0.0
3.3497634576530197,3.3996314465256847,3.3445636475134437,0.9784481144298652,3.541151717948604,-0.1679794373158427,27.0,5.0,7.0,2024.0,14.0,20.0
3.343434587094951,3.423695885235187,3.371721828959042,0.075471589123884,3.569880498789464,-0.7306090535324922,28.0,6.0,7.0,2024.0,18.0,5.0
3.371066961945967,3.3887169298580813,3.283596502465961,1.3086847149857892,3.4780118191704554,0.1157659209259874,29.0,0.0,7.0,2024.0,13.0,17.0
3.282721623193442,3.312251083772987,3.2456141375577623,0.7988472070267049,3.438575197827955,-0.5499222207577552,30.0,1.0,7.0,2024.0,7.0,20.0
3.2448202087963414,3.262229943319745,3.148539910346984,0.7940902962649539,3.337806763364397,-0.3038346418297591,31.0,2.0,7.0,2024.0,13.0,20.0
3.148166227538313,3.117877791758844,3.1938469961125904,1.319253967392432,3.3844871351274555,0.145119781079645,1.0,3.0,8.0,2024.0,22.0,17.0
3.1928086535803946,3.0506021491227147,2.951896616303684,1.4323553964637112,3.1324019536077885,0.5240948859056145,2.0,4.0,8.0,2024.0,0.0,22.0
2.9511667433694817,2.9653500925162275,2.906790951813244,0.8190525517885295,3.0851933737715167,-0.2201766884469853,3.0,5.0,8.0,2024.0,12.0,21.0
2.9058460048720507,2.799335521090509,2.749490451707558,0.8193718245385594,2.9210007252844874,0.4491270979422178,4.0,6.0,8.0,2024.0,2.0,17.0
2.748432300705005,2.287862951087529,2.496304178512983,3.09610697611805,2.6573657918520683,2.8816548214641604,5.0,0.0,8.0,2024.0,0.0,6.0
2.495731234938293,2.594638713102265,2.6216759885396868,1.7707726211128705,2.788656013401611,0.2854971593419464,6.0,1.0,8.0,2024.0,18.0,0.0
2.6214565476903067,2.6355610690612497,2.559884470256667,1.355159234507996,2.724016729582432,0.2404728262190303,7.0,2.0,8.0,2024.0,10.0,22.0
2.559455206077551,2.644805935601996,2.970005471971485,1.5537157874086,3.1529830944313217,2.526037141022781,8.0,3.0,8.0,2024.0,23.0,0.0
2.970394124167412,2.949627784598454,2.9190661793669257,0.9097650447885564,3.0988313094076814,-0.2871502904345149,9.0,4.0,8.0,2024.0,0.0,14.0
2.918431226417909,2.9938675877656724,2.9230982959758656,-0.0491293407434526,3.1029843523052905,-0.6943884926696112,10.0,5.0,8.0,2024.0,0.0,4.0
2.922337009279631,2.8712882098415355,2.786466719510172,0.3312848515955544,2.960570779029822,0.2624071859492015,11.0,6.0,8.0,2024.0,9.0,20.0
2.785800894369012,2.829563616402916,2.8254390312123467,1.1078971569640246,3.001435582638309,0.1242938590116073,12.0,0.0,8.0,2024.0,14.0,7.0
2.8248698755458808,2.8812419135635583,2.902462611933117,0.741746892001275,3.081882929858055,0.1427356450983498,13.0,1.0,8.0,2024.0,17.0,10.0
2.901855493414054,2.8791314706193423,2.787558349421148,0.7218960665581957,2.961710134704364,0.1785911859394389,14.0,2.0,8.0,2024.0,12.0,22.0
2.7866516935069447,2.7329979236042306,2.715314340445321,1.0321539028091684,2.8866852859573804,0.4262937649640432,15.0,3.0,8.0,2024.0,16.0,20.0
2.7146877994495937,2.792963330427709,2.7971833435620272,0.6887704522918122,2.9721527064584103,0.0365410038183723,16.0,4.0,8.0,2024.0,19.0,1.0
2.7964842599186226,2.900752127036185,2.833077072696,-0.1660716679806275,3.009042918439401,-0.8081385339144967,17.0,5.0,8.0,2024.0,16.0,0.0
2.8317364883683123,2.877394494328408,2.7720127878313674,0.0590626872069787,2.9458967274198344,-0.4036231064622277,18.0,6.0,8.0,2024.0,12.0,23.0
2.771157524752529,2.840679528541839,2.8339658094610245,0.5022099929330869,3.010838874834846,-0.4209771149731701,19.0,0.0,8.0,2024.0,23.0,10.0
2.8332899204705373,2.887857271255253,2.804467255257548,0.81147941723083,2.980284780994944,0.0174625923162925,20.0,1.0,8.0,2024.0,5.0,16.0
2.8039357346939733,2.901296649326994,2.937175453272682,0.8721029700640229,3.1182714903755704,0.126231382595194,21.0,2.0,8.0,2024.0,20.0,1.0
2.93604420904825,2.964005120039575,2.888491279314607,0.5952006616057675,3.0679529136708923,-0.5206526582998051,22.0,3.0,8.0,2024.0,12.0,2.0
2.8877388393059578,2.9992091542892334,3.11632685883333,1.403589944191718,3.306528056840898,0.7671817981383506,23.0,4.0,8.0,2024.0,22.0,0.0
3.116142880913677,3.204559481239235,3.121520878125552,0.2591947657534458,3.311271936838975,-0.8339146181537316,24.0,5.0,8.0,2024.0,9.0,22.0
3.120590661514465,3.2180647052899656,3.1310059469304226,0.118021364353467,3.321423451279182,-0.7257610853607703,25.0,6.0,8.0,2024.0,23.0,10.0
3.130766210949152,3.155852705517185,3.0418412484174358,0.5982545402040743,3.228382343505214,-0.5348832427893169,26.0,0.0,8.0,2024.0,0.0,23.0
3.041039572637548,2.856615176562788,2.834621261553265,1.217740201569884,3.012473516392433,0.9016544751363196,27.0,1.0,8.0,2024.0,5.0,22.0
2.8341778309014614,2.842321348454864,2.8053777172358263,1.2820479844918362,2.9817957556960937,-0.1741737573390277,28.0,2.0,8.0,2024.0,10.0,16.0
2.8047014371217154,2.8989435832180503,2.827505208854634,0.8446502145221769,3.005012232937544,-0.1430141938572941,29.0,3.0,8.0,2024.0,15.0,22.0
2.826857280317704,2.834598466617579,2.8110145110534845,0.848325624944132,2.9878503160135,-0.2669289418920741,30.0,4.0,8.0,2024.0,12.0,16.0
2.8102236968542424,2.897840726962818,2.80183489206718,-0.2304082377315685,2.978351274774941,-0.9042389521228612,31.0,5.0,8.0,2024.0,0.0,17.0
2.801163402670564,2.799779402839484,2.700916148445135,0.4306846184406057,2.8731886820514707,-0.3851078845729757,1.0,6.0,9.0,2024.0,0.0,23.0
2.700374281230387,2.7946076605964723,2.810585205881523,0.5632399294526058,2.987277364414598,-0.1709010968253284,2.0,0.0,9.0,2024.0,23.0,0.0
2.8095311552362343,2.8128889426227563,2.7073929306625377,0.543199736600714,2.879991409314594,-0.147904767142343,3.0,1.0,9.0,2024.0,2.0,23.0
2.7067168091930336,2.702116345101627,2.740564924056744,1.0292016710911602,2.914762848032614,0.0849018403199354,4.0,2.0,9.0,2024.0,16.0,1.0
2.7399293737910164,2.704600582129637,2.629419179446904,0.7798528117384358,2.7987871526632486,-0.0388558906209586,5.0,3.0,9.0,2024.0,0.0,21.0
2.628791490167771,2.507729700756301,2.4936833059398555,1.774092434515737,2.657198281276227,0.8235325351739698,6.0,4.0,9.0,2024.0,13.0,21.0
2.493138522080003,2.579894125262444,2.505401268655155,0.1307021205425318,2.670025992761552,-0.6679181570728766,7.0,5.0,9.0,2024.0,16.0,1.0
2.505337853674406,2.5744371146367144,2.548475992279193,0.0876814393995727,2.715225605402987,-0.4072733903076717,8.0,6.0,9.0,2024.0,22.0,16.0
2.548526066048725,2.634165300425411,2.6821395825293317,0.9744449233129704,2.8542420598878,0.4303695730000797,9.0,0.0,9.0,2024.0,21.0,5.0
2.681547620314054,2.7492989031706005,2.7207526972696026,0.6620149300881076,2.894701851875382,-0.4635473067191187,10.0,1.0,9.0,2024.0,19.0,4.0
2.720210341853464,2.695425650013201,2.7020013583326947,1.106293091593184,2.875089158882083,-0.1061471734458427,11.0,2.0,9.0,2024.0,18.0,14.0
2.7013684899297177,2.806878244810201,2.7501062383623847,0.9320105852111416,2.9256177195027986,-0.6511642665670365,12.0,3.0,9.0,2024.0,14.0,0.0
2.7496607913499664,2.827111321186275,2.900114086124086,0.8590521690810529,3.081981120441261,0.1405500708286032,13.0,4.0,9.0,2024.0,22.0,12.0
2.899282818996205,2.9452033501259822,2.8653671853926688,-0.0121081201482221,3.045643223527024,-0.7081014493828953,14.0,5.0,9.0,2024.0,0.0,18.0
2.864411746976114,2.893258436346135,2.8149029969922847,0.0796908929201334,2.9934690954680723,-0.4674952470049398,15.0,6.0,9.0,2024.0,15.0,23.0
2.814380053422834,2.817705000462768,2.754125780199966,0.8342275860696012,2.929922664362935,-0.4493478162268459,16.0,0.0,9.0,2024.0,0.0,17.0
2.753476007149722,2.825717821627133,2.8839882075542977,1.1619677076763162,3.065657908775894,0.4462390967197564,17.0,1.0,9.0,2024.0,15.0,1.0
2.8833245867196564,2.926258913942313,2.966295066756181,1.320075569997888,3.151763168926143,-0.1447739363672988,18.0,2.0,9.0,2024.0,23.0,16.0
2.9656668190854445,3.077471631999108,3.045511104349939,1.4133386717285013,3.234534294034055,-0.2446105892655921,19.0,3.0,9.0,2024.0,17.0,1.0
3.0448260965284333,3.12519094847358,3.0610083470206813,1.0047670598928742,3.250197428052652,-0.4729662215394958,20.0,4.0,9.0,2024.0,4.0,18.0
3.0597290526153174,3.1516510430895206,3.073396874536719,-0.1216552967893172,3.2638991928161696,-0.8834252417891801,21.0,5.0,9.0,2024.0,23.0,5.0
3.0727637907219987,3.130003710574313,3.088977141454224,0.1915484901907672,3.279773009445522,-0.5607613588850359,22.0,6.0,9.0,2024.0,22.0,22.0
3.087874410510783,3.141849291917065,3.0694055435245144,0.7999207357820155,3.2595954920683736,-0.3382814249607403,23.0,0.0,9.0,2024.0,3.0,0.0
3.0684715452724123,3.1487623971315792,3.129068047299445,0.720629040985413,3.3222373202905637,-0.3943964270520103,24.0,1.0,9.0,2024.0,22.0,2.0
3.128334618370363,3.1619108334210955,3.0579502964088325,0.4570398469390446,3.247710540075854,-0.4462842802420923,25.0,2.0,9.0,2024.0,1.0,23.0
3.056919627192685,3.1444535658037385,3.183016230142302,1.096751034708274,3.3787044434428464,0.0853126318341567,26.0,3.0,9.0,2024.0,17.0,1.0
3.1822051846284523,3.2825220650847786,3.2204303626652115,0.8356372764321018,3.417991107626476,-0.5483186746082944,27.0,4.0,9.0,2024.0,14.0,3.0
3.2197222500107983,3.320776665019228,3.226382537317485,-0.0763662769192808,3.4242776251194047,-0.8811169513052866,28.0,5.0,9.0,2024.0,3.0,13.0
3.2256556929656504,3.3202695823445016,3.210896199077093,-0.1010670460827009,3.4080808848939688,-0.9516047813472066,29.0,6.0,9.0,2024.0,20.0,8.0
3.210058155315887,3.157373677981928,3.069386871030728,1.109758549789062,3.260396737442634,-0.1054587281730966,30.0,0.0,9.0,2024.0,0.0,23.0
3.0690091216726154,2.987653220766865,2.916420945753201,1.8206944312686653,3.100654958502578,0.4085125153900564,1.0,1.0,10.0,2024.0,7.0,20.0
2.915676276594881,2.9754928387427317,2.903887597511646,1.30771060716357,3.087685806716429,-0.1900929848576997,2.0,2.0,10.0,2024.0,16.0,19.0
2.903170621312715,2.968023047053509,2.9116580603653426,1.0551685232236283,3.095613705224453,-0.5158115326924173,3.0,3.0,10.0,2024.0,4.0,13.0
2.91066394396878,3.0047660967513545,2.9919356944799005,0.7014908485693389,3.1798960232147007,-0.3399309422015583,4.0,4.0,10.0,2024.0,20.0,0.0
2.991216689885651,3.082511654920013,2.993314757690712,-0.1814897785629804,3.1811089794405625,-0.9107026143645244,5.0,5.0,10.0,2024.0,13.0,3.0
2.992282722175492,3.0915889704918498,3.038054415711343,-0.1017168537729836,3.22827133045482,-0.7251712972362698,6.0,6.0,10.0,2024.0,19.0,4.0
3.0373217692811587,3.111783526218793,3.0023185186406005,0.9546737407096636,3.190064036077156,-0.2504985471529692,7.0,0.0,10.0,2024.0,14.0,23.0
3.0006668440385837,3.092247384075072,2.995893520184868,0.6227932014685726,3.1844054903212604,-0.6411616487306867,8.0,1.0,10.0,2024.0,14.0,19.0
2.995150235721691,2.9955777209851835,2.9007770015409564,0.5976547736569549,3.0851066785548,-0.2804518704425596,9.0,2.0,10.0,2024.0,5.0,20.0
2.9000689349818214,2.905834027079298,2.881899175447975,0.7485327677962046,3.065547387138524,-0.1940908504161271,10.0,3.0,10.0,2024.0,12.0,18.0
2.8812668156864403,2.978602207894419,3.015109980773169,0.7417167051933727,3.2047318648969485,0.2463302177574667,11.0,4.0,10.0,2024.0,19.0,1.0
3.014346377710795,3.130164626640041,3.0610112920449053,0.0050147720684402,3.2528117938272856,-0.7780200935739807,12.0,5.0,10.0,2024.0,15.0,0.0
3.0602568113670743,3.1043914331415645,3.040044083013779,0.0827590124059321,3.2308089456056286,-0.6880849639446656,13.0,6.0,10.0,2024.0,0.0,15.0
3.0391187446871406,3.130093980638308,3.2361085326066217,1.4673969207351976,3.436238204360448,0.469828717583341,14.0,0.0,10.0,2024.0,23.0,0.0
3.235562223933021,3.279753127605116,3.2971711623805566,1.747092058522713,3.499964354771079,0.0096394852522651,15.0,1.0,10.0,2024.0,14.0,15.0
3.296427961462962,3.4030144236983872,3.33225152788755,1.168455497994744,3.5369141365322645,-0.5705797921883201,16.0,2.0,10.0,2024.0,11.0,1.0
3.331681238908435,3.3959751783460828,3.319186472026308,0.8753433252143843,3.524327049995296,-0.7106065450774531,17.0,3.0,10.0,2024.0,0.0,13.0
3.3195355626412173,3.429512064778692,3.3817205555205945,1.095885151124295,3.588543894261784,-0.506708044741228,18.0,4.0,10.0,2024.0,18.0,0.0
3.380878293199099,3.483053283517757,3.378280359575757,-0.1197634210183815,3.585052435334429,-0.9515085291620156,19.0,5.0,10.0,2024.0,3.0,17.0
3.3775163778925084,3.488179807932893,3.417494653723588,0.1260573233690469,3.626180159542796,-0.720268090618065,20.0,6.0,10.0,2024.0,22.0,3.0
3.416647269510465,3.4075115747120392,3.317223777453369,1.130675256700778,3.521021546492232,-0.2068781152371692,21.0,0.0,10.0,2024.0,0.0,15.0
3.3159523059215363,3.391800779797545,3.3168279426614187,0.8220595545794505,3.5211654364342984,-0.7259124127020039,22.0,1.0,10.0,2024.0,22.0,0.0
3.3160548658587974,3.303705639179012,3.2598019553656923,0.8467649001495565,3.4616440080979296,-0.3435917311658912,23.0,2.0,10.0,2024.0,0.0,18.0
3.272577354999909,3.383754080218334,3.3659031173735,0.8006878207729692,3.5729276458706325,-0.2839702205367358,24.0,3.0,10.0,2024.0,21.0,0.0
3.365314857533906,3.324807901525586,3.272702856583329,1.3460703242296723,3.474265387104581,0.0208480999306211,25.0,4.0,10.0,2024.0,14.0,23.0
3.271045599352923,3.377842173664748,3.2955503949884544,0.1592639205038648,3.499895265077633,-0.8229374201976734,26.0,5.0,10.0,2024.0,20.0,2.0
3.295263375219344,3.408609790646366,3.3516801634993456,0.0037780068531805,3.558111158404244,-0.664093295311512,27.0,6.0,10.0,2024.0,22.0,1.0
3.3504297283195448,3.452103598653121,3.4730995171664203,1.201250788550409,3.685047224059125,-0.1743026589527646,28.0,0.0,10.0,2024.0,22.0,5.0
3.472356599872973,3.590871643918515,3.645719459386303,2.2719972919317954,3.865372532825408,0.2301483865016997,29.0,1.0,10.0,2024.0,19.0,0.0
3.644465386682089,3.697206566300028,3.622340180348684,1.3014145362640672,3.841101918589666,-0.6631036415678612,30.0,2.0,10.0,2024.0,21.0,13.0
3.621132290557292,3.582056964862696,3.491966790736477,1.300398908727982,3.705321606174729,-0.0952675015635615,31.0,3.0,10.0,2024.0,10.0,20.0
3.4911822011821587,3.5307929964403626,3.4469994616070263,1.808158750010576,3.658540952077973,-0.1699681031244158,1.0,4.0,11.0,2024.0,14.0,2.0
3.446342530117314,3.546853838682242,3.435143047757057,0.0831431401417855,3.646473664428589,-0.8843380004755007,2.0,5.0,11.0,2024.0,2.0,14.0
3.434707844793042,3.44877754761508,3.4015019763837078,0.988015626812598,3.6110073934952727,-0.4927654465972937,3.0,6.0,11.0,2024.0,0.0,15.0
3.400704305965166,3.4058548285755954,3.3444513221653835,1.330603851405178,3.5513823990918065,-0.2044072559499552,4.0,0.0,11.0,2024.0,3.0,21.0
3.3435891141436067,3.4472818836606067,3.4394567682805697,1.594307610799781,3.6507560544651714,-0.0249124940574901,5.0,1.0,11.0,2024.0,16.0,1.0
3.438518954428294,3.5650825634981675,3.824835219265664,3.09610697611805,3.8977250497020783,1.47021917204022,6.0,2.0,11.0,2024.0,20.0,0.0
3.823715248984549,3.8074961762184794,3.841146373207808,2.539156526046946,3.8977250497020783,0.1016005097957515,7.0,3.0,11.0,2024.0,20.0,6.0
3.840019085115356,3.8074961762184794,3.876184559348165,2.0894891212927225,3.8977250497020783,0.2027031511850527,8.0,4.0,11.0,2024.0,19.0,3.0
3.874490993343233,3.8074961762184794,3.876184559348165,0.6702508005346735,3.8977250497020783,0.0840594821456259,9.0,5.0,11.0,2024.0,23.0,17.0
3.874490993343233,3.8074961762184794,3.876184559348165,3.09610697611805,3.8977250497020783,0.8643548140617695,10.0,6.0,11.0,2024.0,22.0,0.0
3.874490993343233,3.8074961762184794,3.876184559348165,3.09610697611805,3.8977250497020783,0.8643548140617695,11.0,0.0,11.0,2024.0,23.0,0.0
3.874490993343233,3.8074961762184794,3.876184559348165,3.09610697611805,3.8977250497020783,0.8643548140617695,12.0,1.0,11.0,2024.0,7.0,13.0
3.874490993343233,3.8074961762184794,3.876184559348165,3.09610697611805,3.8977250497020783,0.8643548140617695,13.0,2.0,11.0,2024.0,16.0,6.0
3.874490993343233,3.8074961762184794,3.876184559348165,3.09610697611805,3.8977250497020783,0.8643548140617695,14.0,3.0,11.0,2024.0,14.0,23.0
3.874490993343233,3.8074961762184794,3.876184559348165,3.09610697611805,3.8977250497020783,0.8643548140617695,15.0,4.0,11.0,2024.0,22.0,4.0
3.874490993343233,3.8074961762184794,3.876184559348165,1.501361973643902,3.8977250497020783,0.8643548140617695,16.0,5.0,11.0,2024.0,5.0,15.0
3.874490993343233,3.8074961762184794,3.876184559348165,1.610756051116322,3.8977250497020783,0.8643548140617695,17.0,6.0,11.0,2024.0,9.0,22.0
3.874490993343233,3.8074961762184794,3.876184559348165,3.09610697611805,3.8977250497020783,0.8643548140617695,18.0,0.0,11.0,2024.0,16.0,14.0
3.874490993343233,3.8074961762184794,3.876184559348165,3.09610697611805,3.8977250497020783,0.8643548140617695,19.0,1.0,11.0,2024.0,19.0,0.0
3.874490993343233,3.8074961762184794,3.876184559348165,2.9873326564915907,3.8977250497020783,0.8643548140617695,20.0,2.0,11.0,2024.0,15.0,3.0
3.874490993343233,3.8074961762184794,3.876184559348165,3.09610697611805,3.8977250497020783,0.8643548140617695,21.0,3.0,11.0,2024.0,19.0,2.0
3.874490993343233,3.8074961762184794,3.876184559348165,3.09610697611805,3.8977250497020783,0.8643548140617695,22.0,4.0,11.0,2024.0,19.0,14.0
3.874490993343233,3.8074961762184794,3.876184559348165,1.5057796729249822,3.8977250497020783,0.8643548140617695,23.0,5.0,11.0,2024.0,0.0,20.0
3.874490993343233,3.8074961762184794,3.876184559348165,1.9015669667733257,3.8977250497020783,0.8643548140617695,24.0,6.0,11.0,2024.0,2.0,17.0
3.874490993343233,3.8074961762184794,3.876184559348165,3.09610697611805,3.8977250497020783,0.8643548140617695,25.0,0.0,11.0,2024.0,9.0,22.0
3.874490993343233,3.8074961762184794,3.876184559348165,3.09610697611805,3.8977250497020783,0.8643548140617695,26.0,1.0,11.0,2024.0,6.0,20.0
3.874490993343233,3.8074961762184794,3.876184559348165,2.954925872429317,3.8977250497020783,0.8643548140617695,27.0,2.0,11.0,2024.0,20.0,0.0
3.874490993343233,3.8074961762184794,3.876184559348165,1.931288135833896,3.8977250497020783,0.8643548140617695,28.0,3.0,11.0,2024.0,1.0,10.0
3.874490993343233,3.8074961762184794,3.876184559348165,2.078198319120634,3.8977250497020783,0.8643548140617695,29.0,4.0,11.0,2024.0,15.0,0.0
3.874490993343233,3.8074961762184794,3.876184559348165,0.812609056409211,3.8977250497020783,0.8643548140617695,30.0,5.0,11.0,2024.0,0.0,11.0
3.874490993343233,3.8074961762184794,3.876184559348165,1.0814326507454204,3.8977250497020783,0.8643548140617695,1.0,6.0,12.0,2024.0,22.0,2.0
3.874490993343233,3.8074961762184794,3.876184559348165,3.0388484079813747,3.8977250497020783,0.8643548140617695,2.0,0.0,12.0,2024.0,1.0,18.0
3.874490993343233,3.8074961762184794,3.876184559348165,2.734417946046083,3.8977250497020783,0.8643548140617695,3.0,1.0,12.0,2024.0,2.0,14.0
3.874490993343233,3.8074961762184794,3.876184559348165,3.09610697611805,3.8977250497020783,0.8643548140617695,4.0,2.0,12.0,2024.0,20.0,16.0
3.874490993343233,3.8074961762184794,3.876184559348165,3.09610697611805,3.8977250497020783,0.8643548140617695,5.0,3.0,12.0,2024.0,3.0,22.0
3.874490993343233,3.8074961762184794,3.876184559348165,3.09610697611805,3.8977250497020783,0.8643548140617695,6.0,4.0,12.0,2024.0,20.0,0.0
3.874490993343233,3.8074961762184794,3.876184559348165,1.4929182638767662,3.8977250497020783,0.8643548140617695,7.0,5.0,12.0,2024.0,1.0,5.0
3.874490993343233,3.8074961762184794,3.876184559348165,1.4901110159809052,3.8977250497020783,0.8643548140617695,8.0,6.0,12.0,2024.0,23.0,9.0
3.874490993343233,3.8074961762184794,3.876184559348165,3.09610697611805,3.8977250497020783,0.8643548140617695,9.0,0.0,12.0,2024.0,0.0,21.0
3.874490993343233,3.8074961762184794,3.876184559348165,3.09610697611805,3.8977250497020783,0.8643548140617695,10.0,1.0,12.0,2024.0,14.0,18.0
3.874490993343233,3.8074961762184794,3.876184559348165,3.09610697611805,3.8977250497020783,0.8643548140617695,11.0,2.0,12.0,2024.0,22.0,2.0
3.874490993343233,3.8074961762184794,3.876184559348165,3.0059373948609065,3.8977250497020783,0.8643548140617695,12.0,3.0,12.0,2024.0,16.0,19.0
3.874490993343233,3.8074961762184794,3.876184559348165,2.182662401165647,3.8977250497020783,0.8643548140617695,13.0,4.0,12.0,2024.0,20.0,1.0
3.874490993343233,3.8074961762184794,3.876184559348165,1.2892834135099327,3.8977250497020783,0.8643548140617695,14.0,5.0,12.0,2024.0,1.0,20.0
3.874490993343233,3.8074961762184794,3.876184559348165,1.8708630869729597,3.8977250497020783,0.8643548140617695,15.0,6.0,12.0,2024.0,23.0,0.0
3.874490993343233,3.8074961762184794,3.876184559348165,3.09610697611805,3.8977250497020783,0.8643548140617695,16.0,0.0,12.0,2024.0,18.0,12.0
3.874490993343233,3.8074961762184794,3.876184559348165,2.8169423640814584,3.8977250497020783,0.8643548140617695,17.0,1.0,12.0,2024.0,14.0,22.0
3.874490993343233,3.8074961762184794,3.876184559348165,3.09610697611805,3.8977250497020783,0.8643548140617695,18.0,2.0,12.0,2024.0,0.0,23.0
3.874490993343233,3.8074961762184794,3.876184559348165,3.09610697611805,3.8977250497020783,0.8643548140617695,19.0,3.0,12.0,2024.0,14.0,20.0
3.874490993343233,3.8074961762184794,3.876184559348165,3.09610697611805,3.8977250497020783,0.8643548140617695,20.0,4.0,12.0,2024.0,7.0,12.0
3.874490993343233,3.8074961762184794,3.876184559348165,1.90445853680582,3.8977250497020783,0.8643548140617695,21.0,5.0,12.0,2024.0,7.0,13.0
3.874490993343233,3.8074961762184794,3.876184559348165,1.437079736351793,3.8977250497020783,0.8643548140617695,22.0,6.0,12.0,2024.0,0.0,22.0
3.874490993343233,3.8074961762184794,3.876184559348165,2.635229005872373,3.8977250497020783,0.8643548140617695,23.0,0.0,12.0,2024.0,11.0,20.0
3.874490993343233,3.8074961762184794,3.876184559348165,1.6522361524226084,3.8977250497020783,0.8643548140617695,24.0,1.0,12.0,2024.0,18.0,2.0
3.874490993343233,3.8074961762184794,3.876184559348165,0.9246716056950915,3.8977250497020783,0.8643548140617695,25.0,2.0,12.0,2024.0,23.0,12.0
3.874490993343233,3.8074961762184794,3.876184559348165,1.6489834116105906,3.8977250497020783,0.8643548140617695,26.0,3.0,12.0,2024.0,0.0,10.0
3.874490993343233,3.8074961762184794,3.876184559348165,1.9399620481727973,3.8977250497020783,0.8643548140617695,27.0,4.0,12.0,2024.0,9.0,17.0
3.874490993343233,3.8074961762184794,3.876184559348165,0.4043789565794158,3.8977250497020783,0.8643548140617695,28.0,5.0,12.0,2024.0,22.0,1.0
3.874490993343233,3.8074961762184794,3.876184559348165,0.7042250817317819,3.8977250497020783,0.8643548140617695,29.0,6.0,12.0,2024.0,0.0,23.0
3.874490993343233,3.8074961762184794,3.876184559348165,2.144330562765252,3.8977250497020783,0.8643548140617695,30.0,0.0,12.0,2024.0,20.0,15.0
