num__open,num__low,num__close,num__volume,num__marketCap,num__volatility,sensitive__day,sensitive__day_of_week,sensitive__month,sensitive__year,sensitive__high_time,sensitive__low_time
-0.7970239469154542,-0.7980333451571412,-0.7979072674771602,-0.9026985785756438,-0.7856239148995724,-0.6752008998397527,1.0,3.0,1.0,2015.0,0.0,23.0
-0.7974138920445162,-0.7980610374948046,-0.7978592129383998,-0.9027081188522448,-0.7855849349631283,-1.0075288025730746,2.0,4.0,1.0,2015.0,20.0,1.0
-0.7973668360606462,-0.8001148144793837,-0.7999427512090534,-0.9013416871091215,-0.7870879009030455,1.60718815105571,3.0,5.0,1.0,2015.0,0.0,23.0
-0.7994343598732015,-0.8015987336309122,-0.8009791189378079,-0.9001173046066563,-0.7878338956020557,1.5331786331774795,4.0,6.0,1.0,2015.0,10.0,15.0
-0.8004197757954962,-0.8011263064409871,-0.8003482893387384,-0.9007500489438351,-0.7873739459491897,0.10010500709784823,5.0,0.0,1.0,2015.0,8.0,0.0
-0.7998352877898962,-0.8006450285854549,-0.799629331034344,-0.9018736809186486,-0.7868499301834045,0.20606225874152187,6.0,1.0,1.0,2015.0,22.0,10.0
-0.7991318389318974,-0.7999885511577653,-0.7991292813998957,-0.9017857574257674,-0.7864845323605905,0.2239554980544454,7.0,2.0,1.0,2015.0,19.0,1.0
-0.7986374730678468,-0.8000457090534255,-0.7998036237863594,-0.9020506668800145,-0.786969498554407,-0.14200420365425975,8.0,3.0,1.0,2015.0,0.0,14.0
-0.7993584689230485,-0.8001495263769901,-0.799370408130217,-0.9021192169402529,-0.7866526734104771,-0.22464753185319986,9.0,4.0,1.0,2015.0,20.0,2.0
-0.7990566220021222,-0.8005647319974003,-0.800328528506311,-0.9023065675796087,-0.787343328743364,0.08143168298546685,10.0,5.0,1.0,2015.0,4.0,14.0
-0.7998354712732182,-0.8011291524692834,-0.8008892109896822,-0.9021473008244143,-0.7877463458155842,0.1817469301414092,11.0,6.0,1.0,2015.0,2.0,20.0
-0.8003546223644386,-0.8011189723707949,-0.8007581238715675,-0.9021104468281076,-0.7876482284575191,-0.5136058578404784,12.0,0.0,1.0,2015.0,14.0,10.0
-0.8002780555216277,-0.8039827405843805,-0.8033317068134563,-0.8991836264270584,-0.7895121600037015,3.4897256974846766,13.0,1.0,1.0,2015.0,0.0,23.0
-0.8029468176823551,-0.8070426368080061,-0.8062626516086029,-0.8978388325085511,-0.7916358814142989,4.86409283322828,14.0,2.0,1.0,2015.0,0.0,22.0
-0.8058301224021023,-0.8067020366838203,-0.8043146822750473,-0.8986993123057627,-0.7902200506214175,6.442516419005984,15.0,3.0,1.0,2015.0,13.0,0.0
-0.8038562818054338,-0.8052558008763857,-0.8044218966369728,-0.901050619181852,-0.7902955108144375,1.5077876315834853,16.0,4.0,1.0,2015.0,11.0,17.0
-0.8039321119065242,-0.8055653561380611,-0.8049642304448413,-0.9018615318455467,-0.790686970061476,0.9053197328732824,17.0,5.0,1.0,2015.0,3.0,9.0
-0.8044096665789464,-0.8055886868167694,-0.8042843031088639,-0.9015027328357346,-0.7901906692456815,1.9363308250675502,18.0,6.0,1.0,2015.0,12.0,7.0
-0.8037089793322281,-0.8047786328786579,-0.8040067852445738,-0.9021224874273424,-0.7899866057602012,-0.04265794790577049,19.0,0.0,1.0,2015.0,21.0,7.0
-0.8036208792518121,-0.8049155171919612,-0.8042244053681504,-0.9018299984924155,-0.7901426767675334,0.03203831342479347,20.0,1.0,1.0,2015.0,2.0,13.0
-0.8037146841658308,-0.8045324292420182,-0.8032681260401413,-0.9015114378635597,-0.7894450844171681,0.835798587239536,21.0,2.0,1.0,2015.0,22.0,13.0
-0.8027365064734967,-0.8035699999139008,-0.8028686635564017,-0.9013151001643246,-0.7891521933872659,0.010846272085658675,22.0,3.0,1.0,2015.0,2.0,0.0
-0.8023564385514101,-0.8036482743747333,-0.8029010064447748,-0.9017990508981659,-0.7891733640624856,-0.12494654612029232,23.0,4.0,1.0,2015.0,20.0,3.0
-0.8024065622641481,-0.8033431444458676,-0.8019824086699799,-0.9017903295992606,-0.7885028657663984,0.8291180479065392,24.0,5.0,1.0,2015.0,23.0,2.0
-0.8015076493684226,-0.8024663236487816,-0.8016221007652188,-0.9013130337371585,-0.7882382329289208,-0.02408722448946194,25.0,6.0,1.0,2015.0,22.0,13.0
-0.8010949429456043,-0.8018221121206508,-0.8004097219104751,-0.8973422773283144,-0.7873534448056235,4.441985470686917,26.0,0.0,1.0,2015.0,7.0,0.0
-0.7999238784073617,-0.8020387247811029,-0.8010233059645783,-0.9007263907934466,-0.7877967823811728,1.1586630200185963,27.0,1.0,1.0,2015.0,0.0,10.0
-0.8005260968934991,-0.8035313055061929,-0.802837426607904,-0.9007289290819339,-0.7891140219500972,2.6882139863646737,28.0,2.0,1.0,2015.0,0.0,22.0
-0.8023668062954413,-0.8039317802771137,-0.8028620972140186,-0.901387300370187,-0.7891288782416832,0.8019648943281716,29.0,3.0,1.0,2015.0,2.0,12.0
-0.8024021446222444,-0.8036076195841461,-0.8032970930494001,-0.9016914719405877,-0.7894431646420377,0.6976539231347898,30.0,4.0,1.0,2015.0,6.0,23.0
-0.8027905572910825,-0.8042101652580753,-0.8038470363977992,-0.9018681216329659,-0.7898408358834648,0.7714998923863564,31.0,5.0,1.0,2015.0,10.0,23.0
-0.8033779295422284,-0.8044816589915531,-0.8032635234199417,-0.9015546158863115,-0.7894127825676021,1.1406153335021405,1.0,6.0,2.0,2015.0,21.0,14.0
-0.8027874895622146,-0.8038086794235466,-0.8025726724696033,-0.9014741499717851,-0.7889061725660849,1.0364531796328476,2.0,0.0,2.0,2015.0,23.0,6.0
-0.8021149005400587,-0.8036933544981242,-0.8032453573509328,-0.9009224735790944,-0.7893942699801102,1.1469708641926397,3.0,1.0,2.0,2015.0,11.0,21.0
-0.8027249114506952,-0.8039064265064273,-0.8032708267434229,-0.9016920631231627,-0.7894099183161213,-0.17683415722261386,4.0,2.0,2.0,2015.0,20.0,7.0
-0.8027154639317128,-0.8043103155465439,-0.803868701020027,-0.9019132359142432,-0.789843257155913,1.612357432621796,5.0,3.0,2.0,2015.0,13.0,16.0
-0.8033744939105703,-0.8042150343783433,-0.8035523338573699,-0.9018091606625684,-0.7896092523221766,0.5095422415711897,6.0,4.0,2.0,2015.0,15.0,10.0
-0.8030241811798093,-0.803811967309789,-0.8032155316229092,-0.9019627108449731,-0.789360474915055,-0.30027605328263685,7.0,5.0,2.0,2015.0,10.0,0.0
-0.8027137461158806,-0.8039087033290618,-0.8034820031987272,-0.9022045533314067,-0.7895526070487768,-0.2440689287612508,8.0,6.0,2.0,2015.0,11.0,15.0
-0.8029777992163172,-0.8041652751914862,-0.8036846495894586,-0.9016271415137748,-0.7896977455665218,-0.38839520876314637,9.0,0.0,2.0,2015.0,8.0,14.0
-0.8031684168602873,-0.804271937578591,-0.8037012808274443,-0.9019892381291432,-0.7897073098989017,-0.4338015106975746,10.0,1.0,2.0,2015.0,21.0,7.0
-0.8032021600055298,-0.8040985710416036,-0.8037414177357304,-0.9022014780972778,-0.7897338294492815,-0.5666087819863053,11.0,2.0,2.0,2015.0,2.0,20.0
-0.8032343079692056,-0.8041276555212408,-0.8035831419147074,-0.9023097187454445,-0.7896160021264318,-0.6533564838825592,12.0,3.0,2.0,2015.0,23.0,7.0
-0.8030649182226276,-0.8038970066351584,-0.8027446334771082,-0.9008161312235998,-0.7890001971795432,1.0213617756704276,13.0,4.0,2.0,2015.0,15.0,3.0
-0.8022330619293939,-0.8029950211594377,-0.8014009811519788,-0.9004371181086757,-0.7880142816481088,1.4746547246502262,14.0,5.0,2.0,2015.0,23.0,0.0
-0.8008846326728861,-0.8034909671553607,-0.8027815789856748,-0.9000672276459646,-0.7890215196576424,2.619252664167907,15.0,6.0,2.0,2015.0,9.0,20.0
-0.8022761917445561,-0.8034063706526997,-0.8028418447487152,-0.9016074860490778,-0.7890626178687014,-0.037167348011412464,16.0,0.0,2.0,2015.0,9.0,1.0
-0.8023622669554122,-0.8031982304737634,-0.8022424365775257,-0.9016503657686954,-0.7886209807414799,0.298414778241539,17.0,1.0,2.0,2015.0,17.0,0.0
-0.8017267949249481,-0.8031965865306391,-0.8026894610306994,-0.9017676422899816,-0.7889450541575385,0.07030130456157958,18.0,2.0,2.0,2015.0,3.0,19.0
-0.8021789502627454,-0.8029909749754816,-0.8024466168628485,-0.90214352051015,-0.7887639665074536,-0.419459340365517,19.0,3.0,2.0,2015.0,19.0,3.0
-0.8019433015044588,-0.8027565953804483,-0.802232064528436,-0.9018394574136162,-0.7886036998594321,-0.35403258723040787,20.0,4.0,2.0,2015.0,9.0,2.0
-0.8017285127407742,-0.802510960949464,-0.8021857302365378,-0.9024681990651034,-0.7885669131683701,0.0943506292842514,21.0,5.0,2.0,2015.0,22.0,15.0
-0.8016799224244001,-0.8031010516317822,-0.802710879368261,-0.9020753718032193,-0.7889488918084642,0.13306411948695876,22.0,6.0,2.0,2015.0,1.0,18.0
-0.802204411382573,-0.8031914646444707,-0.8025319839960521,-0.9022449706942437,-0.78881500935757,-0.35137722235994306,23.0,0.0,2.0,2015.0,22.0,13.0
-0.8020201744648635,-0.802939761902308,-0.8025416190640438,-0.9023642702531491,-0.7888195770788421,-0.8158853533513548,24.0,1.0,2.0,2015.0,3.0,7.0
-0.802026800459649,-0.8029948947764843,-0.8026192530461678,-0.9025109377686938,-0.7888734761109082,-0.7820006583795445,25.0,2.0,2.0,2015.0,0.0,8.0
-0.8021220779209627,-0.8030753814213407,-0.8026833245159206,-0.902395781911507,-0.7889176073154358,-0.8182518301810953,26.0,3.0,2.0,2015.0,0.0,3.0
-0.8021773550811787,-0.802937611462627,-0.8016153499434469,-0.9007472774365337,-0.7881307389361843,1.0193743911689925,27.0,4.0,2.0,2015.0,4.0,0.0
-0.8011292374769592,-0.8021129520932234,-0.8015886538098651,-0.9023778891471486,-0.7881081723194336,-0.6625181234054873,28.0,5.0,2.0,2015.0,21.0,2.0
-0.8010824267616201,-0.8023371525545305,-0.8012241731125086,-0.9017669426335395,-0.7878375921366447,0.40667432913752094,1.0,6.0,3.0,2015.0,23.0,12.0
-0.8007097824250962,-0.8015544127699785,-0.800274889018043,-0.9009397209239443,-0.7871368584799274,0.5942051793663271,2.0,0.0,3.0,2015.0,23.0,1.0
-0.7998086003274323,-0.800931759664979,-0.7999047016335061,-0.9003975902315479,-0.786861332023769,0.4654103865517374,3.0,1.0,3.0,2015.0,21.0,12.0
-0.7993825801298404,-0.8009339728137588,-0.8004331030337883,-0.9008899693848536,-0.787246491305525,0.2834615801978304,4.0,2.0,3.0,2015.0,15.0,21.0
-0.7999501352456925,-0.8011462228504997,-0.8002437129383725,-0.900894340881693,-0.7871043452159094,0.4094753818668128,5.0,3.0,3.0,2015.0,21.0,16.0
-0.7997746109775249,-0.8008145380305381,-0.800455749985324,-0.901565983947571,-0.7872569659629438,-0.48154093732824943,6.0,4.0,3.0,2015.0,1.0,12.0
-0.7999774368156116,-0.8008070785421423,-0.8002386205581853,-0.9021676342507798,-0.7870941248124167,-0.4607024719040814,7.0,5.0,3.0,2015.0,20.0,3.0
-0.7997235052545415,-0.8006533119749186,-0.8003556535310469,-0.9019375611789135,-0.7871767670264949,-0.6991621110536307,8.0,6.0,3.0,2015.0,0.0,10.0
-0.7998229550892278,-0.800569347387012,-0.7994195657995138,-0.8999248123060056,-0.7864845755490082,0.5773635593959914,9.0,0.0,3.0,2015.0,20.0,1.0
-0.7988996258052691,-0.7995672116228227,-0.7992874336103634,-0.8994587760312961,-0.7863838005802715,-0.27470402492734125,10.0,1.0,3.0,2015.0,15.0,0.0
-0.7987975997149045,-0.7995188445779393,-0.7990039627742328,-0.9012923586181121,-0.7861713345507363,-0.5835874639579347,11.0,2.0,3.0,2015.0,17.0,4.0
-0.7985152619393981,-0.7993983987311044,-0.7991282382017423,-0.9013671350783152,-0.7862597726655007,-0.7861842640262608,12.0,3.0,3.0,2015.0,18.0,8.0
-0.798638515927155,-0.7998457866605925,-0.7996816182980827,-0.901430250597818,-0.7866639559808186,-0.3884003883545754,13.0,4.0,3.0,2015.0,1.0,23.0
-0.7992321481425699,-0.8001215156700658,-0.7998934699292075,-0.9019080345923215,-0.7868170481716755,-0.7064779750293738,14.0,5.0,3.0,2015.0,16.0,21.0
-0.7994172435001257,-0.8001202518405512,-0.7996168107836761,-0.9024852348859128,-0.786609843028499,-0.6858735667259682,15.0,6.0,3.0,2015.0,21.0,0.0
-0.7991558883534866,-0.7998237844500032,-0.7993590546882576,-0.9019674891188136,-0.7864165882383848,-0.4311247116660908,16.0,0.0,3.0,2015.0,14.0,0.0
-0.7988546555400154,-0.7999066743004474,-0.7996713080542646,-0.9019685141968565,-0.7866438555355879,-0.48288778792027465,17.0,1.0,3.0,2015.0,9.0,21.0
-0.7991938038721018,-0.8020882312020534,-0.8014637022700848,-0.9000425172990664,-0.7879625246095422,2.026920738536214,18.0,2.0,3.0,2015.0,0.0,21.0
-0.8009844494742288,-0.8021662519322297,-0.8011796171269673,-0.9002744344266712,-0.7877500791020808,0.38463207143992856,19.0,3.0,3.0,2015.0,17.0,1.0
-0.8006730333361947,-0.8015007337821248,-0.8011292327165849,-0.902133421593134,-0.7877100139999158,-0.6307509540528671,20.0,4.0,3.0,2015.0,3.0,11.0
-0.8006308228099351,-0.8017227838037444,-0.8012350358580361,-0.9022053723091024,-0.787784896646844,-0.5471113442651666,21.0,5.0,3.0,2015.0,16.0,6.0
-0.8007367769412878,-0.8014736723944658,-0.8007480589759652,-0.902134430400097,-0.7874222986961676,-0.18301931698506138,22.0,6.0,3.0,2015.0,23.0,2.0
-0.8002473201923305,-0.8013374199959229,-0.800822931385968,-0.9018972089003967,-0.7874744721530488,0.30837289701204057,23.0,0.0,3.0,2015.0,15.0,19.0
-0.8003281801705057,-0.8024495687425579,-0.8021206155686377,-0.9009609818018726,-0.7884295354703839,1.0245917740462245,24.0,1.0,3.0,2015.0,0.0,14.0
-0.8015002875680565,-0.8029326169241678,-0.8020836700600711,-0.9011891457336798,-0.7883990034197993,0.13137362650107143,25.0,2.0,3.0,2015.0,13.0,7.0
-0.8015736631116,-0.8024021490874339,-0.8019403698447818,-0.9017389401047785,-0.7882900903195195,-0.20141586532457814,26.0,3.0,3.0,2015.0,18.0,1.0
-0.8014331701165079,-0.8023826755006298,-0.8020326095374241,-0.902197518801133,-0.7883548747922179,0.013327322563872278,27.0,4.0,3.0,2015.0,13.0,2.0
-0.8015307785649689,-0.8022712703762103,-0.8016785617579907,-0.9022644471770601,-0.788090003316623,-0.43690835697531566,28.0,5.0,3.0,2015.0,11.0,0.0
-0.8011770910516125,-0.8026585308930565,-0.8022974863498298,-0.9019575474889048,-0.7885448044163914,0.06417463448277236,29.0,6.0,3.0,2015.0,1.0,22.0
-0.8017820720851704,-0.8027619690677674,-0.8020021086335739,-0.9018864862586458,-0.7883234459211906,-0.12578283728014664,30.0,0.0,3.0,2015.0,19.0,2.0
-0.8015013922125673,-0.8025390970745855,-0.8022047550243115,-0.9019047966473921,-0.7884704291470123,-0.5680429157822966,31.0,1.0,3.0,2015.0,3.0,13.0
-0.8016996159892945,-0.802638930923299,-0.8020176966734122,-0.9018936672286398,-0.788329286819896,-0.5183928308271024,1.0,2.0,4.0,2015.0,23.0,10.0
-0.8015237846673932,-0.802369840395409,-0.8016658579643845,-0.9017095111446666,-0.788065360237009,-0.24702888798805098,2.0,3.0,4.0,2015.0,19.0,8.0
-0.8011565998959409,-0.8019612095827339,-0.8015850325825411,-0.9018790557987575,-0.7880024836031119,-0.7689241555934443,3.0,4.0,4.0,2015.0,10.0,5.0
-0.8010819362245644,-0.802010462273028,-0.8016233893115818,-0.9024568472749239,-0.7880277732676085,-0.7715756895468545,4.0,5.0,4.0,2015.0,2.0,9.0
-0.8011144520910305,-0.8019572261078763,-0.8011998705287149,-0.9020687440499467,-0.7877107886755089,-0.30379607617839294,5.0,6.0,4.0,2015.0,23.0,8.0
-0.8006874498831931,-0.8017907517831415,-0.8015132288981528,-0.9020478628305529,-0.7879404799416868,-0.47757295947557304,6.0,0.0,4.0,2015.0,2.0,18.0
-0.8010216282511233,-0.8019405975846062,-0.801655118829406,-0.9021328412579457,-0.7880425183322303,-0.8298146038246382,7.0,1.0,4.0,2015.0,0.0,4.0
-0.8011572140034022,-0.8024457753245084,-0.802155780897959,-0.901502662327721,-0.7884113415125602,-0.20934066924754546,8.0,2.0,4.0,2015.0,9.0,20.0
-0.8016672227570877,-0.8027502096647652,-0.8022383864590477,-0.901960579333487,-0.7884699891595316,-0.4841937835742392,9.0,3.0,4.0,2015.0,1.0,8.0
-0.8017320710066979,-0.803169336050928,-0.8027050490705315,-0.9015679852904168,-0.7888133493516272,-0.034247133560156906,10.0,4.0,4.0,2015.0,0.0,16.0
-0.8022031223186,-0.8030805660166078,-0.8026755913648348,-0.9022468581395292,-0.7887888005159106,-0.6066752262327901,11.0,5.0,4.0,2015.0,3.0,10.0
-0.8021712814086518,-0.8031235603389283,-0.802700078428011,-0.9024625746951005,-0.7888045269741459,-0.7315754759376334,12.0,6.0,4.0,2015.0,3.0,8.0
-0.8022071720577133,-0.8038505980436421,-0.8034098923608454,-0.9014432511907756,-0.7893287228966173,0.4446347918655297,13.0,0.0,4.0,2015.0,5.0,21.0
-0.8028937488750209,-0.8042092805774144,-0.8037430134355931,-0.9014141151101046,-0.7895734942757302,-0.19801114966259717,14.0,1.0,4.0,2015.0,0.0,18.0
-0.8032425899946143,-0.8040622161656289,-0.8034561667203545,-0.901910762710076,-0.7893581902877878,-0.582215132741954,15.0,2.0,4.0,2015.0,23.0,0.0
-0.8029454059841166,-0.8037291401684434,-0.8031652689501874,-0.9017890875734836,-0.789139468897568,-0.529432969387785,16.0,3.0,4.0,2015.0,22.0,0.0
-0.8026596344492382,-0.8038540123128378,-0.8035145296300386,-0.9020264066996642,-0.7893967693930798,-0.4060169871209067,17.0,4.0,4.0,2015.0,0.0,15.0
-0.8030106839217136,-0.8039214110865731,-0.8034854399466687,-0.902432684721054,-0.7893725161973403,-0.7952762505011159,18.0,5.0,4.0,2015.0,6.0,10.0
-0.8029736895642873,-0.8038267618331331,-0.8035318360438445,-0.9023197363070602,-0.7894043821235024,-0.7337711606354839,19.0,6.0,4.0,2015.0,12.0,20.0
-0.8030254693076484,-0.8038517991640581,-0.8034074988110512,-0.9021384113910151,-0.7893090913994643,-0.6861872971815378,20.0,0.0,4.0,2015.0,13.0,0.0
-0.8029022771050944,-0.803704862099982,-0.8027543303503776,-0.9017797262787632,-0.7888201953803493,0.0695107445045422,21.0,1.0,4.0,2015.0,23.0,15.0
-0.8022285216532249,-0.8031247614593442,-0.8028214087404674,-0.9018410194373008,-0.7888672491906172,-0.7077566176614526,22.0,2.0,4.0,2015.0,14.0,22.0
-0.8023235547821538,-0.8031422746632688,-0.8026811145090709,-0.9022104760045438,-0.7887602980426112,-0.8325499606646731,23.0,3.0,4.0,2015.0,23.0,4.0
-0.802205944778937,-0.8033487718638433,-0.8029998742850719,-0.9019711446881309,-0.7889953406264569,-0.49571562443033873,24.0,4.0,4.0,2015.0,0.0,16.0
-0.8024964410094465,-0.8035761328636833,-0.8032992412509785,-0.902377460675374,-0.7892153058665315,-0.49797052109960893,25.0,5.0,4.0,2015.0,1.0,23.0
-0.8027924585902367,-0.8043008956752749,-0.8037263821976075,-0.9015646388716204,-0.7895309371772686,0.18556281797110186,26.0,6.0,4.0,2015.0,0.0,16.0
-0.8032207489259071,-0.8041017962187537,-0.8031215117510216,-0.9010423209310281,-0.7890776563799127,0.6085679905395899,27.0,0.0,4.0,2015.0,21.0,12.0
-0.8026354623933837,-0.8037827564472048,-0.8033320748357832,-0.9019700328309943,-0.7892317978575907,-0.46822555594818954,28.0,1.0,4.0,2015.0,0.0,13.0
-0.8028427049372341,-0.8037599322650534,-0.8033349590820092,-0.9021073987124454,-0.789231622479219,-0.7806109851258627,29.0,2.0,4.0,2015.0,0.0,8.0
-0.8028364477813789,-0.8036611094799541,-0.8027005691244429,-0.9013002392445482,-0.7887559763030382,0.47681243887919333,30.0,3.0,4.0,2015.0,20.0,2.0
-0.8022078470142312,-0.8032130886709559,-0.8029501032452322,-0.9021139722287844,-0.7889393367895947,-0.4390944597957633,1.0,4.0,5.0,2015.0,7.0,23.0
-0.8024285868161773,-0.8031965228567844,-0.8027751353173964,-0.9024545693237173,-0.788805973911756,-0.8176181434824231,2.0,5.0,5.0,2015.0,17.0,0.0
-0.8022728169619606,-0.8030863834913914,-0.8024420142426487,-0.9021313931318216,-0.7885546203148327,-0.18540163064812867,3.0,6.0,5.0,2015.0,12.0,2.0
-0.8019368599291415,-0.8028507391020876,-0.8025242508449664,-0.9019833642692462,-0.7886135463160002,-0.6748345068683502,4.0,0.0,5.0,2015.0,12.0,15.0
-0.8020291314467902,-0.8032146689402255,-0.8027020421501946,-0.9018366153983013,-0.7887433823667047,-0.4197998929324705,5.0,1.0,5.0,2015.0,0.0,9.0
-0.8021888284058609,-0.8033931563986253,-0.8030910717160049,-0.9015297374049194,-0.7890308897300594,-0.40325641695493536,6.0,2.0,5.0,2015.0,0.0,22.0
-0.8025929457495365,-0.8034347595437218,-0.8026275995677963,-0.9015580924737482,-0.7886819141881637,-0.007415943473282451,7.0,3.0,5.0,2015.0,18.0,7.0
-0.802130238248246,-0.802947854270214,-0.802226909406527,-0.9016458966453758,-0.7883795718376296,-0.10315023772879042,8.0,4.0,5.0,2015.0,16.0,5.0
-0.801727469881466,-0.8027350977369101,-0.8023515537928136,-0.9020610803712446,-0.7884701670007195,-0.3276065222188939,9.0,5.0,5.0,2015.0,7.0,10.0
-0.801852625168371,-0.8027850469805753,-0.8024458190129171,-0.9023198664757006,-0.788538127502186,-0.6359009699436451,10.0,6.0,5.0,2015.0,8.0,7.0
-0.8019403573459964,-0.8027517262601802,-0.8023315466757261,-0.9020013221179249,-0.788449612080329,-0.667598838220166,11.0,0.0,5.0,2015.0,17.0,5.0
-0.8018271031994806,-0.8027060142220352,-0.8023957408195839,-0.9020886273097644,-0.7884946563233246,-0.8974966185554643,12.0,1.0,5.0,2015.0,0.0,2.0
-0.8018729328407204,-0.8030255595253912,-0.8026863314362515,-0.9016602911275241,-0.7887089691797724,-0.26608992493662936,13.0,2.0,5.0,2015.0,13.0,22.0
-0.80219097497354,-0.8030880264697597,-0.8026524546532994,-0.9018103321803319,-0.7886806562951791,-0.7847776648238637,14.0,3.0,5.0,2015.0,16.0,21.0
-0.8021455141712305,-0.8029149136634351,-0.8026109683298167,-0.9022487998217481,-0.7886467853113764,-0.9810351282675523,15.0,4.0,5.0,2015.0,14.0,23.0
-0.8021032437320545,-0.8030097529736832,-0.802700078428011,-0.9025329850821577,-0.7887109643369338,-0.9332706573098022,16.0,5.0,5.0,2015.0,0.0,20.0
-0.8022034911575303,-0.802964546467339,-0.8026602486732185,-0.902530566114924,-0.7886778484939833,-0.9739246216053258,17.0,6.0,5.0,2015.0,15.0,0.0
-0.8021496865446094,-0.8031889987297841,-0.8028857246219919,-0.9022243443884373,-0.7888440543331771,-0.6757442226099701,18.0,0.0,5.0,2015.0,6.0,20.0
-0.8023858866890082,-0.8032296535203713,-0.8029582034822006,-0.9023620194204093,-0.7888959431345368,-0.9356535819338662,19.0,1.0,5.0,2015.0,8.0,20.0
-0.8024562562888929,-0.8032280732511018,-0.8028311046772925,-0.9022938164765452,-0.7887979027466567,-0.877748957102856,20.0,2.0,5.0,2015.0,17.0,7.0
-0.8023258239840982,-0.8031020626953901,-0.8027497277301839,-0.9023149959990732,-0.7887339303646336,-0.9286603934132146,21.0,3.0,5.0,2015.0,18.0,4.0
-0.8022457615967064,-0.8030246111708758,-0.8024426276131977,-0.9016698964884452,-0.7885009261006408,-0.5447401469279037,22.0,4.0,5.0,2015.0,18.0,11.0
-0.8019411549367798,-0.8027950370222557,-0.8025332116735818,-0.902342325989859,-0.7885667071824952,-0.9434784782752335,23.0,5.0,5.0,2015.0,12.0,23.0
-0.8020215243778993,-0.8027874492214009,-0.8024054985616866,-0.9025102977728786,-0.7884680512050768,-0.8518301991216037,24.0,6.0,5.0,2015.0,18.0,5.0
-0.8019018286560662,-0.8029249037051156,-0.8026413465595497,-0.9023521482985141,-0.7886423215510229,-0.7237929528861858,25.0,0.0,5.0,2015.0,6.0,20.0
-0.8021363727698357,-0.8029846519688971,-0.8026409785372228,-0.9022436147709064,-0.7886392758478458,-0.9165100385673068,26.0,1.0,5.0,2015.0,10.0,7.0
-0.8021387655421857,-0.8029212357052634,-0.8026307291622441,-0.9021127952873277,-0.7886289245111928,-0.982993002557834,27.0,2.0,5.0,2015.0,7.0,18.0
-0.802126986099916,-0.8029239553506,-0.802623057816436,-0.9023843813080874,-0.7886206213179202,-1.0671010394950349,28.0,3.0,5.0,2015.0,20.0,8.0
-0.8021196242995499,-0.8029821860542169,-0.8026422062147588,-0.9023314786031609,-0.7886320441525481,-0.9996356533536254,29.0,4.0,5.0,2015.0,0.0,7.0
-0.8021371095115563,-0.8032151744720326,-0.8028724074578368,-0.9023697915729785,-0.7888024500682904,-0.6437526323482005,30.0,5.0,5.0,2015.0,0.0,19.0
-0.8023798748016842,-0.8033734927550131,-0.8030660321511193,-0.9023355029836259,-0.7889452353008111,-0.7829138631578821,31.0,6.0,5.0,2015.0,1.0,23.0
-0.8025579144764611,-0.8038948561954772,-0.8035118298632012,-0.9017193876902552,-0.7892780355847705,-0.023297468035661534,1.0,0.0,6.0,2015.0,7.0,21.0
-0.8030081685151043,-0.8038238530957381,-0.8033352662355027,-0.9020248229812062,-0.7891424625430746,-0.7306331924211821,2.0,1.0,6.0,2015.0,13.0,4.0
-0.8028338097405101,-0.8037283191616373,-0.803330908963525,-0.9021716206653914,-0.7891365837222225,-0.7964780013907974,3.0,2.0,6.0,2015.0,20.0,8.0
-0.8028316004514883,-0.8037204785948819,-0.8034260329023869,-0.9023356494233463,-0.7892055866582264,-0.9051699309121458,4.0,3.0,6.0,2015.0,15.0,23.0
-0.8029308658667126,-0.80377580152586,-0.803387492630408,-0.9021551272139169,-0.7891740650406834,-0.8728069461395711,5.0,4.0,6.0,2015.0,15.0,7.0
-0.8028786564353584,-0.8036999302706153,-0.8033465578721904,-0.9025307179783378,-0.7891399953494121,-1.04080073776498,6.0,5.0,6.0,2015.0,11.0,3.0
-0.8028423988196466,-0.8038091222462487,-0.8035145914353161,-0.9024121072284876,-0.7892638433288793,-0.788425410581935,7.0,6.0,6.0,2015.0,7.0,19.0
-0.803009088740153,-0.8037972982046422,-0.8031704240720965,-0.9018664836775745,-0.7890017016644563,-0.4252429691704813,8.0,0.0,6.0,2015.0,20.0,0.0
-0.8026619045873167,-0.8034754770434078,-0.8031361174615399,-0.9015966712045399,-0.7889730698115677,-0.8522461036730008,9.0,1.0,6.0,2015.0,8.0,4.0
-0.802633867211817,-0.8034703561219954,-0.803151153936107,-0.9022718288237082,-0.7889812827887496,-0.9946319817943872,10.0,2.0,6.0,2015.0,12.0,16.0
-0.8026424562909594,-0.803422493644163,-0.8030957970103094,-0.9023525767702887,-0.7889370032852471,-1.0230255961189203,11.0,3.0,6.0,2015.0,10.0,0.0
-0.8025903077086617,-0.8033879718033582,-0.8030787977500031,-0.9023741793408978,-0.7889215373217917,-0.9984081425947534,12.0,4.0,6.0,2015.0,16.0,2.0
-0.8025771175042997,-0.8033944839019883,-0.8029302806075271,-0.9024128177323164,-0.7888065534721241,-0.8073382267847156,13.0,5.0,6.0,2015.0,20.0,0.0
-0.8024223905093849,-0.8032178304435209,-0.8028602561659399,-0.9024746152943354,-0.78875090727167,-0.8770539993226643,14.0,6.0,6.0,2015.0,9.0,1.0
-0.8023622669554122,-0.8031281757285399,-0.8026589601268492,-0.9020544851601322,-0.7885962503126209,-0.7053134736794772,15.0,0.0,6.0,2015.0,18.0,0.0
-0.8021571709792409,-0.8029574651630408,-0.8017953503190808,-0.9008775491270843,-0.7879420349745933,0.5134797602988426,16.0,1.0,6.0,2015.0,15.0,1.0
-0.8012947010548293,-0.8023028207705276,-0.801894219095828,-0.9007557112796915,-0.788013517802808,-0.1236139094903238,17.0,2.0,6.0,2015.0,11.0,2.0
-0.8013802857286358,-0.8024513390686293,-0.8019112183561344,-0.9014541853565673,-0.7880231434871957,-0.36638961206377757,18.0,3.0,6.0,2015.0,13.0,5.0
-0.8014039054622318,-0.8024728357474115,-0.8021813111592825,-0.901834652021309,-0.7882242556584759,-0.4473623939716504,19.0,4.0,6.0,2015.0,8.0,23.0
-0.8016807818003863,-0.8026726307925415,-0.8021441203025,-0.9020167362544229,-0.7881934923560491,-0.6442108294841559,20.0,5.0,6.0,2015.0,16.0,4.0
-0.8016458113763736,-0.8025932815942464,-0.8022219387640065,-0.9025594960952478,-0.7882498460333373,-0.8419144846319687,21.0,6.0,6.0,2015.0,0.0,18.0
-0.8017151999021467,-0.8024733412792185,-0.8020350030872121,-0.9021748694577074,-0.7881055038605618,-0.7557817526602365,22.0,0.0,6.0,2015.0,22.0,9.0
-0.8015337236595713,-0.8025141861266076,-0.8022003359470562,-0.9023150068464598,-0.7882277121693924,-0.7575821453931114,23.0,1.0,6.0,2015.0,3.0,12.0
-0.801695996874308,-0.8026797120968396,-0.8024323791746572,-0.9021937222157886,-0.7884001903317047,-0.7894204705436845,24.0,2.0,6.0,2015.0,0.0,23.0
-0.8019363076068831,-0.802689195641957,-0.8022922085538097,-0.9022594465317924,-0.788291164543673,-0.8753613913073958,25.0,3.0,6.0,2015.0,5.0,0.0
-0.8017989431897155,-0.8026140836491759,-0.8022434189068458,-0.9023760342440232,-0.788251165580038,-0.9606131037805041,26.0,4.0,6.0,2015.0,22.0,15.0
-0.8017409671395618,-0.8025151971902218,-0.8017895200213512,-0.902023217567975,-0.7879050023723281,-0.3207612721431854,27.0,5.0,6.0,2015.0,22.0,3.0
-0.8012866025127426,-0.8022422495704278,-0.8019109730079185,-0.9023134393990819,-0.7879940981431475,-0.8092882376377389,28.0,6.0,6.0,2015.0,3.0,19.0
-0.8014236608123229,-0.80216972987528,-0.8014167546076438,-0.9012501080469231,-0.7876169486699409,-0.30041503788666835,29.0,0.0,6.0,2015.0,23.0,0.0
-0.8009135275520917,-0.8017040685146478,-0.8010480393124145,-0.9007190796548121,-0.7873345891835977,0.006051910382570256,30.0,1.0,6.0,2015.0,15.0,1.0
-0.8005264657324294,-0.801714943236989,-0.8013211999047269,-0.9016684429386277,-0.7875387236029868,-0.2708343472190717,1.0,2.0,7.0,2015.0,1.0,10.0
-0.8008205202288626,-0.8018197725889176,-0.8015181386718399,-0.9019655474365946,-0.7876847471212464,-0.4423059561657985,2.0,3.0,7.0,2015.0,3.0,14.0
-0.8010102784968467,-0.8018584033227771,-0.8014614323308459,-0.9021021214588167,-0.7876384177555018,-0.8329175807753038,3.0,4.0,7.0,2015.0,2.0,7.0
-0.8009469645797406,-0.8018144616107035,-0.8011821960925881,-0.9022872538075928,-0.7874234875030611,-0.462308228801367,4.0,5.0,7.0,2015.0,22.0,5.0
-0.8006822973718489,-0.8015298809708606,-0.8005054601563302,-0.9007395649445914,-0.7869071494701506,0.3743672934378757,5.0,6.0,7.0,2015.0,18.0,8.0
-0.8000501991878401,-0.8009672298602992,-0.8006823918063556,-0.900468450785153,-0.7870374162753134,-0.2567964021920595,6.0,0.0,7.0,2015.0,16.0,2.0
-0.8001204452173194,-0.8011422403404045,-0.8008556413602237,-0.901569308671594,-0.7871659874595798,-0.5706282301185215,7.0,1.0,7.0,2015.0,4.0,14.0
-0.8003646839908822,-0.8011704401393809,-0.800574685811548,-0.901128763755625,-0.7869492089130152,-0.3591518045040802,8.0,2.0,7.0,2015.0,13.0,3.0
-0.8000674391313218,-0.8009997286091257,-0.8006702405144588,-0.9009486428995035,-0.7870188718202804,-0.6931058548202493,9.0,3.0,7.0,2015.0,7.0,1.0
-0.8001699557587361,-0.8008912322221011,-0.7997088051280963,-0.8976896106503868,-0.786285174588772,1.286297262288684,10.0,4.0,7.0,2015.0,18.0,0.0
-0.7992052753245039,-0.799960036848546,-0.7992042774204476,-0.9009047814913898,-0.7858984236337042,0.16637686565364637,11.0,5.0,7.0,2015.0,14.0,2.0
-0.7986985168468683,-0.7993925812563272,-0.7981148227051407,-0.900075222169961,-0.7850672743627675,0.7387390024437506,12.0,6.0,7.0,2015.0,14.0,0.0
-0.7976134058213564,-0.800119304450798,-0.7992693920883478,-0.8997688431563673,-0.7859411928759734,1.2992391259617881,13.0,0.0,7.0,2015.0,0.0,9.0
-0.7987663719762775,-0.7997635296896585,-0.7995510836816774,-0.9015763811677211,-0.7861519648175499,-0.3517818849966157,14.0,1.0,7.0,2015.0,14.0,6.0
-0.7990110994146161,-0.7998438899515677,-0.7996514236112818,-0.9016436675074093,-0.7862247118641464,-0.4864745714051937,15.0,2.0,7.0,2015.0,12.0,23.0
-0.7991339864357166,-0.8004841826434452,-0.8001264346172888,-0.9004506719183549,-0.7865829567217808,0.24839617304446604,16.0,3.0,7.0,2015.0,0.0,17.0
-0.7996217862179045,-0.8006863162555524,-0.8000415591169613,-0.9016379834767795,-0.7865150577349852,-0.4279583077372681,17.0,4.0,7.0,2015.0,20.0,7.0
-0.7995457117844293,-0.8005578397851605,-0.8003220839015882,-0.9017683853359704,-0.7867252151246731,-0.4114307785671805,18.0,5.0,7.0,2015.0,9.0,17.0
-0.7998257167005083,-0.8006565998611611,-0.8004010672989087,-0.9023028686207447,-0.7867819357971034,-0.8974756933176903,19.0,6.0,7.0,2015.0,4.0,10.0
-0.7999035098859556,-0.8006283383178421,-0.8000716919984845,-0.9019026597122125,-0.7865276461664384,-0.6249095770640906,20.0,0.0,7.0,2015.0,23.0,0.0
-0.7995732586228733,-0.8004728641336395,-0.8002648859277183,-0.9018907655526981,-0.7866719274068728,-0.7188393664437212,21.0,1.0,7.0,2015.0,4.0,23.0
-0.7997711135606639,-0.8005384925813034,-0.800179643341508,-0.9020828131104942,-0.786603535390578,-0.8864148863037735,22.0,2.0,7.0,2015.0,16.0,3.0
-0.7996677993424663,-0.8004540861354442,-0.8002516296323965,-0.9021293755178956,-0.7866552704649699,-0.9713927150711366,23.0,3.0,7.0,2015.0,2.0,16.0
-0.7997497639651524,-0.8004832969980348,-0.7995011262895667,-0.901116875019804,-0.7860793545023321,0.11848045859006419,24.0,4.0,7.0,2015.0,20.0,1.0
-0.7990037993994529,-0.7998037406927812,-0.799475413421743,-0.902013802036321,-0.7860561699727264,-0.7698564532461524,25.0,5.0,7.0,2015.0,13.0,1.0
-0.7989745955942394,-0.7996960045329761,-0.7992306045952583,-0.9022649136146882,-0.7858660846135047,-0.7153769935958489,26.0,6.0,7.0,2015.0,12.0,8.0
-0.7987292540484395,-0.7997121892687817,-0.7991730395355057,-0.9014752401341483,-0.7858186073921006,-0.28140388041830083,27.0,0.0,7.0,2015.0,16.0,8.0
-0.7986682720546208,-0.7993345396447623,-0.7991237582556596,-0.9017539311931952,-0.7857777639062818,-0.9105107429688155,28.0,1.0,7.0,2015.0,1.0,11.0
-0.7986160616871264,-0.7996282883547297,-0.7994206089976611,-0.9017962902382513,-0.7860007121838939,-0.6885764579970464,29.0,2.0,7.0,2015.0,0.0,10.0
-0.7989461912520834,-0.799767955987218,-0.7995352502936232,-0.9019609969578748,-0.7860850873086608,-0.8763099152051967,30.0,3.0,7.0,2015.0,6.0,10.0
-0.7990325107953303,-0.8000350234231363,-0.7997237807338299,-0.9018528864783484,-0.7862255352979209,-0.5995717335793292,31.0,4.0,7.0,2015.0,2.0,7.0
-0.799217177401033,-0.8003025963908551,-0.7999108990171183,-0.9021042258518361,-0.7863649346587004,-0.5746287454788277,1.0,5.0,8.0,2015.0,0.0,15.0
-0.7994771208494333,-0.800339457763393,-0.7998487304007217,-0.9021732586207828,-0.7863139630326196,-0.6868689992222077,2.0,6.0,8.0,2015.0,23.0,5.0
-0.7993325172661652,-0.8001684934672374,-0.7999338531221537,-0.9019697670700202,-0.7863753963868776,-0.7153722102885438,3.0,0.0,8.0,2015.0,20.0,3.0
-0.7994295125433111,-0.8001057727922125,-0.7996889225580083,-0.9019461956987253,-0.7861850823430924,-0.7815584446065246,4.0,1.0,8.0,2015.0,18.0,0.0
-0.7992073011301977,-0.8000891442689423,-0.7998936553450342,-0.9020427754061916,-0.7863385477284848,-0.8301820965518688,5.0,2.0,8.0,2015.0,2.0,11.0
-0.7993877326411846,-0.8002841965767575,-0.80009648527871,-0.9021152305256414,-0.7864904041345407,-0.8732277816497518,6.0,3.0,8.0,2015.0,0.0,16.0
-0.7995819085510723,-0.8004129894869045,-0.8000346238158069,-0.9008302111315338,-0.7864399627544327,-0.8209820524647088,7.0,4.0,8.0,2015.0,16.0,4.0
-0.7995204959331265,-0.8014028593515348,-0.8011753825291005,-0.8999598059754935,-0.7873092213425044,0.5840871456857868,8.0,5.0,8.0,2015.0,0.0,23.0
-0.8006632169782758,-0.801418160371442,-0.8009246216672194,-0.9018441814505233,-0.787114307657837,-0.5468937987498051,9.0,6.0,8.0,2015.0,14.0,0.0
-0.8003956046757817,-0.8012836136603598,-0.8009622423516065,-0.9019965980810178,-0.7871395410574534,-0.7622994020193897,10.0,0.0,8.0,2015.0,9.0,13.0
-0.8004652983830084,-0.8011889016978211,-0.8005991738111685,-0.901754999660785,-0.7868579765866164,-0.5786111191271454,11.0,1.0,8.0,2015.0,23.0,2.0
-0.8000814887116701,-0.8011019656634271,-0.8008452693111279,-0.901680071337168,-0.787043720872371,-0.6969861155965216,12.0,2.0,8.0,2015.0,3.0,12.0
-0.8003523512902202,-0.8012681235484069,-0.8009861778495114,-0.9016328797813381,-0.7871485058342457,-0.8651160505563592,13.0,3.0,8.0,2015.0,1.0,11.0
-0.800478183405923,-0.8013543012850936,-0.8008879842485906,-0.9016651127909113,-0.7870702335927546,-0.6079257301934646,14.0,4.0,8.0,2015.0,17.0,3.0
-0.8003924760978571,-0.8013658088869512,-0.8011413840084818,-0.902086539187825,-0.7872615041649067,-0.6711915012428439,15.0,5.0,8.0,2015.0,5.0,23.0
-0.8006172038537139,-0.8016348367057425,-0.801328197011159,-0.9015226974509524,-0.7874018333789456,-0.6610934748093458,16.0,6.0,8.0,2015.0,3.0,8.0
-0.8008243246994451,-0.8016300302945731,-0.8013607833748594,-0.9019619677989843,-0.7874237438987274,-0.8555970000998712,17.0,0.0,8.0,2015.0,5.0,12.0
-0.8008589262845336,-0.804540839014429,-0.804238889341002,-0.9008485215202803,-0.789628626998514,3.515405314385704,18.0,1.0,8.0,2015.0,0.0,23.0
-0.8028377967582807,-0.8038019135942539,-0.8032811978560745,-0.8998330976514733,-0.7888910829369434,0.4853505897216361,19.0,2.0,8.0,2015.0,2.0,21.0
-0.80276245813038,-0.8035405999592645,-0.8027493587714128,-0.901383959375084,-0.7884801284458092,-0.00048639718874860085,20.0,3.0,8.0,2015.0,10.0,0.0
-0.80224367587809,-0.8032355337042537,-0.8029200312325484,-0.9018775805541666,-0.7886080102822487,-0.6769846388626819,21.0,4.0,8.0,2015.0,8.0,16.0
-0.8024088932512892,-0.8038058343600063,-0.8030537581851176,-0.9018758395486015,-0.7887077437694247,0.1688333973069558,22.0,5.0,8.0,2015.0,2.0,18.0
-0.8025491409778566,-0.8036239953415095,-0.8031900622304129,-0.902136138863502,-0.7888099198379325,-0.39408727513116215,23.0,6.0,8.0,2015.0,2.0,17.0
-0.8026880397275282,-0.8045810509823077,-0.8042747298461437,-0.8999225072363323,-0.7896404485921737,0.8139747075627985,24.0,0.0,8.0,2015.0,0.0,23.0
-0.8037950545430841,-0.8052686986907049,-0.8035926552450384,-0.8998211655261055,-0.7891139479719184,2.1032108557908242,25.0,1.0,8.0,2015.0,20.0,0.0
-0.8030583530769048,-0.8039638998770865,-0.803333547861535,-0.901409288023024,-0.7889118734191614,0.08527962257198872,26.0,2.0,8.0,2015.0,14.0,4.0
-0.8028145449274688,-0.8037438719826889,-0.8033987233982625,-0.9019463746806058,-0.7889594960284437,-0.6269054645216229,27.0,3.0,8.0,2015.0,17.0,23.0
-0.8028973071409383,-0.8039182505480402,-0.8029920193963194,-0.9014348553134713,-0.7886438727674158,0.45226739855283493,28.0,4.0,8.0,2015.0,17.0,1.0
-0.8024771771325514,-0.8035133494795534,-0.8030911943901159,-0.9022046997711272,-0.7887171483364516,-0.536047886965352,29.0,5.0,8.0,2015.0,5.0,22.0
-0.8025786509006575,-0.8035818239555073,-0.8031537310288395,-0.9020815765084106,-0.7887624944668962,-0.5393047304780243,30.0,6.0,8.0,2015.0,3.0,16.0
-0.8026265662605135,-0.8036028151024888,-0.8030742559986368,-0.9020111715450467,-0.7886983892211037,-0.5122022872282374,31.0,0.0,8.0,2015.0,19.0,8.0
-0.8025565037143627,-0.8035430658739446,-0.8031930082819164,-0.9020185206495347,-0.7887869463672819,-0.7051031188491622,1.0,1.0,9.0,2015.0,0.0,10.0
-0.802693254960209,-0.8035674076162672,-0.8031216344251326,-0.902116949836433,-0.7887290181766862,-0.7291625061160957,2.0,2.0,9.0,2015.0,18.0,4.0
-0.802613682173733,-0.8035552680996553,-0.8032505742781195,-0.9021862863322071,-0.7888256479563748,-0.863246419970779,3.0,3.0,9.0,2015.0,2.0,10.0
-0.8027430716192195,-0.8035309900311939,-0.8030594040034584,-0.9019975201088872,-0.7886754704354197,-0.7563327162973369,4.0,4.0,9.0,2015.0,23.0,0.0
-0.8025600001950774,-0.8033797530524988,-0.8027696730419939,-0.9020133030565329,-0.7884494012076545,-0.4412822771025836,5.0,5.0,9.0,2015.0,16.0,1.0
-0.8022734310694157,-0.8030485737643381,-0.8024738046293063,-0.9017528410308321,-0.7882185652183286,-0.28746234872119697,6.0,6.0,9.0,2015.0,14.0,0.0
-0.8019627498008223,-0.8027930766393764,-0.8024733748017018,-0.9019850564615711,-0.788215277231878,-0.8297775290700204,7.0,0.0,9.0,2015.0,13.0,5.0
-0.8019681494529713,-0.8027326327869859,-0.8022426210569144,-0.9016766110208113,-0.7880346506923958,-0.5360599460324922,8.0,1.0,9.0,2015.0,10.0,1.0
-0.8017491883159139,-0.8028500435134787,-0.8025764163710382,-0.9018525285145874,-0.7882892489148914,-0.49337852120585146,9.0,2.0,9.0,2015.0,4.0,11.0
-0.8020607888734101,-0.8029783926361675,-0.802557452452098,-0.9019837927410208,-0.7882713885412521,-0.5971902096125983,10.0,3.0,9.0,2015.0,14.0,6.0
-0.8020612185614032,-0.8028179248782555,-0.8024574187395427,-0.9020917676282134,-0.788191132873897,-0.8864287751985761,11.0,4.0,9.0,2015.0,8.0,0.0
-0.8019675971307189,-0.8030439583747327,-0.802756784768999,-0.9021602200619716,-0.7884195315165314,-0.6152288149903514,12.0,5.0,9.0,2015.0,0.0,19.0
-0.802250607990463,-0.8033867706829423,-0.8030462713186919,-0.9021322229569039,-0.7886402239310385,-0.468120921287911,13.0,6.0,9.0,2015.0,0.0,22.0
-0.8025348470651175,-0.8034734539514297,-0.8030381701452792,-0.9019956001214416,-0.7886311241343976,-0.6920401133406395,14.0,0.0,9.0,2015.0,14.0,2.0
-0.8025420244460214,-0.8033557894942803,-0.8030590359811315,-0.9020943113403942,-0.7886442548314311,2.1037531090579775,15.0,1.0,9.0,2015.0,19.0,22.0
-0.802556871617153,-0.8035087977637965,-0.8031334785635299,-0.9020418967678691,-0.7886991400870078,-0.7661638977004289,16.0,2.0,9.0,2015.0,4.0,11.0
-0.8026288972476608,-0.8034124408933838,-0.8030893533420372,-0.9021074583730723,-0.788664643521053,-1.0413922204236357,17.0,3.0,9.0,2015.0,2.0,0.0
-0.8023561932828792,-0.8032063865155179,-0.8028951143417677,-0.902036581548387,-0.788509407308827,-0.9546004327961402,18.0,4.0,9.0,2015.0,9.0,12.0
-0.8023968685404946,-0.8032756819982778,-0.8029860664244849,-0.9024449639627962,-0.7885773928117955,-0.9596992656925054,19.0,5.0,9.0,2015.0,1.0,15.0
-0.8024863793830089,-0.8032869995433275,-0.8030033110330133,-0.9023510201702974,-0.7885883497458273,-1.0321914196694917,20.0,6.0,9.0,2015.0,9.0,5.0
-0.8024975456539575,-0.8035644998436283,-0.8032565881187872,-0.9020671386367155,-0.7887818427032963,-0.6690584140652202,21.0,0.0,9.0,2015.0,0.0,22.0
-0.802758164058882,-0.8036532689131987,-0.8030397658451419,-0.901778028662745,-0.7886111462967981,-0.3656342707004623,22.0,1.0,9.0,2015.0,9.0,7.0
-0.802514784661299,-0.8033703949255725,-0.8030603245275008,-0.9021986469293496,-0.7886240897057651,-0.9433860653533914,23.0,2.0,9.0,2015.0,1.0,10.0
-0.8025502456223674,-0.8033258840078434,-0.8027997441182394,-0.9017732286941311,-0.7884197180821196,-0.5931230760069643,24.0,3.0,9.0,2015.0,21.0,0.0
-0.8023045970228461,-0.8031116099143685,-0.8027620016961857,-0.9019215233176805,-0.7883873430148097,-0.7814244388624143,25.0,4.0,9.0,2015.0,12.0,3.0
-0.8022607922511661,-0.8031322219124897,-0.8028113438448651,-0.9023901033045706,-0.7884227515633503,-0.9697413138169589,26.0,5.0,9.0,2015.0,2.0,17.0
-0.802318277764264,-0.8031879876661763,-0.8029084933111944,-0.9023653821102857,-0.7884952310745911,-0.9682861665693735,27.0,6.0,9.0,2015.0,7.0,21.0
-0.8023982184535304,-0.8031885568718318,-0.8025166413044358,-0.9017940990661382,-0.7881887670777349,-0.4306884541002895,28.0,0.0,9.0,2015.0,23.0,0.0
-0.8020190698203526,-0.802969731062606,-0.8026673066484779,-0.9019037498745757,-0.7883022036183601,-0.7752828913651696,29.0,1.0,9.0,2015.0,0.0,12.0
-0.8021648398333345,-0.8029886354437548,-0.8027057860516296,-0.9020636295071186,-0.788329265760003,-0.9646643118340245,30.0,2.0,9.0,2015.0,4.0,8.0
-0.8022038590603207,-0.8029894574153106,-0.8026144050777521,-0.9020232067205882,-0.7882554791715062,-0.8845958205473313,1.0,3.0,10.0,2015.0,16.0,10.0
-0.8021265564119229,-0.8029270531800408,-0.8026301157916953,-0.9020671874499556,-0.7882650121955759,-0.9834972837669649,2.0,4.0,10.0,2015.0,10.0,15.0
-0.8021303608825114,-0.8029054928274101,-0.8025419262175434,-0.902240485299844,-0.7881937882302557,-0.9361680548956445,3.0,5.0,10.0,2015.0,21.0,5.0
-0.8020488250116783,-0.8028425193864784,-0.8025708314215307,-0.9024294305050445,-0.788213248808092,-1.0834196974913926,4.0,6.0,10.0,2015.0,4.0,22.0
-0.8020723838962177,-0.8028997390264812,-0.8024404803480636,-0.9018687887472479,-0.7881090414851898,-0.8309527397839441,5.0,0.0,10.0,2015.0,23.0,8.0
-0.8019363693920858,-0.8027036746903021,-0.8020918939075947,-0.901641037016135,-0.7878354945167576,-0.46249355472216275,6.0,1.0,10.0,2015.0,15.0,1.0
-0.8015801664721263,-0.8025488333856096,-0.8022817756358865,-0.9018870503227541,-0.7879803716555225,-0.7641282718491065,7.0,2.0,10.0,2015.0,0.0,23.0
-0.8017700473743757,-0.8025745035960511,-0.8023225867835487,-0.9021302433088315,-0.7880093492744115,-0.9742775400361917,8.0,3.0,10.0,2015.0,4.0,9.0
-0.8018054465502416,-0.8025781079220485,-0.8022227366139317,-0.9021932774729341,-0.7879292380389734,-0.970121668631463,9.0,4.0,10.0,2015.0,18.0,0.0
-0.8017292485463547,-0.8025179158708023,-0.8021607524769238,-0.9022714003519335,-0.7878778778305164,-0.9564998552630901,10.0,5.0,10.0,2015.0,4.0,9.0
-0.8016677750793463,-0.8024497587993596,-0.8020313209910548,-0.9022217952525633,-0.7877743160080014,-0.8679565189478904,11.0,6.0,10.0,2015.0,22.0,10.0
-0.8015369140226986,-0.802384824975555,-0.8021382291359372,-0.9021913683328752,-0.7878546355461427,-0.9563819941079211,12.0,0.0,10.0,2015.0,3.0,13.0
-0.8016396768547839,-0.8024747324564363,-0.8018804721040684,-0.9016050562344575,-0.7876513511132005,-0.5107392665734901,13.0,1.0,10.0,2015.0,12.0,2.0
-0.8013762977747252,-0.802149370643059,-0.8017282110601636,-0.9016449691938131,-0.7875297717121592,-0.6374192241898146,14.0,2.0,10.0,2015.0,18.0,3.0
-0.8012159267952765,-0.8019506503353917,-0.8015851552566521,-0.9017664111115914,-0.7874150088801587,-0.7927652067418524,15.0,3.0,10.0,2015.0,15.0,0.0
-0.8010816291708368,-0.8018317857225825,-0.801060497757805,-0.9011872691357811,-0.7870035071121008,0.048324002008392965,16.0,4.0,10.0,2015.0,17.0,0.0
-0.8005631530361342,-0.8012980927087048,-0.8005835838984479,-0.9007914425714749,-0.7866291279743989,-0.09003514870245972,17.0,5.0,10.0,2015.0,14.0,0.0
-0.8000625300162223,-0.8013986221460271,-0.8011357372536905,-0.9019176887664827,-0.7870561340708241,-0.15390969687019576,18.0,6.0,10.0,2015.0,1.0,15.0
-0.8006175109074477,-0.8013876220054885,-0.8010256377090886,-0.9017644965478392,-0.7869668548673819,-0.8123954030118538,19.0,0.0,10.0,2015.0,4.0,6.0
-0.8005125397224806,-0.8012437190969921,-0.8006558174104406,-0.9014590883753548,-0.7866758169288965,-0.44750588231112864,20.0,1.0,10.0,2015.0,18.0,4.0
-0.8001607535082785,-0.8012050246892842,-0.8008516521105729,-0.9017439678685131,-0.7868253737375972,-0.5285244561095965,21.0,2.0,10.0,2015.0,5.0,10.0
-0.8003331491985216,-0.8010598560217674,-0.8003759668651896,-0.9010838338799216,-0.7864512169669126,-0.1868196023382179,22.0,3.0,10.0,2015.0,11.0,3.0
-0.7998943076354981,-0.8005914769453043,-0.800224197454161,-0.9015375854891955,-0.7863295634306744,-0.7085028410918556,23.0,4.0,10.0,2015.0,8.0,0.0
-0.7997191503339807,-0.8004042642394947,-0.7999076476850097,-0.9017274201801051,-0.7860792379038881,-0.7078127488213852,24.0,5.0,10.0,2015.0,23.0,0.0
-0.7994160152852152,-0.8000918629495292,-0.7997833104522165,-0.9006549010914129,-0.785978682314607,-0.034350202721151656,25.0,6.0,10.0,2015.0,14.0,0.0
-0.7992820874358397,-0.8001509792985567,-0.799683890110204,-0.9013929735534301,-0.785897318793483,-0.7576704932875024,26.0,0.0,10.0,2015.0,23.0,4.0
-0.799186809038386,-0.7998665887155155,-0.7991629746399033,-0.9006215616483964,-0.7854871609615168,-0.17759502339878952,27.0,1.0,10.0,2015.0,21.0,0.0
-0.7986639770469826,-0.7993168363840295,-0.7984983281902707,-0.9003787808630134,-0.7849647139619165,-0.08155721873525582,28.0,2.0,10.0,2015.0,15.0,0.0
-0.7980123697175477,-0.7988034398932742,-0.7979314464503987,-0.8996363965647838,-0.7845181158963846,0.19606229981142612,29.0,3.0,10.0,2015.0,16.0,0.0
-0.7974222367912677,-0.7980373276672426,-0.7970624361725053,-0.8988874333265218,-0.7838346662472191,0.4736665019853639,30.0,4.0,10.0,2015.0,8.0,0.0
-0.7965284164939699,-0.7983337950577908,-0.797912361730236,-0.9004986444860271,-0.7844951022997211,0.659571111472914,31.0,5.0,10.0,2015.0,0.0,18.0
-0.7973570814879362,-0.7981675098251015,-0.7972210191470156,-0.9011276302037151,-0.7839507264507444,0.08673812290719214,1.0,6.0,11.0,2015.0,23.0,3.0
-0.7966860885834809,-0.7974512831688743,-0.7950265235494518,-0.8976067366160134,-0.7822304395755987,2.154013863479987,2.0,0.0,11.0,2015.0,23.0,1.0
-0.7944816918269536,-0.7952738997989274,-0.7924349590179366,-0.8919528617212423,-0.7801986152032138,3.1169425811119966,3.0,1.0,11.0,2015.0,19.0,1.0
-0.7919177782169278,-0.7938259563745199,-0.7919350329940374,-0.8888213296553749,-0.7798023344410661,6.18374442022134,4.0,2.0,11.0,2015.0,13.0,22.0
-0.791647037336503,-0.7942032278144417,-0.7934821276869412,-0.8948999344102045,-0.7810083760026333,3.436402643981627,5.0,3.0,11.0,2015.0,3.0,8.0
-0.7928758944415772,-0.7955029057066415,-0.7942114580404313,-0.8964802897443518,-0.781574788965142,1.5953275632575912,6.0,4.0,11.0,2015.0,17.0,5.0
-0.7937211852715639,-0.7943390364255202,-0.7934742727981946,-0.9000632846208999,-0.7809928555863322,0.06105166718933915,7.0,5.0,11.0,2015.0,10.0,0.0
-0.79310712462182,-0.7945750599636777,-0.7942790879957862,-0.9003240286786549,-0.7816188610416418,0.23334120904653885,8.0,6.0,11.0,2015.0,2.0,22.0
-0.7937178114251083,-0.7949420895607623,-0.7938563061940173,-0.8994341741582649,-0.7812831260290078,0.3535184143317333,9.0,0.0,11.0,2015.0,12.0,1.0
-0.7933705654870753,-0.797078312608321,-0.7965221288285482,-0.8979386718557202,-0.7833676361223629,2.3679668845839967,10.0,1.0,11.0,2015.0,7.0,22.0
-0.7958346604234844,-0.7988556640300618,-0.7981015046045413,-0.8973273079346711,-0.7846010406192157,1.821919188395461,11.0,2.0,11.0,2015.0,0.0,2.0
-0.7974138920445162,-0.7980742527136351,-0.7964403211173909,-0.8988780611844146,-0.7832945066886962,1.4208414039257802,12.0,3.0,11.0,2015.0,9.0,0.0
-0.7959157675424646,-0.7972700770298938,-0.7965261798834706,-0.9003139731511858,-0.7833574545415355,-0.059752672732948445,13.0,4.0,11.0,2015.0,1.0,12.0
-0.7960307385686665,-0.7970238116489051,-0.7967622722931115,-0.9010402599275554,-0.7835387823545328,-0.5633387765837685,14.0,5.0,11.0,2015.0,0.0,15.0
-0.7962499449742548,-0.7978128754047912,-0.7975441371314447,-0.9007364734393825,-0.7841480474331498,0.14022362415800588,15.0,6.0,11.0,2015.0,1.0,14.0
-0.7970668932472881,-0.7979130884023583,-0.7968945262199287,-0.9005321629109242,-0.7836335976838287,0.07830871349786436,16.0,0.0,11.0,2015.0,21.0,2.0
-0.7964149170789291,-0.7970463193912952,-0.7966279937752773,-0.900368286016383,-0.7834203730360092,-0.51021058689091,17.0,1.0,11.0,2015.0,2.0,0.0
-0.7961553424694591,-0.7969814492413452,-0.7966589245067258,-0.9007597573549299,-0.7834405048535577,-0.7390711474982912,18.0,2.0,11.0,2015.0,22.0,5.0
-0.7961500663877094,-0.7973207845712602,-0.7971769557308005,-0.9006931923664572,-0.7838437165042216,-0.4165154124884064,19.0,3.0,11.0,2015.0,0.0,23.0
-0.7966573135301205,-0.798146265912226,-0.7974302318801363,-0.9002516061013651,-0.7840382726931807,-0.06396892876381682,20.0,4.0,11.0,2015.0,0.0,2.0
-0.7969222877917459,-0.7976797835447876,-0.7971292083455397,-0.9016049477605905,-0.7837971444556183,-0.5064563983021277,21.0,5.0,11.0,2015.0,9.0,1.0
-0.7966227119450381,-0.7975745750440054,-0.7972759453087642,-0.9018631752246316,-0.7839079690772284,-0.7395351640478162,22.0,6.0,11.0,2015.0,0.0,13.0
-0.7967837578810046,-0.797572614661126,-0.7973673890243635,-0.9016440851317972,-0.7839755603246329,-0.8893881827144552,23.0,0.0,11.0,2015.0,14.0,7.0
-0.7968657225036846,-0.7977731680039634,-0.7975515013237593,-0.9015419190201813,-0.7841163180558166,-0.7989708834020804,24.0,1.0,11.0,2015.0,0.0,2.0
-0.7970478727666438,-0.7978583983508906,-0.7970507156446571,-0.9008745715194356,-0.7837184446926526,-0.19456435739627712,25.0,2.0,11.0,2015.0,21.0,3.0
-0.7965412378594077,-0.7971338883051995,-0.7955484822178998,-0.8973796465754893,-0.7825315182750602,1.8441400629560143,26.0,3.0,11.0,2015.0,12.0,0.0
-0.7950959359600255,-0.7958920629325126,-0.7952196575462964,-0.9001417112267269,-0.7822688399026225,-0.03809926940910215,27.0,4.0,11.0,2015.0,10.0,4.0
-0.7947720036380012,-0.795620063667234,-0.7952602224092985,-0.901137636917944,-0.7822963091487778,-0.661045187075736,28.0,5.0,11.0,2015.0,5.0,0.0
-0.7947516969017917,-0.7953991520569316,-0.7944063712800769,-0.9009427798869931,-0.7816195103141621,-0.01612282747256244,29.0,6.0,11.0,2015.0,22.0,4.0
-0.7938949308748426,-0.7944686513072293,-0.7940364891761512,-0.8992455814931322,-0.7813232397654915,-0.3597619607595227,30.0,0.0,11.0,2015.0,9.0,14.0
-0.7935282375765925,-0.7953424379487297,-0.794946802234589,-0.8998557144527388,-0.7820354728857343,0.339809742133085,1.0,1.0,12.0,2015.0,5.0,17.0
-0.7944834087066396,-0.7957912170554353,-0.7951493868200429,-0.9001969569671803,-0.782190423465942,-0.28129551150594273,2.0,2.0,12.0,2015.0,17.0,1.0
-0.7946376451644985,-0.7952887589608759,-0.7950352998986848,-0.9003838357452147,-0.7820963373613979,-0.26798331793172,3.0,3.0,12.0,2015.0,4.0,15.0
-0.7945191767214358,-0.7953933982560027,-0.794904149102404,-0.9011936365517729,-0.7819884299389143,-0.6388214948004322,4.0,4.0,12.0,2015.0,15.0,2.0
-0.7943683141100322,-0.7949209710660777,-0.7933228704730485,-0.89953951313049,-0.7807358783376,0.6957800464977774,5.0,5.0,12.0,2015.0,23.0,0.0
-0.7927833776553979,-0.7934123946972341,-0.7933330589791999,-0.898916883981407,-0.7807389327570673,-0.14997883057031985,6.0,6.0,12.0,2015.0,5.0,13.0
-0.7927574259985145,-0.7935184869139211,-0.792918620889733,-0.8996928083993071,-0.7804072007934123,-0.22827841466843016,7.0,0.0,12.0,2015.0,13.0,0.0
-0.7924030635286463,-0.7932315030684967,-0.7916895499281765,-0.8999994857160352,-0.7794312834682212,0.481025456404441,8.0,1.0,12.0,2015.0,23.0,6.0
-0.791256599798105,-0.7921983253360592,-0.7915668083952461,-0.8982033862739545,-0.7793286573540543,-0.14343236905202406,9.0,2.0,12.0,2015.0,11.0,17.0
-0.7910389885740834,-0.7918659439627264,-0.7916947041136413,-0.9003066023519244,-0.7794224473645988,-0.7017905703906906,10.0,3.0,12.0,2015.0,0.0,7.0
-0.7912050653232686,-0.7916299204245687,-0.7894571882980037,-0.8971171940543293,-0.7776488886055026,1.0909280098757828,11.0,4.0,12.0,2015.0,23.0,0.0
-0.7889317724502981,-0.7919169679438478,-0.7904968691641505,-0.895976862527694,-0.778464701310027,2.146332106463123,12.0,5.0,12.0,2015.0,3.0,6.0
-0.7902002001684768,-0.7909352541209784,-0.7905730919257942,-0.9001486806726805,-0.778519953741057,-0.2703943725348952,13.0,6.0,12.0,2015.0,20.0,4.0
-0.7901013026560427,-0.790670463507701,-0.789933178823998,-0.8960567535307254,-0.7780070436779377,-0.1976848017925409,14.0,0.0,12.0,2015.0,16.0,0.0
-0.7894506164877908,-0.7898218415448287,-0.788635861727211,-0.898626222614191,-0.7769741340604457,0.05602419432420469,15.0,1.0,12.0,2015.0,23.0,0.0
-0.7881420021767783,-0.7898235472322958,-0.78927332134683,-0.8972799048548005,-0.7774723809033404,-0.006126301185035511,16.0,2.0,12.0,2015.0,0.0,4.0
-0.7887819526982088,-0.789506974340183,-0.7892031124258541,-0.9005322551137112,-0.7774110900422151,-0.6824121075946827,17.0,3.0,12.0,2015.0,10.0,3.0
-0.7887163087300956,-0.7891224325039236,-0.7887404999328483,-0.899868302845002,-0.7770386014763172,-0.6134525341351927,18.0,4.0,12.0,2015.0,8.0,0.0
-0.78824359951529,-0.7890070439046529,-0.7888199140942175,-0.9005369032189112,-0.7770955904966071,-0.7025074146066449,19.0,5.0,12.0,2015.0,5.0,16.0
-0.788324459493459,-0.7904250181687623,-0.7900250514307515,-0.8990444817911365,-0.7780440497487798,0.3909045008827112,20.0,6.0,12.0,2015.0,0.0,18.0
-0.7895144200058126,-0.7908692455597047,-0.7902733569375607,-0.8989235173753207,-0.7782354516461183,-0.17648076713783342,21.0,0.0,12.0,2015.0,11.0,0.0
-0.7898458376986026,-0.7903505390554914,-0.7904002113306972,-0.9003770290100617,-0.7783306913028679,-0.7112278979879495,22.0,1.0,12.0,2015.0,10.0,20.0
-0.7898897651045481,-0.7902808007500228,-0.7900424805186622,-0.9005765666883727,-0.7780414952709507,-0.7259707598518551,23.0,2.0,12.0,2015.0,22.0,0.0
-0.7894988988142972,-0.7898724854123468,-0.789270191752382,-0.9000344251485897,-0.7774241465358591,-0.29617652338610856,24.0,3.0,12.0,2015.0,9.0,0.0
-0.7887771671535148,-0.7893035749690556,-0.7892291942524489,-0.9010149583980822,-0.7773856516983638,-0.8403244422421189,25.0,4.0,12.0,2015.0,6.0,12.0
-0.7887218899932926,-0.7922318968928425,-0.7915845446366564,-0.8968339687876425,-0.7792481070943315,1.7443469667218658,26.0,5.0,12.0,2015.0,0.0,17.0
-0.7911294196416405,-0.7920344423441954,-0.7912439975643165,-0.9002278340534163,-0.7789708869602133,-0.254677595257952,27.0,6.0,12.0,2015.0,22.0,0.0
-0.7907104560629734,-0.7914275977204159,-0.7912773836508368,-0.9004422109567304,-0.7789921784764482,-0.5045048743326099,28.0,0.0,12.0,2015.0,2.0,20.0
-0.7907868375501761,-0.7912919125980166,-0.7906204703522839,-0.9003360204646496,-0.7784651243937284,-0.43694476995972187,29.0,1.0,12.0,2015.0,23.0,8.0
-0.7900995857763508,-0.7911997919683553,-0.7910109729438459,-0.9005913191342821,-0.7787694715753298,-0.4597115553065473,30.0,2.0,12.0,2015.0,1.0,13.0
-0.7905551149606035,-0.7914115384028012,-0.7907687430829821,-0.9006397418685024,-0.7785721087651789,-0.33238568573293314,31.0,3.0,12.0,2015.0,21.0,6.0
-0.7902578083158401,-0.7908564104544904,-0.7905375576377017,-0.9011668001170818,-0.7783836802155109,-0.6700758876560395,1.0,4.0,1.0,2016.0,4.0,13.0
-0.7900184786573766,-0.7905810615586204,-0.7905925474776105,-0.9015021091109994,-0.7784223154374242,-0.9452452547638154,2.0,5.0,1.0,2016.0,0.0,13.0
-0.7900825293161973,-0.7910340141969853,-0.7908028652141562,-0.9009848406289149,-0.778584396240943,-0.6552560624667196,3.0,6.0,1.0,2016.0,0.0,20.0
-0.7902983000901275,-0.790757208520531,-0.790613842204623,-0.9010475547951099,-0.7784277563961204,-0.8678681366760179,4.0,0.0,1.0,2016.0,15.0,1.0
-0.7901137570548303,-0.7907197798718498,-0.7906832532756676,-0.901262056443371,-0.7784774574467593,-0.9255728004563294,5.0,1.0,1.0,2016.0,2.0,13.0
-0.7901881763938223,-0.7909306387313667,-0.790858465615281,-0.9012880955951397,-0.7786119322994437,-0.8643105991699436,6.0,2.0,1.0,2016.0,0.0,3.0
-0.7903013687551355,-0.7907576523079954,-0.7890822119410024,-0.8983853511858146,-0.7771931341523126,0.5929785479539335,7.0,3.0,1.0,2016.0,23.0,2.0
-0.7886125638877648,-0.7895651432994512,-0.7893778958743073,-0.9000433308530688,-0.7774221036344185,-0.346236295050828,8.0,4.0,1.0,2016.0,1.0,18.0
-0.7888674765229465,-0.7896314663709678,-0.7897227393497916,-0.9013837966642835,-0.77769115324448,-0.7522917581325594,9.0,5.0,1.0,2016.0,1.0,15.0
-0.7891831258834221,-0.7900448389562079,-0.7896994181588676,-0.9011821491692596,-0.7776662605428122,-0.7352520668057103,10.0,6.0,1.0,2016.0,0.0,12.0
-0.7891549050245942,-0.7898232944663952,-0.7896725984147367,-0.9009405724438001,-0.7776387153982828,-0.8021550663853414,11.0,0.0,1.0,2016.0,3.0,7.0
-0.7891865615150804,-0.7903395369854406,-0.7904543396425145,-0.8968642872334637,-0.778255533604185,-0.47320554793157515,12.0,1.0,1.0,2016.0,0.0,23.0
-0.7900158406165018,-0.7910506427202492,-0.7906580292313933,-0.8937033045127108,-0.7784126816321503,-0.5549632177131839,13.0,2.0,1.0,2016.0,0.0,0.0
-0.7901616724146804,-0.7908355466552183,-0.7907847600139746,-0.9007509872427845,-0.7785091023428291,-0.8667965836826551,14.0,3.0,1.0,2016.0,3.0,10.0
-0.7902863980135983,-0.7948512964344703,-0.7948336967061007,-0.8948171679819074,-0.7817339458255089,2.7729661815645446,15.0,4.0,1.0,2016.0,0.0,23.0
-0.7942853684132406,-0.795446697130253,-0.7934095870214548,-0.8966069329840518,-0.7805937297887369,1.3333840607997471,16.0,5.0,1.0,2016.0,23.0,8.0
-0.792930802762869,-0.7938547871235007,-0.7937309856954659,-0.9006764602724754,-0.7808454295593561,-0.46771728222886183,17.0,6.0,1.0,2016.0,0.0,7.0
-0.7932632633149671,-0.7940714634578012,-0.793432172167719,-0.9001837556975687,-0.780601540200917,-0.41899371656443773,18.0,0.0,1.0,2016.0,14.0,7.0
-0.7929385334021594,-0.7939256020959374,-0.7938629343416781,-0.900595094024853,-0.7809412764128632,-0.6089997088924824,19.0,1.0,1.0,2016.0,13.0,19.0
-0.7933855362286124,-0.7940756369894605,-0.7914031311676599,-0.896532736859037,-0.7789723774643499,2.123996530386535,20.0,2.0,1.0,2016.0,23.0,0.0
-0.7909381289134325,-0.7921977561303973,-0.7920148760465668,-0.8994280128426204,-0.779456337088222,-0.17199191393104862,21.0,3.0,1.0,2016.0,1.0,17.0
-0.7915443353534805,-0.794158905023996,-0.7937191415570686,-0.8981692495480156,-0.7808120609242077,1.0251433675674764,22.0,4.0,1.0,2016.0,0.0,20.0
-0.7932202570702106,-0.7937353542697857,-0.7934123495300139,-0.9000837699106792,-0.7805612999988928,-0.3443689906696439,23.0,5.0,1.0,2016.0,5.0,13.0
-0.7928725205951218,-0.7933857751675274,-0.7924623293908946,-0.9001609273722626,-0.7797965567703135,0.0044034581840406576,24.0,6.0,1.0,2016.0,20.0,0.0
-0.7920004187322657,-0.7933197685357658,-0.7931524433601349,-0.8999310929429037,-0.7803430138912226,-0.3091017292774359,25.0,0.0,1.0,2016.0,0.0,18.0
-0.7926332508495748,-0.7931919866892266,-0.793126237922991,-0.8999807414318208,-0.7803169712008495,-0.7199641546988506,26.0,1.0,1.0,2016.0,10.0,4.0
-0.792606134635264,-0.7931156726112671,-0.7929532355902272,-0.9005623023748648,-0.7801736668070566,-0.8610574559223927,27.0,2.0,1.0,2016.0,7.0,0.0
-0.7924403649398002,-0.7938773604692512,-0.7938543415353895,-0.8999210319917413,-0.780890095856104,-0.16168335566140074,28.0,3.0,1.0,2016.0,0.0,23.0
-0.7933629584181845,-0.7947804197176846,-0.7939043588598892,-0.8984632844524947,-0.7809248879614663,0.09449129225118835,29.0,4.0,1.0,2016.0,10.0,3.0
-0.7934392182072679,-0.7940824655278456,-0.7939791694646144,-0.9014919234148899,-0.7809790323685056,-0.8924913510766598,30.0,5.0,1.0,2016.0,22.0,4.0
-0.7934743103294061,-0.7946297519446515,-0.7945614557013804,-0.9010791857747215,-0.7814398440350822,-0.33848138283036155,31.0,6.0,1.0,2016.0,7.0,23.0
-0.7940229704072935,-0.7946220377608494,-0.794298236394109,-0.9003327554012535,-0.7812241249301938,-0.4858095613294412,1.0,0.0,2.0,2016.0,10.0,1.0
-0.7938039474850334,-0.7943082452936663,-0.794212808392072,-0.900944439537158,-0.781150219066743,-0.989266552382324,2.0,1.0,2.0,2016.0,16.0,0.0
-0.7936980570111575,-0.7946164730519726,-0.7944889150358879,-0.900643169642699,-0.7813661427602719,-0.7177243298681641,3.0,2.0,2.0,2016.0,8.0,22.0
-0.7939724170065625,-0.7944933085245508,-0.7932832870029223,-0.8993766231311905,-0.7803943619888459,0.31714755765130465,4.0,3.0,2.0,2016.0,21.0,0.0
-0.7928236840740829,-0.7935083087449447,-0.7934701599379886,-0.90075752279327,-0.7805383406667181,-0.827311742243338,5.0,4.0,2.0,2016.0,12.0,22.0
-0.7929653444350289,-0.7943419461276648,-0.7940855251077813,-0.9004633253949382,-0.7810258034615823,-0.24083567006749748,6.0,5.0,2.0,2016.0,0.0,5.0
-0.7935834529516059,-0.7941828676174647,-0.7940795112671074,-0.9011235515863166,-0.7810156018926402,-0.7845415742401272,7.0,6.0,2.0,2016.0,12.0,21.0
-0.7935685458675518,-0.7942820695514178,-0.7942742409638148,-0.9005489221233727,-0.7811673738653492,-0.7451452003134198,8.0,0.0,2.0,2016.0,8.0,23.0
-0.7937730885853306,-0.7943096364708839,-0.7941157815998536,-0.9001341505981983,-0.7810347996517311,-0.8934919671809435,9.0,1.0,2.0,2016.0,13.0,5.0
-0.7936060307620337,-0.7941272301762373,-0.7937708781919802,-0.8985172176591576,-0.7807527641823347,-0.527194119885289,10.0,2.0,2.0,2016.0,15.0,1.0
-0.7932398879137559,-0.7940882830026291,-0.7938933125714172,-0.8991005519329789,-0.7808451942847356,-0.7388440536707997,11.0,3.0,2.0,2016.0,2.0,20.0
-0.7933888482898652,-0.7938858946951096,-0.7936104541693852,-0.8994982605188772,-0.7806126270483994,-0.829848840721086,12.0,4.0,2.0,2016.0,12.0,1.0
-0.7930848557374,-0.7935671723280718,-0.7931442213854997,-0.8997765556483096,-0.7802329256391107,-0.7089864364685116,13.0,5.0,2.0,2016.0,23.0,0.0
-0.7925761950244701,-0.7930429628593179,-0.7922009511317079,-0.8990954428138441,-0.779469142888488,-0.25268094913958294,14.0,6.0,2.0,2016.0,23.0,0.0
-0.79167826507513,-0.7927384031008637,-0.7926333090055238,-0.8991170998383345,-0.7798118790689371,-0.39237939205871264,15.0,0.0,2.0,2016.0,0.0,21.0
-0.7920547129461024,-0.7925055401012454,-0.7921851177436537,-0.8991701105832326,-0.7794468263999798,-0.7103495590246042,16.0,1.0,2.0,2016.0,17.0,0.0
-0.7916728654229809,-0.7921671540905955,-0.791642969351618,-0.8986222906534608,-0.7790054960244601,-0.28131806589061525,17.0,2.0,2.0,2016.0,20.0,1.0
-0.791125862311863,-0.791607349008324,-0.791271615158385,-0.8989716307420722,-0.7787008049180579,-0.5510982500148914,18.0,3.0,2.0,2016.0,13.0,0.0
-0.7907480626555807,-0.7914830460695851,-0.7913690708417634,-0.9001128463307234,-0.7787743371779476,-0.8580889358243279,19.0,4.0,2.0,2016.0,0.0,7.0
-0.7908173276109485,-0.7912303303343089,-0.7903638791926795,-0.8980366133441126,-0.7779597108588638,0.05701539228384311,20.0,5.0,2.0,2016.0,20.0,0.0
-0.7898251621234689,-0.7907576523079954,-0.790263599195458,-0.8982628568545789,-0.7778743619813614,-0.07288480128565974,21.0,6.0,2.0,2016.0,8.0,14.0
-0.7897505593011488,-0.7905148639053011,-0.790328039623982,-0.8985034249900232,-0.7779217942073416,-0.8335195241118505,22.0,0.0,2.0,2016.0,0.0,2.0
-0.7897955913516053,-0.7914693253189536,-0.7913720786985446,-0.8985110346487396,-0.7787582633731169,0.10717403733628988,23.0,1.0,2.0,2016.0,3.0,19.0
-0.7908569000963331,-0.7917167927851081,-0.7911131557944177,-0.8994602460691414,-0.7785455790840159,-0.47875277311104325,24.0,2.0,2.0,2016.0,19.0,6.0
-0.7906065277373144,-0.791305316908899,-0.7911383779658034,-0.899294589986234,-0.7785605376492568,-0.7500020268943518,25.0,3.0,2.0,2016.0,0.0,5.0
-0.790631558233015,-0.7912291301786489,-0.7906714690696593,-0.8997996443108964,-0.7781792065542567,-0.5527037611710445,26.0,4.0,2.0,2016.0,23.0,1.0
-0.7901278684203814,-0.7908192345717032,-0.7906489457286667,-0.9008622760066134,-0.7781558875341544,-0.8283848114256102,27.0,5.0,2.0,2016.0,0.0,10.0
-0.7901443089007993,-0.7910900317518161,-0.7905884964226881,-0.9002580874149173,-0.778102453194456,-0.4848127086041774,28.0,6.0,2.0,2016.0,15.0,1.0
-0.7900911193314737,-0.7905922527207168,-0.7903311692184238,-0.8998425619963675,-0.7778900946762657,-0.608658508954757,29.0,0.0,2.0,2016.0,11.0,0.0
-0.7898163287119417,-0.7905526726675983,-0.7904891378859532,-0.8990723378801772,-0.7780125892525839,-0.7613153079544085,1.0,1.0,3.0,2016.0,0.0,7.0
-0.7899872509187436,-0.7910793461215205,-0.7911724382916998,-0.8990691109995822,-0.7785587683470236,-0.48512424543991467,2.0,2.0,3.0,2016.0,1.0,23.0
-0.7906755474241572,-0.7913687958816314,-0.7913159239228158,-0.8976845123786387,-0.7786699226306091,-0.830805856598031,3.0,3.0,3.0,2016.0,13.0,5.0
-0.7908029110639438,-0.7919044492783885,-0.7919733279178066,-0.8982067003675385,-0.7791956162094248,-0.32087171671458087,4.0,4.0,3.0,2016.0,7.0,23.0
-0.7914811440706397,-0.7929732245538494,-0.7926096806611123,-0.8957915895967864,-0.7797047347187968,-0.10928811070416815,5.0,5.0,3.0,2016.0,4.0,16.0
-0.7921103589452487,-0.7928630205498457,-0.7921716779053937,-0.8981873703244424,-0.7793460057181102,-0.15215677889075757,6.0,6.0,3.0,2016.0,16.0,1.0
-0.7916666700523285,-0.792197186924742,-0.7917657708169377,-0.8984829668187106,-0.7790134873426661,-0.5848111628011545,7.0,0.0,3.0,2016.0,23.0,2.0
-0.791255128186944,-0.7918946492935098,-0.7917871910273879,-0.8993209656239382,-0.7790256289425953,-0.8733005097711222,8.0,1.0,3.0,2016.0,5.0,13.0
-0.7912901585238794,-0.7918622778923863,-0.7917326937567993,-0.8993372037279297,-0.7789759495738553,-0.9180940879188806,9.0,2.0,3.0,2016.0,17.0,8.0
-0.7912380118138679,-0.7917582695472576,-0.791593319113001,-0.898740022981936,-0.7788579598507329,-0.9289669263911365,10.0,3.0,3.0,2016.0,21.0,2.0
-0.7910850016986453,-0.7915204129739299,-0.7913135303730278,-0.8991225669212304,-0.7786261621707449,-0.7659517574170956,11.0,4.0,3.0,2016.0,10.0,1.0
-0.7908170823424235,-0.7919578755003419,-0.7919312890926086,-0.8981059932294335,-0.7791211986988622,-0.4762900065722843,12.0,5.0,3.0,2016.0,1.0,16.0
-0.79142795262904,-0.7918600010697519,-0.7917814824673252,-0.8991034156430672,-0.7789955254040296,-0.882863975667486,13.0,6.0,3.0,2016.0,12.0,0.0
-0.7912713252711173,-0.7916982058084769,-0.7916358505075194,-0.8979678786613525,-0.7788724694722965,-1.0397837126535037,14.0,0.0,3.0,2016.0,6.0,0.0
-0.7911371502809369,-0.7916486366784213,-0.7916117932719476,-0.8995124217822115,-0.7788475813444302,-0.9993623006400207,15.0,1.0,3.0,2016.0,4.0,14.0
-0.7911064748645623,-0.791590025861201,-0.7916006851782041,-0.8995989785043688,-0.77883341016488,-1.0848267102918312,16.0,2.0,3.0,2016.0,11.0,8.0
-0.7910450622466104,-0.7914650263690972,-0.7913791357373597,-0.8986041212807414,-0.7786491563990936,-1.0024215761905733,17.0,3.0,3.0,2016.0,19.0,0.0
-0.7908819923772303,-0.7922080616470831,-0.792058694114566,-0.8974428326030055,-0.7791952792514596,-0.30766282619921576,18.0,4.0,3.0,2016.0,0.0,19.0
-0.7915741513938751,-0.7921389542916191,-0.7920037061475457,-0.8999657720381775,-0.7791461523425389,-0.9574859890060395,19.0,5.0,3.0,2016.0,8.0,19.0
-0.7915044576866482,-0.7919384646226301,-0.7918005072550988,-0.9006423832071634,-0.778976563178931,-0.9284853571413442,20.0,6.0,3.0,2016.0,19.0,0.0
-0.7913193623290927,-0.7919397284521447,-0.791828001238612,-0.8997904565743632,-0.7789941971747134,-1.0047870420534635,21.0,0.0,3.0,2016.0,0.0,3.0
-0.791336909326302,-0.7918037924933569,-0.7915345273121567,-0.8995107078951132,-0.7787511624314792,-0.8286976985536983,22.0,1.0,3.0,2016.0,11.0,1.0
-0.7910283746253873,-0.7914982197417828,-0.7915374733636603,-0.8998019114147163,-0.7787485002894398,-1.0771127241607492,23.0,2.0,3.0,2016.0,21.0,15.0
-0.7910122393264167,-0.791616959901157,-0.7916385493379186,-0.8994275407643513,-0.7788255523011105,-0.9973451972504026,24.0,3.0,3.0,2016.0,0.0,9.0
-0.7911297884805708,-0.791612406255888,-0.7915904966720527,-0.9002837631792316,-0.7787817131707238,-1.0382205079577873,25.0,4.0,3.0,2016.0,16.0,1.0
-0.7910772111464263,-0.7915680853949607,-0.7915433635937789,-0.9007127556283672,-0.778738128806032,-1.0257588182102721,26.0,5.0,3.0,2016.0,1.0,13.0
-0.7910296627532265,-0.7914762812050482,-0.7910020729840639,-0.8992711921731263,-0.7782937151464107,-0.5084249621207332,27.0,6.0,3.0,2016.0,17.0,2.0
-0.7905138255955327,-0.7911233524722049,-0.7911575881694098,-0.8994179898573114,-0.7784142079544881,-0.9786465568431622,28.0,0.0,3.0,2016.0,6.0,16.0
-0.7906514980025682,-0.7917943089482332,-0.7916310634079433,-0.8990443676766284,-0.7787935653151136,-0.3697187774163556,29.0,1.0,3.0,2016.0,2.0,12.0
-0.7911097869258149,-0.7918060056421367,-0.7917353925871986,-0.8995529693136889,-0.7788733677818808,-0.925515450088695,30.0,2.0,3.0,2016.0,0.0,7.0
-0.79120653880671,-0.7916314389494958,-0.7916179906555598,-0.8998685686059761,-0.7787737494608451,-1.0009514519848768,31.0,3.0,3.0,2016.0,21.0,0.0
-0.7911143272019842,-0.7915951467826198,-0.7915424440061808,-0.9003555891502529,-0.7787071439318327,-1.0494980804465397,1.0,4.0,4.0,2016.0,14.0,9.0
-0.7910123628968223,-0.7914313274646108,-0.7913636713080828,-0.9006568481973253,-0.7785570570203897,-0.9685643971427753,2.0,5.0,4.0,2016.0,1.0,0.0
-0.7908435863215594,-0.7913507144368009,-0.7913617684547265,-0.9010705404075231,-0.7785506621081641,-1.079247013215664,3.0,6.0,4.0,2016.0,15.0,20.0
-0.790835855682263,-0.7913567827479729,-0.7913286277164282,-0.900388207242054,-0.778517992356287,-1.0264802695539483,4.0,0.0,4.0,2016.0,6.0,15.0
-0.7908531574109473,-0.7912927345695786,-0.791169923004245,-0.899841298275817,-0.7783835109955585,-0.9709457626064835,5.0,1.0,4.0,2016.0,23.0,1.0
-0.7906527243452044,-0.7911590117595708,-0.7912077890368479,-0.8999295417666059,-0.7784090103526282,-1.085283635035514,6.0,2.0,4.0,2016.0,2.0,17.0
-0.7906934613880165,-0.7912988048102627,-0.7912487846638987,-0.8999963833634395,-0.7784375542142495,-1.003131803512448,7.0,3.0,4.0,2016.0,17.0,4.0
-0.7907372034383537,-0.7913546332730478,-0.791395828780623,-0.899692868059934,-0.778552394349482,-0.8443916264447257,8.0,4.0,4.0,2016.0,8.0,21.0
-0.790865795293057,-0.7915518987296429,-0.7914533938403756,-0.9004338530452796,-0.7785937748927781,-0.9257262206870387,9.0,5.0,4.0,2016.0,0.0,2.0
-0.7909405815987053,-0.7913785341221676,-0.7913212635241135,-0.8991492024623198,-0.7784802361234298,-0.998882459972923,10.0,6.0,4.0,2016.0,19.0,3.0
-0.7908007017749281,-0.7912978574205032,-0.7912648634001688,-0.9003820676211829,-0.7784290273213169,-1.0596092662402117,11.0,0.0,4.0,2016.0,5.0,9.0
-0.790741131479348,-0.7911518050370879,-0.7910987326903994,-0.8992983431820316,-0.7782884577150347,-0.923465401774865,12.0,1.0,4.0,2016.0,4.0,0.0
-0.7905700239169378,-0.7911471896474763,-0.7911880881368096,-0.8993888320818669,-0.7783556829408744,-0.967350054775747,13.0,2.0,4.0,2016.0,3.0,13.0
-0.7906741357259187,-0.7911410557329377,-0.7911544567020734,-0.9006785538181081,-0.7783226435409302,-1.0509842912184904,14.0,3.0,4.0,2016.0,3.0,8.0
-0.7906439508465999,-0.7910516537838633,-0.7908211520843875,-0.9001621910928129,-0.7780458413881383,-0.8593746792349317,15.0,4.0,4.0,2016.0,19.0,0.0
-0.790328116130522,-0.7907635315271153,-0.7907684359294885,-0.9009979117298861,-0.777998003512983,-0.9755295515937246,16.0,5.0,4.0,2016.0,8.0,2.0
-0.7902630244846672,-0.7909472035807822,-0.790963165626196,-0.9003073074320598,-0.7781514660303614,-0.8767837754684145,17.0,6.0,4.0,2016.0,1.0,18.0
-0.7904486103792785,-0.7908835355159978,-0.7908900106537166,-0.9001150375028364,-0.7780870841066387,-1.0625190446566566,18.0,0.0,4.0,2016.0,5.0,17.0
-0.7903816146258493,-0.7908191708978485,-0.7904654477362641,-0.9002701768273923,-0.7777350910030085,-0.7168377593770517,19.0,1.0,4.0,2016.0,23.0,5.0
-0.7899754106274112,-0.7904207192189058,-0.7901045873297813,-0.8991811211146266,-0.7774344371141884,-0.6805647011300962,20.0,2.0,4.0,2016.0,21.0,2.0
-0.7896016625825225,-0.7900068411018648,-0.7896114130640982,-0.8994352424089069,-0.7770260045065819,-0.6320453552365791,21.0,3.0,4.0,2016.0,22.0,0.0
-0.7890941682993002,-0.7898046438159031,-0.7898377477316363,-0.8999450860717443,-0.7772058341539966,-0.8690733930025248,22.0,4.0,4.0,2016.0,0.0,5.0
-0.7893289576816068,-0.7897931998879063,-0.7895588167739774,-0.9003962831214507,-0.7769725424534124,-0.8493723345213855,23.0,5.0,4.0,2016.0,23.0,9.0
-0.789040669803973,-0.7895025480426234,-0.7890510976666095,-0.8994355843185357,-0.776552564676447,-0.5502430633194493,24.0,6.0,4.0,2016.0,19.0,14.0
-0.7885154450402195,-0.789207660921345,-0.788874902061244,-0.8984108642393285,-0.7764036887396116,-0.46017111619294615,25.0,0.0,4.0,2016.0,22.0,11.0
-0.7883604109915833,-0.7887000182315123,-0.7885887305218257,-0.8988512624986293,-0.7761639877739184,-0.8391479412986164,26.0,1.0,4.0,2016.0,18.0,0.0
-0.7880773392827766,-0.7898056548795173,-0.7899021862872658,-0.8980597833620997,-0.7772338373779653,0.0793879795250558,27.0,2.0,4.0,2016.0,0.0,23.0
-0.789379449297129,-0.7902788403671435,-0.7896368206513168,-0.8991174139786533,-0.7770117712063164,-0.4443062051259967,28.0,3.0,4.0,2016.0,23.0,0.0
-0.7891113464575791,-0.7896866002099001,-0.7892633182565053,-0.9004628264151501,-0.7767002726533017,-0.6552535308432954,29.0,4.0,4.0,2016.0,20.0,3.0
-0.7887573509543612,-0.7895803806455036,-0.7896793501729467,-0.8993746111579057,-0.7770355274230968,-0.7461289110994695,30.0,5.0,4.0,2016.0,0.0,23.0
-0.7891680334437596,-0.7895658379233103,-0.7894610539371054,-0.9009291772640737,-0.7768510887624727,-0.9321787461193275,1.0,6.0,5.0,2016.0,14.0,1.0
-0.7889564341070683,-0.7899547423832745,-0.7899032912906906,-0.8981377704318178,-0.7772076928726962,-0.5836603770231122,2.0,0.0,5.0,2016.0,5.0,15.0
-0.7893985296907021,-0.7899015689272278,-0.7895574682952252,-0.8999146049151227,-0.77691884742623,-0.7012250626303759,3.0,1.0,5.0,2016.0,23.0,1.0
-0.7890637980643793,-0.7897110683351696,-0.7897772984256517,-0.9004005190259563,-0.7770929454874506,-0.9218965784723921,4.0,2.0,5.0,2016.0,0.0,12.0
-0.7892768090993092,-0.7896950726914096,-0.7897003377464658,-0.9003987020886844,-0.7770242661294566,-1.0429648382866261,5.0,3.0,5.0,2016.0,21.0,12.0
-0.7892012869880864,-0.789620149790674,-0.7889867808486407,-0.8991861812035735,-0.776433096296335,-0.36788653852226577,6.0,4.0,5.0,2016.0,21.0,4.0
-0.7884836649793341,-0.7889717010570357,-0.7890522626024234,-0.9010536835685943,-0.7764812222468598,-1.0062263835061525,7.0,5.0,5.0,2016.0,18.0,14.0
-0.7885579008350039,-0.7890564876165047,-0.7890515265577697,-0.9009478944298213,-0.7764744073422108,-1.001038821144055,8.0,6.0,5.0,2016.0,7.0,12.0
-0.7885715815764278,-0.7890218393927466,-0.78893277427449,-0.900124680829611,-0.7763705786216585,-0.858743680787902,9.0,0.0,5.0,2016.0,16.0,6.0
-0.7884297377321537,-0.789500904099499,-0.789521197962479,-0.8999368583289338,-0.7768478373632878,-0.4653813075156234,10.0,1.0,5.0,2016.0,1.0,10.0
-0.7890220181622528,-0.7893801418129092,-0.7894087048680891,-0.9003897855368186,-0.7767505626530191,-0.9818166900933013,11.0,2.0,5.0,2016.0,9.0,0.0
-0.7889249011869878,-0.7894821897751585,-0.7892836315906483,-0.8998884138999402,-0.7766426566736097,-0.8688286859529608,12.0,3.0,5.0,2016.0,23.0,6.0
-0.7887774742072425,-0.7892164498426095,-0.7892281510543017,-0.8998344101852638,-0.7765915085984169,-0.9899472407639898,13.0,4.0,5.0,2016.0,17.0,7.0
-0.7887177803412566,-0.7891321688149476,-0.7892280911219125,-0.9011163543452424,-0.7765860994256708,-1.0785608259309707,14.0,5.0,5.0,2016.0,2.0,13.0
-0.7887217065099706,-0.7890896173153357,-0.7891116705831432,-0.9015879444819412,-0.7764853112231939,-1.011324725109319,15.0,6.0,5.0,2016.0,19.0,9.0
-0.7886096187931623,-0.7892485684778326,-0.7893206379680421,-0.89992517569346,-0.776651871965188,-0.8976204944259955,16.0,0.0,5.0,2016.0,2.0,19.0
-0.7888290704672817,-0.7892068389497828,-0.78934395915896,-0.8996578526956726,-0.7766658180659142,-1.1113509682649418,17.0,1.0,5.0,2016.0,16.0,12.0
-0.7888485796127015,-0.7892261861536336,-0.7892926532880972,-0.8984239735231009,-0.7766179881546271,-1.040968551865791,18.0,2.0,5.0,2016.0,20.0,0.0
-0.7887974757619982,-0.7901482780956748,-0.7902686934485337,-0.8979262246964319,-0.7774165075649836,-0.2880755627396113,19.0,3.0,5.0,2016.0,1.0,23.0
-0.7898239357808325,-0.7902321153358722,-0.790025603932467,-0.8986876839072223,-0.777211179325411,-0.8007687271075687,20.0,4.0,5.0,2016.0,13.0,0.0
-0.7895065676683909,-0.7899591686808405,-0.7899941825045745,-0.9008151603824903,-0.777180291604616,-1.07389219044375,21.0,5.0,5.0,2016.0,5.0,9.0
-0.7894911082620844,-0.7901280452464071,-0.7902313799176401,-0.9009835497898979,-0.7773689580400769,-0.9384047486252999,22.0,6.0,5.0,2016.0,0.0,19.0
-0.7897285356852535,-0.7901414495572834,-0.7899348363291322,-0.9003910167152088,-0.7771182997180253,-0.8695364621166112,23.0,0.0,5.0,2016.0,23.0,2.0
-0.7894252789383688,-0.7898185536585864,-0.7898227739987911,-0.8995665827839949,-0.777020696603613,-1.0102526902964513,24.0,1.0,5.0,2016.0,19.0,1.0
-0.7893166249809385,-0.7896837541816039,-0.789600733861515,-0.899596526994975,-0.776832767783803,-0.9490982569028447,25.0,2.0,5.0,2016.0,14.0,0.0
-0.7890951493734119,-0.7895677983061833,-0.7893684452856982,-0.899598002239566,-0.7766364591582058,-0.8639930270347838,26.0,3.0,5.0,2016.0,14.0,2.0
-0.7888590100780695,-0.7892121508927531,-0.7881361211191447,-0.8941972406999033,-0.7756155583062981,0.21129360869759953,27.0,4.0,5.0,2016.0,7.0,0.0
-0.7876621783024117,-0.7879995981269929,-0.7846640093248322,-0.8933067778580672,-0.7727479698063248,2.1322071150610102,28.0,5.0,5.0,2016.0,22.0,0.0
-0.7843217482807112,-0.7855034267866416,-0.7848976482522897,-0.8950674180608229,-0.7729342721931963,0.8562691109872155,29.0,6.0,5.0,2016.0,19.0,4.0
-0.7842607644146122,-0.7848215955882719,-0.7844293253263327,-0.898363846024738,-0.772541890747694,-0.14702857800443295,30.0,0.0,5.0,2016.0,17.0,0.0
-0.7839098394486763,-0.7849670806955438,-0.7845814037637435,-0.895625352961743,-0.772661809626417,0.06330077345750643,31.0,1.0,5.0,2016.0,10.0,21.0
-0.7840990444582678,-0.7846525936045079,-0.7842417781518841,-0.8984667282808236,-0.7723753961023799,-0.3444431960081417,1.0,2.0,6.0,2016.0,13.0,3.0
-0.7837672579265477,-0.7841820631236076,-0.7841772159856994,-0.8998597279858171,-0.7723160999502982,-0.8439186010309562,2.0,3.0,6.0,2016.0,23.0,12.0
-0.7836956619840328,-0.7839391493027159,-0.7822610988440728,-0.8965164657789898,-0.7707280635396303,0.6216439679699611,3.0,4.0,6.0,2016.0,21.0,4.0
-0.7817310236378219,-0.7822119362166923,-0.7820442746975392,-0.8979859994377793,-0.7705435389473689,-0.01795660319056167,4.0,5.0,6.0,2016.0,9.0,17.0
-0.7815099786544223,-0.7818995986005816,-0.7819061904729925,-0.899398936639524,-0.7704216415584871,-0.5793401851394103,5.0,6.0,6.0,2016.0,12.0,21.0
-0.7814305902874082,-0.7815566589446626,-0.7812581153289502,-0.8992218638990646,-0.7698783541737799,-0.6601409180494212,6.0,0.0,6.0,2016.0,18.0,0.0
-0.7807653621294781,-0.7820048071013639,-0.78180677013098,-0.8972893420812278,-0.7703250305454808,-0.18890137100606785,7.0,1.0,6.0,2016.0,0.0,16.0
-0.7812732252516247,-0.7816497269640833,-0.7814969683742617,-0.8987810855473338,-0.7700621921184395,-0.7593912965360727,8.0,2.0,6.0,2016.0,22.0,6.0
-0.7809642617988571,-0.7817874978875531,-0.781927485200005,-0.8992673088086884,-0.7704103350613093,-0.6945233133588364,9.0,3.0,6.0,2016.0,0.0,14.0
-0.7813548229076545,-0.7816373973906696,-0.7817531943208781,-0.8995010211787918,-0.770259541856021,-0.9340946573684373,10.0,4.0,6.0,2016.0,21.0,5.0
-0.7811807683783678,-0.7812992004720654,-0.7799576686377214,-0.8986676652720188,-0.7687670369383482,0.07782845849038572,11.0,5.0,6.0,2016.0,23.0,0.0
-0.7792782784556895,-0.7795057897327224,-0.7759036994978032,-0.8881062161211997,-0.7654059215616182,2.1098539929391036,12.0,6.0,6.0,2016.0,23.0,0.0
-0.7754763691476148,-0.775873570726122,-0.7739648754722458,-0.8899388812360486,-0.7637926136309032,0.7913339818153987,13.0,0.0,6.0,2016.0,14.0,0.0
-0.7734609920450707,-0.7759799793825641,-0.775119686457898,-0.8930087463424331,-0.7647409919694328,0.3378436844252319,14.0,1.0,6.0,2016.0,0.0,16.0
-0.7746155552538326,-0.7753630839375114,-0.7745728745768353,-0.8977528617622232,-0.7642797659700602,-0.2983313122941313,15.0,2.0,6.0,2016.0,18.0,11.0
-0.7739506341496302,-0.7738480552848618,-0.7701640607439968,-0.8884018620795512,-0.7606203512454899,1.6752855455364306,16.0,3.0,6.0,2016.0,22.0,0.0
-0.7695355834807144,-0.7725814434176385,-0.7712318499006376,-0.8834290399247233,-0.7614955580086684,0.7864711812158366,17.0,4.0,6.0,2016.0,2.0,7.0
-0.7707460978700763,-0.7714830154216347,-0.7707827390511696,-0.8894278070456643,-0.7611139227335599,0.32890855969589455,18.0,5.0,6.0,2016.0,20.0,1.0
-0.7702594626453158,-0.7707433336332578,-0.7703191432924056,-0.8957482000499941,-0.760718859250038,-0.4765558419419502,19.0,6.0,6.0,2016.0,22.0,4.0
-0.7698153431282686,-0.7715590149893448,-0.771948843546398,-0.8936695144692509,-0.7620596794355993,-0.13202251901971693,20.0,0.0,6.0,2016.0,8.0,15.0
-0.7715358662713159,-0.7774805907312174,-0.7762800262064454,-0.8863240442897438,-0.765642004693351,2.212019329571868,21.0,1.0,6.0,2016.0,0.0,19.0
-0.7758284624155445,-0.7807422433476022,-0.780608871503323,-0.8886861174140788,-0.7692251282442,2.351207033039568,22.0,2.0,6.0,2016.0,9.0,23.0
-0.780029275706888,-0.7825975527904143,-0.7788990229161962,-0.8893874547671474,-0.767800041619868,1.890744551610784,23.0,3.0,6.0,2016.0,23.0,2.0
-0.7783033529116915,-0.778352988125006,-0.7763630587858058,-0.89096819062762,-0.7656894331132639,1.1420670789300267,24.0,4.0,6.0,2016.0,5.0,0.0
-0.775867357135985,-0.7770070888038298,-0.7763738615989504,-0.8962650233553284,-0.7656896558862898,0.5633705465644907,25.0,5.0,6.0,2016.0,2.0,17.0
-0.7758274775968789,-0.7788801651812294,-0.778568233585965,-0.8972104273429993,-0.7675032864560202,0.7123077880419609,26.0,6.0,6.0,2016.0,1.0,16.0
-0.7780718156777212,-0.778653185259755,-0.7769782385397657,-0.8965102827685719,-0.7661756120098283,0.23494982821871926,27.0,0.0,6.0,2016.0,23.0,0.0
-0.7763077957528555,-0.7775625949362447,-0.7774860231981884,-0.8956288787963153,-0.7665894566243255,-0.34995881188847694,28.0,1.0,6.0,2016.0,0.0,14.0
-0.7771654791964329,-0.7781625492772964,-0.7779224283811618,-0.8954080798061804,-0.7669443137908525,-0.5357393282796075,29.0,2.0,6.0,2016.0,0.0,2.0
-0.777382109346343,-0.7776362559369778,-0.775869762782456,-0.895596607386993,-0.7652310502461753,0.37334198456552065,30.0,3.0,6.0,2016.0,17.0,3.0
-0.7754235446726653,-0.775550674827425,-0.7756881638976327,-0.8958433307635453,-0.7650716081092869,-0.5573361704902716,1.0,4.0,7.0,2016.0,3.0,0.0
-0.7751647058687695,-0.7751204209530143,-0.7740062363122907,-0.8970407199781079,-0.7636652695893097,-0.15019731251241694,2.0,5.0,7.0,2016.0,23.0,0.0
-0.773432525917718,-0.7768521876843069,-0.7767702544206311,-0.8961101226732799,-0.7659547364155171,0.8606452259534427,3.0,6.0,7.0,2016.0,0.0,16.0
-0.7762647258506158,-0.7767574101184014,-0.7752361088695495,-0.8981442029321297,-0.7646707896041298,0.10823666409573154,4.0,0.0,7.0,2016.0,23.0,1.0
-0.7747674607245443,-0.7758369640489966,-0.7760360751622811,-0.8960578382693952,-0.7653281736195254,-0.49662237778093193,5.0,1.0,7.0,2016.0,0.0,15.0
-0.775552196440285,-0.7754985741793226,-0.7756246468024838,-0.8958145860565864,-0.7649782216390408,-0.7515749623084719,6.0,2.0,7.0,2016.0,5.0,0.0
-0.7750815130311731,-0.779202621151486,-0.777881187405889,-0.889136391568125,-0.76684875143228,1.5012113521279729,7.0,3.0,7.0,2016.0,1.0,21.0
-0.7773761592442154,-0.7776451702764398,-0.776287941027587,-0.8954344389558568,-0.765514883800459,0.027300869010534395,8.0,4.0,7.0,2016.0,23.0,5.0
-0.7757996892344581,-0.7778391478467923,-0.7772430535468937,-0.8933427373788668,-0.7663034076666783,0.08684434746387666,9.0,5.0,7.0,2016.0,0.0,16.0
-0.776768110481802,-0.7773418743475002,-0.777341249020703,-0.8975734351388504,-0.7663811948613545,-0.7559765330811139,10.0,6.0,7.0,2016.0,1.0,14.0
-0.7768978668939326,-0.7771069255468052,-0.7774456400052422,-0.8972817489105391,-0.7664645166913803,-0.6100189109202502,11.0,0.0,7.0,2016.0,2.0,12.0
-0.7769101977223208,-0.7769931808906586,-0.7764089632501057,-0.8956403770262152,-0.7655974798119555,-0.05732734127797165,12.0,1.0,7.0,2016.0,23.0,6.0
-0.7758970514782542,-0.7765070329501024,-0.7770277651678337,-0.8960050657331091,-0.7661096091840006,-0.6406204263306488,13.0,2.0,7.0,2016.0,9.0,23.0
-0.7766255327042275,-0.7766047202181525,-0.7768062175998777,-0.8977915001536418,-0.7659214544477204,-0.7992266641673743,14.0,3.0,7.0,2016.0,17.0,0.0
-0.7762422098253906,-0.7762179652331133,-0.7764885010220239,-0.8987047576938851,-0.7656532672653587,-0.8792730877723485,15.0,4.0,7.0,2016.0,21.0,2.0
-0.7759593833851086,-0.7761993763269637,-0.7766411900206448,-0.9004047006935284,-0.7657764415120293,-0.9170088698430808,16.0,5.0,7.0,2016.0,1.0,12.0
-0.7760690802018471,-0.7760312580591043,-0.7754940503808008,-0.8990987998630794,-0.7648166532795655,-0.3980740426240709,17.0,6.0,7.0,2016.0,19.0,0.0
-0.7749760513091565,-0.7756119406513776,-0.7758839367924873,-0.8993668878185768,-0.765137709507781,-0.7024628782415965,18.0,0.0,7.0,2016.0,2.0,19.0
-0.7754098658035214,-0.7756747230707451,-0.7758987887876657,-0.8998149770919942,-0.7651467082622886,-0.9777250524063275,19.0,1.0,7.0,2016.0,6.0,17.0
-0.7754056906217285,-0.7759448275565111,-0.7763393705090053,-0.898001668270917,-0.7655100500453332,-0.8267040335361749,20.0,2.0,7.0,2016.0,0.0,19.0
-0.7758706074120347,-0.7761310291987192,-0.7763806714166611,-0.8998535666701726,-0.7655410368653244,-0.9690797502579387,21.0,3.0,7.0,2016.0,17.0,3.0
-0.7758893826241605,-0.7769967852166562,-0.7772639811880236,-0.8958575412740153,-0.7662741765240298,-0.4214864586192485,22.0,4.0,7.0,2016.0,1.0,22.0
-0.776760318057303,-0.7768828514684576,-0.7769609929947993,-0.8993632430966462,-0.7660182361129828,-0.8829360543216951,23.0,5.0,7.0,2016.0,19.0,7.0
-0.776472953213138,-0.7766129360747374,-0.7766094033797643,-0.896724518655859,-0.7657218403694506,-0.7873750682711925,24.0,6.0,7.0,2016.0,18.0,2.0
-0.7761138651114925,-0.7765748745465397,-0.7770505357299247,-0.898894402989423,-0.7660863806636924,-0.8647658955984425,25.0,0.0,7.0,2016.0,0.0,14.0
-0.7765455901426809,-0.7770500821613943,-0.777192485593573,-0.8909238239482339,-0.7662014966992587,-0.785489708633543,26.0,1.0,7.0,2016.0,19.0,6.0
-0.7767050408970807,-0.7768877176944575,-0.7770348858848148,-0.8951366243879566,-0.766066781850153,-0.8369909063449307,27.0,2.0,7.0,2016.0,16.0,5.0
-0.7765292713603882,-0.7765055163546873,-0.7769929706701719,-0.898446845021006,-0.7660283990614692,-1.0722497420269463,28.0,3.0,7.0,2016.0,15.0,0.0
-0.7764912940565701,-0.7764869274485378,-0.7768728661623631,-0.8998420847113527,-0.7659243906593078,-1.0760404288723455,29.0,4.0,7.0,2016.0,21.0,7.0
-0.776374666063599,-0.7765234106369779,-0.7769922327526297,-0.9010487154654866,-0.7660209503849731,-1.036809237870959,30.0,5.0,7.0,2016.0,16.0,20.0
-0.7764919718215084,-0.778410333183206,-0.7788558154094132,-0.8971240279079491,-0.7675722467507691,0.027291291880949555,31.0,6.0,7.0,2016.0,0.0,23.0
-0.7783630486499514,-0.779578817853939,-0.7799855933852772,-0.8965236792911441,-0.7685114936283968,-0.35604409718587343,1.0,0.0,8.0,2016.0,11.0,23.0
-0.7794799416086228,-0.784292330801466,-0.7835946207225515,-0.8851856657266097,-0.7715204157819355,2.2861697641135574,2.0,1.0,8.0,2016.0,1.0,23.0
-0.7830223980053528,-0.7836466007484146,-0.7824353297908107,-0.8918541505022899,-0.7705490614513817,0.30658292925104014,3.0,2.0,8.0,2016.0,13.0,0.0
-0.781938146355827,-0.7821146309917577,-0.781702929775274,-0.8963390025326093,-0.7699341640407087,-0.5676835802621305,4.0,3.0,8.0,2016.0,22.0,19.0
-0.7812048795851597,-0.7818487637115057,-0.7819021375451755,-0.8995478818893274,-0.7700967068026308,-0.823373545765856,5.0,4.0,8.0,2016.0,0.0,7.0
-0.781404329704517,-0.781881198786484,-0.7811205817332304,-0.8987522588341315,-0.7694402790865632,-0.3426267063287053,6.0,5.0,8.0,2016.0,23.0,5.0
-0.780622660781498,-0.7807844147336045,-0.7808191293074734,-0.8986654198629723,-0.7691851076985219,-0.7237176639991318,7.0,6.0,8.0,2016.0,15.0,17.0
-0.7803180522492975,-0.7807065821307243,-0.7809195310423557,-0.8998154760717824,-0.7692655621738502,-0.9788889348670872,8.0,0.0,8.0,2016.0,0.0,6.0
-0.7804222258434812,-0.7809123181393167,-0.781119169576312,-0.8981322872947897,-0.7694295122156661,-0.9190739376807198,9.0,1.0,8.0,2016.0,0.0,4.0
-0.7806302060651923,-0.7808125508587261,-0.7808551524191093,-0.8975532047626584,-0.7692054463846856,-0.5951122413668863,10.0,2.0,8.0,2016.0,15.0,0.0
-0.7803555989289823,-0.7806387405342806,-0.7810382233932461,-0.8990930238466104,-0.7693550071643225,-0.8266833993976344,11.0,3.0,8.0,2016.0,13.0,23.0
-0.7805596548542658,-0.7809744097938558,-0.7811340215714905,-0.8993802843411489,-0.7694316262945233,-0.9267756267937645,12.0,4.0,8.0,2016.0,9.0,4.0
-0.7806480601161291,-0.7809005597010708,-0.7812549838616198,-0.9007717328698446,-0.7695289746404507,-0.9836130704618046,13.0,5.0,8.0,2016.0,11.0,4.0
-0.780756528717951,-0.7821776025031772,-0.7821826023974195,-0.8998340793399695,-0.7703006570484273,-0.27140522936011025,14.0,6.0,8.0,2016.0,0.0,18.0
-0.78168261774091,-0.782275035075815,-0.7823810160631666,-0.9000287248468798,-0.7704632856193566,-0.7256499092488224,15.0,0.0,8.0,2016.0,7.0,16.0
-0.7818820716048276,-0.7820552599473177,-0.7817550934284573,-0.8999667374555936,-0.7699370074579938,-0.509207489212158,16.0,1.0,8.0,2016.0,17.0,5.0
-0.7812367832164508,-0.7817572122875001,-0.7820142635536828,-0.9001816350334693,-0.7701509482711669,-0.7708207005842017,17.0,2.0,8.0,2016.0,10.0,17.0
-0.7814855004809801,-0.781630759873836,-0.7819466335983277,-0.8998858484929861,-0.7700909552953791,-0.9981278631398521,18.0,3.0,8.0,2016.0,16.0,1.0
-0.7814467255863788,-0.7815832128710088,-0.7818661144335397,-0.9003883536817745,-0.7700201479005254,-1.0121436012731098,19.0,4.0,8.0,2016.0,15.0,0.0
-0.7813396686827954,-0.7815026017727112,-0.7814937769745423,-0.9006774473846648,-0.7697052330505243,-0.8641224163779299,20.0,5.0,8.0,2016.0,23.0,7.0
-0.7809804570107504,-0.7812015788073821,-0.7815176525400643,-0.9010572143929645,-0.7697215130969681,-1.019692774025871,21.0,6.0,8.0,2016.0,7.0,22.0
-0.781018988509101,-0.7811778072354774,-0.7811834882671632,-0.8991836212203127,-0.7694383575954259,-0.8451356786412337,22.0,0.0,8.0,2016.0,17.0,8.0
-0.7806840116142472,-0.7811120533696162,-0.7813883446647505,-0.8985053775196289,-0.7696064123894198,-0.8490083889721968,23.0,1.0,8.0,2016.0,7.0,16.0
-0.7808900896006702,-0.7812245322667424,-0.7815867545847268,-0.9000793875664531,-0.7697689999058857,-1.029233304940164,24.0,2.0,8.0,2016.0,0.0,23.0
-0.781088375162594,-0.7815209359834421,-0.7817353344689185,-0.8957511826474406,-0.7698904356595491,-0.9591698985420197,25.0,3.0,8.0,2016.0,0.0,14.0
-0.7812372737535004,-0.7814140217951927,-0.7816193428213095,-0.9004846133913332,-0.7697903586433293,-1.0262660603503753,26.0,4.0,8.0,2016.0,17.0,3.0
-0.7811330365018399,-0.7819342448948274,-0.7822148834805087,-0.8998966036768973,-0.7702856831088738,-0.6938029248280545,27.0,5.0,8.0,2016.0,1.0,16.0
-0.7817233547837282,-0.7818640647314067,-0.7819715504891085,-0.8984537222641726,-0.7700785462889853,-0.9996952342744155,28.0,6.0,8.0,2016.0,13.0,0.0
-0.781463167939077,-0.7816285447955441,-0.781959582740156,-0.8971468074200151,-0.7700652194724598,-1.0681310357919007,29.0,0.0,8.0,2016.0,1.0,17.0
-0.7814605280259219,-0.7815875118208591,-0.7817511678569665,-0.8993193003331322,-0.7698870504005354,-1.0036361758426584,30.0,1.0,8.0,2016.0,7.0,0.0
-0.7812472118095386,-0.7816173536334478,-0.7818758122432533,-0.8990210787712831,-0.7699883799901994,-1.005863815100136,31.0,2.0,8.0,2016.0,1.0,14.0
-0.781372673214037,-0.7817329313247704,-0.7820702965917449,-0.8989623670738321,-0.7701481599846631,-0.992684878881245,1.0,3.0,9.0,2016.0,2.0,22.0
-0.7815650723313162,-0.7817963504826724,-0.7818718229936025,-0.898800339658723,-0.7699784743133716,-0.9764163174257892,2.0,4.0,9.0,2016.0,14.0,4.0
-0.7813721227640588,-0.7815911778912055,-0.7804802416131563,-0.8945100246614468,-0.7688098558058047,-0.05017159861624707,3.0,5.0,9.0,2016.0,22.0,7.0
-0.7799589042347294,-0.7801501266790442,-0.7798406356648536,-0.8978223340672788,-0.7682698093746521,-0.5465512725665286,4.0,6.0,9.0,2016.0,13.0,5.0
-0.7793208578208732,-0.779809085661662,-0.7799660741552948,-0.8986627947953914,-0.768371606170174,-0.9053076750731543,5.0,0.0,9.0,2016.0,0.0,12.0
-0.7794732538286407,-0.7796289542601379,-0.7797300454238201,-0.8988752786127788,-0.7681705674928468,-0.9499788040220722,6.0,1.0,9.0,2016.0,12.0,3.0
-0.779223738973328,-0.7794125943655924,-0.7794779323374097,-0.8990649291150624,-0.767955676542009,-0.9391849146281889,7.0,2.0,9.0,2016.0,23.0,6.0
-0.7789745311717491,-0.7790755358583118,-0.778755477352691,-0.8984314091897346,-0.7673466266016066,-0.5661311227937275,8.0,3.0,9.0,2016.0,12.0,2.0
-0.7782556846926405,-0.7786696864353159,-0.7789675106538716,-0.8996334514992953,-0.7675209414089851,-0.9235085191928951,9.0,4.0,9.0,2016.0,0.0,7.0
-0.7784658105458966,-0.7785348869583333,-0.7789277455136834,-0.9006928832159362,-0.7674838164914201,-1.0827829850053232,10.0,5.0,9.0,2016.0,21.0,6.0
-0.7784353186128441,-0.7799188478077133,-0.7799581593341592,-0.8991420323397123,-0.7683438563071395,-0.018938994894695464,11.0,6.0,9.0,2016.0,18.0,21.0
-0.7794426383251888,-0.7796087214108702,-0.7798646310951538,-0.8991853403141566,-0.7682615709387988,-1.0649906980616661,12.0,0.0,9.0,2016.0,6.0,9.0
-0.7793800592775231,-0.7795129983847173,-0.7798033801934668,-0.8984201496023421,-0.7682062936555636,-1.0132447808034548,13.0,1.0,9.0,2016.0,19.0,9.0
-0.779329998286128,-0.7794191083937408,-0.779714822596982,-0.9005377167729136,-0.7681283090846663,-1.0443670100604836,14.0,2.0,9.0,2016.0,18.0,3.0
-0.7792228178121453,-0.7794984537330117,-0.7799313995224113,-0.8999092788482539,-0.7683063866738763,-1.0283027528967779,15.0,3.0,9.0,2016.0,11.0,23.0
-0.7794278548115341,-0.7795250115183758,-0.7799425694214386,-0.8996110407983771,-0.7683124252152143,-1.0873028857136955,16.0,4.0,9.0,2016.0,8.0,18.0
-0.779429569818946,-0.7796225675796987,-0.7800032659485214,-0.9011200804225732,-0.7683595041600928,-1.081243143131365,17.0,5.0,9.0,2016.0,0.0,15.0
-0.7794869326977845,-0.7795805852857485,-0.7797645327679883,-0.9004942350233344,-0.7681557380753012,-1.0112703116310686,18.0,6.0,9.0,2016.0,19.0,7.0
-0.7792668088755675,-0.779427957129836,-0.7798042417215584,-0.9001624677011737,-0.7681859059051306,-1.081992108888478,19.0,0.0,9.0,2016.0,1.0,16.0
-0.7793046588644258,-0.7794489502063232,-0.7798603946243926,-0.899190840373108,-0.7682295070192112,-1.1275700278989642,20.0,1.0,9.0,2016.0,0.0,18.0
-0.7796522736413892,-0.7802111416666021,-0.7805454780187232,-0.8986449291494996,-0.7688006716126707,-0.8644417973598194,21.0,2.0,9.0,2016.0,0.0,18.0
-0.7800393373333316,-0.7801902759378243,-0.7805977053500728,-0.8994959554492038,-0.7688412653072196,-1.0964322270264837,22.0,3.0,9.0,2016.0,1.0,23.0
-0.7801055972811742,-0.7802172736516286,-0.7801960946647611,-0.9003647389209327,-0.7685008431006269,-0.8727681533027365,23.0,4.0,9.0,2016.0,22.0,0.0
-0.7796907414822568,-0.7798215425827787,-0.780209410892472,-0.9012166655537329,-0.7685081309186127,-1.0861493451419264,24.0,5.0,9.0,2016.0,7.0,15.0
-0.7797037463310228,-0.7799691115616152,-0.7803198175905673,-0.9012916047247366,-0.7685965429622051,-1.0373477408296288,25.0,6.0,9.0,2016.0,9.0,18.0
-0.7798228906667436,-0.7799287732107894,-0.7798769022518228,-0.8999261356871827,-0.7682209002386062,-0.8590757779853508,26.0,0.0,9.0,2016.0,23.0,2.0
-0.7793802465054055,-0.77969098031131,-0.7799920960495004,-0.900453936981751,-0.7683137198170887,-1.0187811150536579,27.0,1.0,9.0,2016.0,0.0,20.0
-0.7794893891276113,-0.779659556299946,-0.7800803464924857,-0.9004918919878075,-0.7683843746835352,-1.1103189762197108,28.0,2.0,9.0,2016.0,1.0,6.0
-0.7795644824869812,-0.7796443170243877,-0.7800211258004811,-0.9001157046171183,-0.7683312682106799,-1.1104506565224972,29.0,3.0,9.0,2016.0,9.0,1.0
-0.7795217795513917,-0.7796889543250702,-0.7797730656418878,-0.9000905495273654,-0.7681194344041575,-0.9559034591724919,30.0,4.0,9.0,2016.0,23.0,7.0
-0.7792632478012298,-0.7793230650688088,-0.7795123634949658,-0.9000778255427686,-0.7678965955792699,-0.9696553737940935,1.0,5.0,10.0,2016.0,17.0,0.0
-0.7790166799127997,-0.7793386825284712,-0.7797020569980981,-0.9010056676113752,-0.768052676278805,-1.012678847878442,2.0,6.0,10.0,2016.0,0.0,15.0
-0.7791995041961367,-0.7792898080222747,-0.7796258979146145,-0.9005962601189231,-0.7679850602171847,-1.105466140469755,3.0,0.0,10.0,2016.0,14.0,1.0
-0.7791330008520434,-0.7793515176336855,-0.7797442831120115,-0.9004333703365714,-0.7680808267478131,-1.086075017809294,4.0,1.0,10.0,2016.0,0.0,21.0
-0.7792455173206986,-0.7793427923862756,-0.7796027003342518,-0.8994421413468469,-0.7679578089917592,-1.0169105837831134,5.0,2.0,10.0,2016.0,13.0,4.0
-0.7791073581211678,-0.7792256980995379,-0.7795714006440261,-0.9000531423143372,-0.7679276486482552,-1.0956646583321004,6.0,3.0,10.0,2016.0,21.0,6.0
-0.7790988916762908,-0.7792034431230481,-0.7793197819998305,-0.8996594201430504,-0.7677126106942639,-0.937539744450025,7.0,4.0,10.0,2016.0,14.0,1.0
-0.7788085162077605,-0.7788544332264453,-0.7791978383168314,-0.9008377446415957,-0.7676060007393002,-1.089819795076699,8.0,5.0,10.0,2016.0,6.0,0.0
-0.7786961832224334,-0.7789008418179614,-0.7793424252055954,-0.9010060147277495,-0.7677237816141788,-1.086659065522211,9.0,6.0,10.0,2016.0,0.0,23.0
-0.7788403561815685,-0.7789267628647911,-0.7792048316774866,-0.8994744882539806,-0.7676050179103008,-0.9800256119595812,10.0,0.0,10.0,2016.0,4.0,1.0
-0.7786921353556002,-0.7787811542688341,-0.7778498877156692,-0.8975160524632175,-0.7664616082606455,-0.2088860732701455,11.0,1.0,10.0,2016.0,23.0,1.0
-0.7773649330603444,-0.777676906868541,-0.7781493773556807,-0.8981245800095929,-0.76671001499746,-0.9779518928538773,12.0,2.0,10.0,2016.0,1.0,22.0
-0.7776619289068197,-0.7777360888209351,-0.7781129234799963,-0.8997923385959553,-0.7666761649835245,-1.0401411814049841,13.0,3.0,10.0,2016.0,4.0,21.0
-0.7776019298593866,-0.7776109639106341,-0.7778924809154653,-0.8999808716004613,-0.7664872742397314,-1.0211509643763792,14.0,4.0,10.0,2016.0,18.0,0.0
-0.7773992893769021,-0.7775868102956139,-0.7779987747533545,-0.9010172960099156,-0.766573209885188,-1.0044545152782698,15.0,5.0,10.0,2016.0,10.0,22.0
-0.7774746261325225,-0.7774912763615067,-0.7778155839144455,-0.9009488110339973,-0.7664157565398036,-1.0330605361780052,16.0,6.0,10.0,2016.0,14.0,5.0
-0.7773068325036451,-0.7775063226860015,-0.7779652051238959,-0.899985264792074,-0.7665385814140208,-1.0471481362599508,17.0,0.0,10.0,2016.0,0.0,17.0
-0.7774545028796412,-0.7776749503446857,-0.7780408735109418,-0.8995794043950721,-0.7665984661760997,-1.0030491504972205,18.0,1.0,10.0,2016.0,13.0,20.0
-0.7775328502596212,-0.7781796833323674,-0.7784974721632737,-0.8993714059720842,-0.76697984501207,-0.7542590143347389,19.0,2.0,10.0,2016.0,8.0,14.0
-0.7779911990957967,-0.7781641932204145,-0.7784767917432541,-0.9000452671115944,-0.7669591374958583,-1.0447780794979888,20.0,3.0,10.0,2016.0,9.0,3.0
-0.7779812610397586,-0.7780101758167963,-0.7783558294531248,-0.9000998457377657,-0.7668532232470143,-1.0554482384419477,21.0,4.0,10.0,2016.0,17.0,1.0
-0.7778394808529675,-0.7778738597444051,-0.7768543320710212,-0.8988737929546967,-0.7655848735178095,-0.1582559710534967,22.0,5.0,10.0,2016.0,19.0,1.0
-0.7763373066117963,-0.7765438325782976,-0.7768680191303917,-0.9001799211463709,-0.765592539689057,-0.9097969550039036,23.0,6.0,10.0,2016.0,0.0,11.0
-0.776365525598344,-0.7766254585992273,-0.7770711562175611,-0.8997599320281948,-0.7657600411365012,-1.0115057105097967,24.0,0.0,10.0,2016.0,0.0,10.0
-0.7765593326693014,-0.7765557183642466,-0.7768362886761233,-0.8982325874389456,-0.7655585894190522,-0.7702995494292062,25.0,1.0,10.0,2016.0,23.0,0.0
-0.7763338091949415,-0.7763040792959451,-0.7755649316682643,-0.8983140348250204,-0.7644836398707596,-0.32676945542523894,26.0,2.0,10.0,2016.0,18.0,0.0
-0.7750739078345624,-0.7750166673033043,-0.7749506733747851,-0.8979219998562608,-0.7639616013927277,-0.7920298537870589,27.0,3.0,10.0,2016.0,3.0,0.0
-0.7744735279262365,-0.7746295958785037,-0.7748685585101343,-0.8987333730999947,-0.7638883099174969,-0.958567118948894,28.0,4.0,10.0,2016.0,18.0,6.0
-0.7743330957802069,-0.7742571925941002,-0.7733448449405377,-0.8958254334432844,-0.7625997995425086,-0.056403926331598804,29.0,5.0,10.0,2016.0,20.0,0.0
-0.7728711680447984,-0.7738510923347159,-0.7741190365601741,-0.897674695493677,-0.7632478631323132,-0.5552118915456473,30.0,6.0,10.0,2016.0,0.0,1.0
-0.7735753508360976,-0.774154133568243,-0.774173781051867,-0.8978699809964024,-0.7632899809908171,-0.5460874122777971,31.0,0.0,10.0,2016.0,14.0,1.0
-0.773655293397638,-0.7735436865479656,-0.7724050114346812,-0.8960550721857872,-0.7617943785865917,0.10161255978199252,1.0,1.0,11.0,2016.0,12.0,0.0
-0.7718927450839395,-0.7722151759772793,-0.7717277267424908,-0.8985316281954382,-0.7612193585511128,-0.5394988767951031,2.0,2.0,11.0,2016.0,23.0,9.0
-0.771139355060391,-0.7750093313035936,-0.7749269214198244,-0.8937618804008804,-0.7639134849901373,1.1638353459010569,3.0,3.0,11.0,2016.0,5.0,22.0
-0.7744045681523163,-0.7745410159009853,-0.7740348989773888,-0.8977157693403569,-0.7631578662128661,-0.39205858077457884,4.0,4.0,11.0,2016.0,12.0,0.0
-0.7735210547499807,-0.7737711720012469,-0.7740236654002016,-0.900219096483431,-0.7631443664343609,-0.835352252094588,5.0,5.0,11.0,2016.0,11.0,14.0
-0.7735034478398489,-0.7736560380973886,-0.7735263202148118,-0.8998855447661586,-0.7627205202418836,-0.6542065392357033,6.0,6.0,11.0,2016.0,6.0,15.0
-0.7730786539848995,-0.7736343503970485,-0.7740412817768338,-0.8996065011670439,-0.7631510695489213,-0.8003047232274327,7.0,0.0,11.0,2016.0,0.0,14.0
-0.7735478058699277,-0.7734771068515307,-0.7736290518213281,-0.8988138988920955,-0.7627985292058378,-0.804705119988851,8.0,1.0,11.0,2016.0,22.0,8.0
-0.773134545252577,-0.7730838416973608,-0.7728051500306853,-0.8959519135382885,-0.7620989994978813,-0.04811773347749548,9.0,2.0,11.0,2016.0,8.0,2.0
-0.7723358198694047,-0.7729194512441843,-0.7732800992314147,-0.8994025323312667,-0.7624952699326487,-0.7719862167152302,10.0,3.0,11.0,2016.0,0.0,21.0
-0.7727830061791798,-0.7727171304695436,-0.7732262762002023,-0.8997110374326532,-0.7624452322008701,-1.0535909663085512,11.0,4.0,11.0,2016.0,15.0,5.0
-0.7727095679142932,-0.7733731023654261,-0.7739232636653195,-0.8996295301690039,-0.7630290808964367,-0.7212372010563141,12.0,5.0,11.0,2016.0,1.0,14.0
-0.7734185399948467,-0.7744302426913261,-0.7741087881216335,-0.89877824917266,-0.7631818557270066,-0.5361363221579301,13.0,6.0,11.0,2016.0,0.0,14.0
-0.7736147997510767,-0.77364035889339,-0.773925290129225,-0.8997179092521265,-0.7630005311806349,-0.9561239499580656,14.0,0.0,11.0,2016.0,21.0,0.0
-0.7733818508188617,-0.7732956479466436,-0.7735203644336446,-0.899227309287187,-0.7626538871372129,-0.8113004660139997,15.0,1.0,11.0,2016.0,20.0,0.0
-0.7730522136632406,-0.7730567166358534,-0.7715209674915533,-0.8954711031228962,-0.7609587489665317,0.20972038453101755,16.0,2.0,11.0,2016.0,19.0,3.0
-0.7709841394007068,-0.7711300886183033,-0.7717186432397644,-0.897245464402034,-0.7611210987568504,-0.6340944413476595,17.0,3.0,11.0,2016.0,5.0,23.0
-0.7712400312377198,-0.771295802715825,-0.77106762017133,-0.8983961495423248,-0.760566232767852,-0.6359015269996178,18.0,4.0,11.0,2016.0,9.0,1.0
-0.7705573197400575,-0.7708167399385784,-0.7710657173179798,-0.8971354176639821,-0.7605602960671687,-0.7896055045280954,19.0,5.0,11.0,2016.0,7.0,8.0
-0.7705544963435804,-0.7724936892707,-0.7723293430476353,-0.8947756771616826,-0.7616249731533246,0.0978369848874451,20.0,6.0,11.0,2016.0,5.0,19.0
-0.7718191832486536,-0.7716991862241344,-0.7718247535347152,-0.8998367206786305,-0.7611940782263718,-0.7979650675049229,21.0,0.0,11.0,2016.0,18.0,6.0
-0.7713051865410514,-0.7713187561751852,-0.771082228691181,-0.8960887533214847,-0.7605620075429375,-0.5877954643652772,22.0,1.0,11.0,2016.0,18.0,3.0
-0.7705629627884574,-0.7711672008272294,-0.7714966649077657,-0.898982955413785,-0.7609080999301225,-0.7359532520221215,23.0,2.0,11.0,2016.0,0.0,16.0
-0.7709998440755442,-0.7715107733626585,-0.7717608656079068,-0.8984744572607938,-0.7611267433129941,-0.7310068040848613,24.0,3.0,11.0,2016.0,1.0,16.0
-0.7712561665366843,-0.7714411604753875,-0.7716774022644975,-0.8994567801121437,-0.7610516146719093,-0.9481736948664261,25.0,4.0,11.0,2016.0,23.0,8.0
-0.77119058435378,-0.7717551420346226,-0.772062010880164,-0.9001534480991342,-0.7613725307705367,-0.7553594186141878,26.0,5.0,11.0,2016.0,3.0,15.0
-0.7715632277541575,-0.7716628303833973,-0.7722674216523493,-0.9002814960754117,-0.7615420289502547,-0.9156819951269122,27.0,6.0,11.0,2016.0,13.0,23.0
-0.7717443969430052,-0.7715743777535883,-0.7720355619676866,-0.8997778085214733,-0.7613409556721031,-0.9997979747562731,28.0,0.0,11.0,2016.0,16.0,0.0
-0.7715085047884741,-0.7714431826026095,-0.7720483874989597,-0.8994186242124855,-0.7613473385079806,-1.0926125690878359,29.0,1.0,11.0,2016.0,16.0,9.0
-0.7715112645274743,-0.771335319095095,-0.7714293421059042,-0.898574714015403,-0.7608189422005045,-0.7847726350945438,30.0,2.0,11.0,2016.0,13.0,0.0
-0.7709123562303095,-0.770716903195603,-0.7707491694217109,-0.8987704494677287,-0.7602385765996061,-0.7705281143578228,1.0,3.0,12.0,2016.0,19.0,0.0
-0.7702068853111713,-0.769989867420395,-0.7694499513444562,-0.8962135525054461,-0.7591339219407116,-0.38308241393218634,2.0,4.0,12.0,2016.0,15.0,0.0
-0.7689367388410325,-0.7695276183994526,-0.7698665938221136,-0.8993624243358982,-0.7594814492749672,-0.7493937447560592,3.0,5.0,12.0,2016.0,0.0,8.0
-0.7693422669468067,-0.7693186562489541,-0.7696998506782459,-0.8998499816088689,-0.7593356084203634,-1.0033603169205718,4.0,6.0,12.0,2016.0,23.0,10.0
-0.7692345360228455,-0.7703586007754406,-0.7706309677672584,-0.8973656534466488,-0.7601195651829369,-0.46655899308504906,5.0,0.0,12.0,2016.0,0.0,12.0
-0.7701347988316068,-0.7699155773991759,-0.7702919564623921,-0.896831148467101,-0.7598276831111468,-0.9594434082389477,6.0,1.0,12.0,2016.0,16.0,0.0
-0.7697979197014588,-0.769850452553807,-0.7700521182784278,-0.897904600647997,-0.7596191168407304,-0.7953924277337304,7.0,2.0,12.0,2016.0,20.0,7.0
-0.7695607993320173,-0.7694587039950584,-0.769887768684348,-0.8987894323944503,-0.7594748759767594,-0.8999374271353491,8.0,3.0,12.0,2016.0,17.0,2.0
-0.7694461971447396,-0.7692245771659255,-0.7697660085442871,-0.8994080918338971,-0.7593677364662159,-1.030922113392479,9.0,4.0,12.0,2016.0,14.0,3.0
-0.7692572954443214,-0.7690183973698687,-0.7696521032929788,-0.9002141717698701,-0.7592668283414096,-1.0549268650048194,10.0,5.0,12.0,2016.0,17.0,0.0
-0.7691512196148435,-0.7694924665733996,-0.7699539864827845,-0.9000259533395785,-0.7595168875521636,-0.881288765434492,11.0,6.0,12.0,2016.0,0.0,6.0
-0.7694403069555409,-0.7691998562747557,-0.7693184334622927,-0.8989814801691941,-0.7589731314648978,-0.7954247626661969,12.0,0.0,12.0,2016.0,18.0,0.0
-0.768789559002086,-0.7686989784494598,-0.7692896471866455,-0.8987062494265038,-0.7589430289099663,-0.8467663602828832,13.0,1.0,12.0,2016.0,3.0,3.0
-0.7688289442595885,-0.7687699805844428,-0.769232879976818,-0.8990135884338204,-0.7589021775716194,-1.0225479421081314,14.0,2.0,12.0,2016.0,14.0,15.0
-0.7688249563056778,-0.7687090929445878,-0.7694411113170632,-0.8987098021625952,-0.7590631118812216,-1.0744189324862163,15.0,3.0,12.0,2016.0,17.0,23.0
-0.7688928713480097,-0.7686356866392673,-0.7690226259184385,-0.8985998040208356,-0.7587038889605094,-0.9932616501392945,16.0,4.0,12.0,2016.0,23.0,0.0
-0.7685123119527272,-0.7682625887310045,-0.7686591884192293,-0.8988502918744676,-0.7583909736183045,-0.9428746073562286,17.0,5.0,12.0,2016.0,2.0,0.0
-0.7681539016160198,-0.7680626682676772,-0.7686775352218498,-0.8998517985461408,-0.7584021172344877,-0.9753143148486212,18.0,6.0,12.0,2016.0,1.0,18.0
-0.7681732871910403,-0.7679176269478699,-0.76854350392512,-0.899072847707352,-0.7582834434401909,-1.0872399325662472,19.0,0.0,12.0,2016.0,17.0,0.0
-0.7680778870954673,-0.7678432095789415,-0.7680425965083512,-0.8977308689026406,-0.7578539713066519,-0.873377184864472,20.0,1.0,12.0,2016.0,23.0,2.0
-0.7675627258304316,-0.7673432154695502,-0.7659925042566069,-0.8946964912387867,-0.7561086953443954,-0.06694800360504999,21.0,2.0,12.0,2016.0,23.0,0.0
-0.7655052636443137,-0.7651464868252583,-0.7641354879422129,-0.8922856048743104,-0.7545270198607111,0.09747310018703044,22.0,3.0,12.0,2016.0,10.0,0.0
-0.7636213017929498,-0.7632163162260535,-0.7606101037455089,-0.888188710063143,-0.751528748691852,0.6147185606135226,23.0,4.0,12.0,2016.0,22.0,0.0
-0.7601063903623898,-0.7618469617727216,-0.7620315726592563,-0.895664565830761,-0.7527305031736495,-0.15192862182129604,24.0,5.0,12.0,2016.0,0.0,14.0
-0.7614885028512114,-0.7633587642834713,-0.7621935324493251,-0.895342507787486,-0.7528620896553776,-0.12339097300933635,25.0,6.0,12.0,2016.0,0.0,10.0
-0.7616570304133892,-0.7611791040908898,-0.7614922485810575,-0.8964214969084482,-0.7522612816104826,-0.7247869888163332,26.0,0.0,12.0,2016.0,1.0,12.0
-0.7609546262869787,-0.7607139492268208,-0.7599218926296248,-0.8940601835350775,-0.7509217719176136,-0.17456914920172867,27.0,1.0,12.0,2016.0,14.0,3.0
-0.7593302409173713,-0.758780745436786,-0.7572999479954883,-0.8903003708316575,-0.7486882128742179,-0.056729164100877257,28.0,2.0,12.0,2016.0,23.0,0.0
-0.756858170073141,-0.7575369596812134,-0.7574487114226244,-0.8923239508201836,-0.748808740542524,-0.5338982802417758,29.0,3.0,12.0,2016.0,1.0,18.0
-0.7570170703775686,-0.7587806180890766,-0.7582010576864213,-0.8929664415343106,-0.7494417128217308,-0.19107897348279643,30.0,4.0,12.0,2016.0,0.0,10.0
-0.757747633577598,-0.7579964224887025,-0.7580473236167647,-0.8977576723612761,-0.7493053044095741,-0.7500234760881875,31.0,5.0,12.0,2016.0,23.0,3.0
-0.7575616788440623,-0.757271663536129,-0.7559249978530277,-0.8951195931230497,-0.7474955303073147,-0.0023380722076078624,1.0,6.0,1.0,2017.0,21.0,20.0
-0.7554169160405921,-0.7548688747254412,-0.7544873883977327,-0.8910838237698214,-0.7462672290922188,-0.2954620862013478,2.0,0.0,1.0,2017.0,2.0,2.0
-0.7540068916189504,-0.7532946718384458,-0.7531317102641502,-0.8930915119029393,-0.7451079418157497,-0.6251688625213786,3.0,1.0,1.0,2017.0,23.0,0.0
-0.7526080896366193,-0.7518531112354532,-0.7463263050718312,-0.8844256440115045,-0.7393154651987489,1.6570397599059377,4.0,2.0,1.0,2017.0,23.0,0.0
-0.7457165532899898,-0.7603243501429974,-0.7550010614133854,-0.8754628267397324,-0.7466849815740035,5.088990846869261,5.0,3.0,1.0,2017.0,15.0,22.0
-0.7544584328492863,-0.7619981389365796,-0.7618242028471087,-0.8840497811946252,-0.7524808935716291,2.9635349166759,6.0,4.0,1.0,2017.0,6.0,7.0
-0.7612532210595812,-0.7658162392866091,-0.7614324098362889,-0.8879725207784595,-0.7521424131860625,1.2422123657891548,7.0,5.0,1.0,2017.0,23.0,9.0
-0.7609656090746053,-0.7617891729270634,-0.7612719895594708,-0.8945262410706649,-0.7519998774162415,0.38687808011913666,8.0,6.0,1.0,2017.0,5.0,17.0
-0.760654619816144,-0.7622597034079637,-0.7617857225075128,-0.8954394834245668,-0.7524318422565517,-0.23430939295642184,9.0,0.0,1.0,2017.0,0.0,1.0
-0.76131745520173,-0.7609159574207306,-0.7614880121103024,-0.8968533856098321,-0.7521727315909481,-0.798639249818562,10.0,1.0,1.0,2017.0,10.0,5.0
-0.7609692899747883,-0.7696598246140457,-0.7694614246511999,-0.8862706213441512,-0.7589515965381357,3.273189827134052,11.0,2.0,1.0,2017.0,6.0,17.0
-0.7691250863469182,-0.7701029791970376,-0.7677996905352227,-0.8910761759283039,-0.7575319632255111,1.1599088004100644,12.0,3.0,1.0,2017.0,22.0,7.0
-0.7673729666263074,-0.768569932773406,-0.7666244388591014,-0.8939701502254835,-0.7565268396947442,0.3837365938311693,13.0,4.0,1.0,2017.0,22.0,4.0
-0.766059750253923,-0.766518052497858,-0.7669663980883598,-0.8980869886079385,-0.7568121727629874,-0.48481296917738054,14.0,5.0,1.0,2017.0,2.0,22.0
-0.766489206083167,-0.7664918150112668,-0.7667585975121636,-0.8992828965033736,-0.7566297246332324,-0.8646899868420406,15.0,6.0,1.0,2017.0,10.0,7.0
-0.766265828240346,-0.7660239395370988,-0.7661610903214481,-0.898646068125103,-0.7561154190413062,-0.7456776291664371,16.0,0.0,1.0,2017.0,23.0,0.0
-0.765703672776643,-0.7653584821665869,-0.761472118789859,-0.8947225787699001,-0.7521172730447627,1.2909230308249602,17.0,1.0,1.0,2017.0,22.0,1.0
-0.7608921108968022,-0.7636192559468984,-0.7627805439803955,-0.8908944283980731,-0.7532259482668073,0.49073363077129145,18.0,2.0,1.0,2017.0,1.0,14.0
-0.762182807499395,-0.76197322509434,-0.7620161700352508,-0.8974056803035646,-0.7525687428033987,-0.6039320052594047,19.0,3.0,1.0,2017.0,21.0,2.0
-0.7615793008854248,-0.7618044122026216,-0.7622645373473377,-0.8984305739409589,-0.7527733572979028,-0.8377846413134329,20.0,4.0,1.0,2017.0,20.0,10.0
-0.7617402232509857,-0.7612652837570886,-0.7606220714944676,-0.8971055873505623,-0.7513674423845884,-0.27451941673176145,21.0,5.0,1.0,2017.0,12.0,0.0
-0.7601048550937518,-0.7611369944492302,-0.760445079912053,-0.896811894355712,-0.7512100084439185,-0.07284983753140346,22.0,6.0,1.0,2017.0,2.0,14.0
-0.7599027650612394,-0.7599246983083948,-0.7606697552015623,-0.8991432363996358,-0.7513963066423966,-0.8724533362492326,23.0,0.0,1.0,2017.0,15.0,1.0
-0.760812108422333,-0.7614707033259259,-0.7624080829108429,-0.8970952280962657,-0.7528723662600025,-0.28904358028710925,24.0,1.0,1.0,2017.0,4.0,23.0
-0.7619626200197014,-0.7615085757620718,-0.7618646459724441,-0.8965809534929099,-0.7524037065040993,-0.8592365575864254,25.0,2.0,1.0,2017.0,9.0,0.0
-0.7613202149407241,-0.7608423620233644,-0.7608800130057127,-0.8959774591339624,-0.7515587055771159,-0.7042306053234045,26.0,3.0,1.0,2017.0,15.0,0.0
-0.7603408109057598,-0.7599810940473234,-0.7607472065771861,-0.8963226229786952,-0.7514390720484925,-0.9870014264284495,27.0,4.0,1.0,2017.0,16.0,5.0
-0.7602517316235188,-0.7597304042982871,-0.7606342827187474,-0.899393214426093,-0.7513371116544291,-1.0795929751595221,28.0,5.0,1.0,2017.0,8.0,0.0
-0.7601133215386227,-0.7597723209888767,-0.7607627964899067,-0.8998340467978094,-0.7514405441699272,-1.0751012638334614,29.0,6.0,1.0,2017.0,2.0,19.0
-0.7602308706927767,-0.7597517099555116,-0.7607084190840966,-0.8988916477532017,-0.7513887227447507,-1.0944414136690181,30.0,0.0,1.0,2017.0,16.0,1.0
-0.7601813002384374,-0.7596578199645286,-0.7576385922144718,-0.8942080334157724,-0.7487647199193048,0.2407707656716398,31.0,1.0,1.0,2017.0,23.0,0.0
-0.7571148632454916,-0.7565102284440517,-0.7564958688425505,-0.8949929503172451,-0.7477822901132409,-0.7050053892890324,1.0,2.0,2.0,2017.0,23.0,13.0
-0.7559455165230751,-0.755721228362014,-0.7550980282732146,-0.8952255729588808,-0.7465832416998858,-0.4024434907002192,2.0,3.0,2.0,2017.0,16.0,16.0
-0.7546289862171578,-0.7541045993936039,-0.753986600845742,-0.8922177549044094,-0.7456286950738695,-0.5528851051952612,3.0,4.0,2.0,2017.0,6.0,0.0
-0.7534099492145566,-0.7537018487648046,-0.753189395188681,-0.8947242605487338,-0.7449423493066878,-0.4231304147594678,4.0,5.0,2.0,2017.0,18.0,6.0
-0.7526620786690024,-0.7532459864242951,-0.7541443279108264,-0.8969401647034168,-0.7457507063681075,-0.6674155273837008,5.0,6.0,2.0,2017.0,0.0,18.0
-0.7535897029606055,-0.7528799042169638,-0.7534809063293908,-0.8970728282427342,-0.7451791414219471,-0.7800293393659342,6.0,0.0,2.0,2017.0,10.0,0.0
-0.7528694447832646,-0.7521224554940059,-0.7520571075440217,-0.8952154840214607,-0.7439571947402125,-0.6525044261252834,7.0,1.0,2.0,2017.0,23.0,0.0
-0.7515086875067887,-0.7522900064857154,-0.7519515516236684,-0.89218645975989,-0.7438607825217161,-0.1838302083372021,8.0,2.0,2.0,2017.0,4.0,8.0
-0.7513626722252819,-0.7576102386388309,-0.7561669224332804,-0.8810480923475337,-0.7474532214794157,2.1043573989830784,9.0,3.0,2.0,2017.0,14.0,13.0
-0.7556000473776506,-0.7580308835499205,-0.7565172871801122,-0.8928049239463762,-0.7477464794419447,0.1631027429027301,10.0,4.0,2.0,2017.0,0.0,8.0
-0.7560131844246019,-0.7557459492531902,-0.7555491019084282,-0.8975881333478263,-0.7469139480443786,-0.5020964475668536,11.0,5.0,2.0,2017.0,7.0,7.0
-0.7551161119789678,-0.7548550285566126,-0.7558724633681847,-0.8994718362848806,-0.7471844693390466,-0.9927332374968942,12.0,6.0,2.0,2017.0,15.0,9.0
-0.755400473687894,-0.7561776579786669,-0.7563965084329272,-0.8976778412358194,-0.7476255742637975,-0.5184097453396745,13.0,0.0,2.0,2017.0,8.0,4.0
-0.7558391336398694,-0.7555157431898099,-0.7555429663300876,-0.895652688376222,-0.7468894784496081,-0.5411842706327171,14.0,1.0,2.0,2017.0,7.0,8.0
-0.7549510780890908,-0.7545604578750893,-0.7553631504338363,-0.8982661817955496,-0.7467301583904147,-1.0081754885550636,15.0,2.0,2.0,2017.0,22.0,7.0
-0.75486273274015,-0.754176674336531,-0.7541381923324858,-0.8965025268870829,-0.7456771775421456,-0.5340099008010903,16.0,3.0,2.0,2017.0,18.0,0.0
-0.7537295846566627,-0.7530392354930706,-0.7529862618472887,-0.8957325251423199,-0.7446862960437334,-0.500225828656563,17.0,4.0,2.0,2017.0,17.0,0.0
-0.7523129960254383,-0.7516912561593477,-0.7524824027603568,-0.8977610133563791,-0.7442492216466191,-0.8460168750042834,18.0,5.0,2.0,2017.0,16.0,1.0
-0.751972495908036,-0.75191254788326,-0.752884384277322,-0.898935254247728,-0.7445871074065129,-0.8672479662504757,19.0,6.0,2.0,2017.0,7.0,12.0
-0.7523448996567231,-0.7520244595042365,-0.750913769865107,-0.8971967053988262,-0.7428958173476679,-0.23686798550922153,20.0,0.0,2.0,2017.0,23.0,3.0
-0.7504681722907657,-0.7497963608748811,-0.7487461501982925,-0.8929992553129678,-0.7410362207270769,-0.2275553799825109,21.0,1.0,2.0,2017.0,23.0,0.0
-0.7482889895132611,-0.748302958178229,-0.7486148233506151,-0.8957528097554454,-0.7409177097024994,-0.6179872438871246,22.0,2.0,2.0,2017.0,20.0,5.0
-0.7481374547537537,-0.7472654216811043,-0.7455904701812415,-0.8928590524059996,-0.7383241323154168,0.18783262883931556,23.0,3.0,2.0,2017.0,23.0,3.0
-0.7447361681809201,-0.7463170285786236,-0.7451633245523912,-0.8851951020852461,-0.7379511373221243,0.31612821598965474,24.0,4.0,2.0,2017.0,4.0,7.0
-0.7448772706027732,-0.7467830054142549,-0.7469946336176272,-0.8955434013891345,-0.7395099939383131,-0.0829442636215391,25.0,5.0,2.0,2017.0,3.0,16.0
-0.7464809822695271,-0.7464283073200898,-0.7456837549449133,-0.8968166129689256,-0.7383799141898106,-0.351530320630063,26.0,6.0,2.0,2017.0,17.0,2.0
-0.7452840269234637,-0.7443304583814659,-0.7447773075255772,-0.8959985030641567,-0.7375974841786497,-0.7811297875073997,27.0,0.0,2.0,2017.0,17.0,0.0
-0.744244747411472,-0.7437968329004608,-0.7447773075255772,-0.8931030101328393,-0.7375901611562283,-0.724994734706163,28.0,1.0,2.0,2017.0,2.0,4.0
-0.7442864617838352,-0.7432992429614136,-0.7421672070298377,-0.8907111075628756,-0.7353491660882986,-0.2555168461873045,1.0,2.0,3.0,2017.0,23.0,6.0
-0.7415477597112223,-0.7410275219540015,-0.7404175258785918,-0.883160349288421,-0.733843597263553,-0.21152276670564266,2.0,3.0,3.0,2017.0,18.0,4.0
-0.7399508032264877,-0.7388089165173176,-0.7389458560974002,-0.8860097408262716,-0.7325760434105342,-0.5821287817116944,3.0,4.0,3.0,2017.0,12.0,0.0
-0.7383115032837054,-0.7400860828081095,-0.7401634500064359,-0.8931944536027041,-0.7336118490624401,-0.20388588222041604,4.0,5.0,3.0,2017.0,1.0,16.0
-0.7397311624522119,-0.7396087218593057,-0.7394288437298204,-0.8958598192252218,-0.7329751570268973,-0.5915199472973429,5.0,6.0,3.0,2017.0,23.0,7.0
-0.7389225626704844,-0.7379307035782577,-0.7390784190505995,-0.8948005723480502,-0.7326677509846491,-0.9621013984270695,6.0,0.0,3.0,2017.0,13.0,4.0
-0.738570409489632,-0.7417116261159878,-0.7421033790354183,-0.887337624102812,-0.7352508211483655,0.24403395712774853,7.0,1.0,3.0,2017.0,2.0,12.0
-0.7416367229121723,-0.7452978224332119,-0.746616587598567,-0.8850950891798899,-0.7391097648405718,0.5850463525248579,8.0,2.0,3.0,2017.0,2.0,23.0
-0.7461079719024993,-0.7457309204064005,-0.7442544273966426,-0.8916208770174523,-0.7370791920471939,0.07084741603034432,9.0,3.0,3.0,2017.0,17.0,0.0
-0.7437146753178216,-0.7497761318846313,-0.748659008504503,-0.8725558919849259,-0.7408456794350872,3.012161074788609,10.0,4.0,3.0,2017.0,13.0,21.0
-0.7481957425383353,-0.7473058873796395,-0.7450313833977268,-0.8877680484069916,-0.7377303612695151,0.6031068706108433,11.0,5.0,3.0,2017.0,9.0,0.0
-0.7444962843279179,-0.7435730096585016,-0.7422359419886176,-0.8908131268008755,-0.7353273128011348,-0.05888053692639831,12.0,6.0,3.0,2017.0,19.0,0.0
-0.741725678624014,-0.7409383708413155,-0.7415890917127785,-0.8825093984804604,-0.7347656190900723,-0.7638969222573594,13.0,0.0,3.0,2017.0,13.0,7.0
-0.741088856680514,-0.740705069842769,-0.7410932186166963,-0.8898298111966949,-0.7343327583666593,-0.6887097293582043,14.0,1.0,3.0,2017.0,17.0,7.0
-0.740598050018521,-0.7395018732744232,-0.7405034464499489,-0.886982426859279,-0.7338199532230152,-0.9473670372031266,15.0,2.0,3.0,2017.0,12.0,1.0
-0.739912766009747,-0.7450221570975869,-0.7442961553225702,-0.8685004862584014,-0.7370640783559987,0.9892032815517479,16.0,3.0,3.0,2017.0,1.0,21.0
-0.7442790999834691,-0.7483649263440764,-0.7496710118441862,-0.8648106947378038,-0.7416656535408128,0.5734264454953475,17.0,4.0,3.0,2017.0,0.0,23.0
-0.7492160071865173,-0.7573376682383783,-0.7574290123954684,-0.8694369402842553,-0.748311916797509,2.488476777039431,18.0,5.0,3.0,2017.0,15.0,19.0
-0.756759703184834,-0.7561316314302726,-0.7535674412077412,-0.8810791158734902,-0.7449933971074816,1.275567705595883,19.0,6.0,3.0,2017.0,1.0,13.0
-0.7530473636960562,-0.7523412156998711,-0.7524940671015867,-0.8875939487182785,-0.7440668938125334,-0.5371375809640672,20.0,0.0,3.0,2017.0,17.0,0.0
-0.7519356869062057,-0.7511601544783476,-0.748424567981337,-0.8848354027423379,-0.7405695641259427,0.4507878932489061,21.0,1.0,3.0,2017.0,22.0,0.0
-0.7479300886394978,-0.7537619105740733,-0.7528064422052665,-0.8824788088499719,-0.7443220036824002,1.2647058291297177,22.0,2.0,3.0,2017.0,0.0,18.0
-0.7522614559337676,-0.7528312188028196,-0.7534539067880925,-0.8896544089537871,-0.7448712947492226,-0.4778343819142159,23.0,3.0,3.0,2017.0,12.0,6.0
-0.7529731315849466,-0.758810652852735,-0.7596566468584481,-0.8765020601884461,-0.7501871864856976,1.4512300231870299,24.0,4.0,3.0,2017.0,15.0,11.0
-0.7592253933028099,-0.7607482173369691,-0.7574927767117279,-0.8794978376436827,-0.7483248272127192,0.7972440293612915,25.0,5.0,3.0,2017.0,23.0,6.0
-0.7569262685988011,-0.7575570034384354,-0.757864316320794,-0.8866644352843295,-0.7486372918788567,0.23472215022245405,26.0,6.0,3.0,2017.0,15.0,15.0
-0.7570465175790267,-0.7564317012173123,-0.753013261388587,-0.882929299951752,-0.7444674356082915,0.7875430696604512,27.0,0.0,3.0,2017.0,9.0,10.0
-0.7525970506806307,-0.7529070948818382,-0.7529285694312037,-0.8854352094237035,-0.7443881473460198,-0.27970712673453924,28.0,1.0,3.0,2017.0,12.0,19.0
-0.7525050244315069,-0.7536563238891932,-0.7533692148307094,-0.8869470105756052,-0.7447606649513484,-0.22333815881772937,29.0,2.0,3.0,2017.0,11.0,3.0
-0.7527424518546822,-0.7533933045667434,-0.7542001699143963,-0.8839905006602157,-0.7454673376186022,-0.4682124042579993,30.0,3.0,3.0,2017.0,0.0,13.0
-0.7536976810253779,-0.7529760092862386,-0.751416392846517,-0.8788749806994791,-0.7430707488351145,0.022845947130510153,31.0,4.0,3.0,2017.0,22.0,0.0
-0.7509326022885827,-0.75079786954809,-0.7508818558679003,-0.8874255972767243,-0.7426059398123416,-0.45487331268373443,1.0,5.0,4.0,2017.0,10.0,20.0
-0.75038657837929,-0.7498899421441445,-0.7495519486616421,-0.8752465298489728,-0.7414564697242954,-0.4247813471822047,2.0,6.0,4.0,2017.0,20.0,1.0
-0.7490160028726275,-0.7481512214562631,-0.7469964690470403,-0.8716529520450144,-0.7392528872696666,-0.04944032502509837,3.0,0.0,4.0,2017.0,22.0,0.0
-0.7464042937285906,-0.7470403326801185,-0.7476445479368595,-0.8794703390845076,-0.7398040606440791,-0.38297296325794955,4.0,1.0,4.0,2017.0,10.0,15.0
-0.7471024665048459,-0.7474759621713604,-0.7481643565308468,-0.8806378441826124,-0.7402433359891574,-0.7050071622601678,5.0,2.0,4.0,2017.0,1.0,9.0
-0.7476135162455592,-0.7467058635762033,-0.7446109876542042,-0.8754073419228763,-0.7371824611869605,0.24404972413153825,6.0,3.0,4.0,2017.0,21.0,0.0
-0.7443539536911483,-0.7443298255019558,-0.7449657124823402,-0.8859401544067079,-0.7374796559749413,-0.6856263941373011,7.0,4.0,4.0,2017.0,21.0,4.0
-0.7447398453365428,-0.7443810424341472,-0.7450240192054121,-0.8917820153807476,-0.7375231914507762,-0.7003388549995039,8.0,5.0,4.0,2017.0,13.0,0.0
-0.7444993548652,-0.7437943013824138,-0.7442924769721898,-0.8899905147967315,-0.7368867357907649,-0.6370562212328399,9.0,6.0,4.0,2017.0,16.0,11.0
-0.7438410541389487,-0.7433403338214233,-0.7443378907400517,-0.8914256240568869,-0.7369187540793297,-0.9485567501444949,10.0,0.0,4.0,2017.0,10.0,6.0
-0.7438312433978704,-0.7428079740994448,-0.7432405811359923,-0.8914094076476687,-0.7359669319648966,-0.7455474576812879,11.0,1.0,4.0,2017.0,21.0,0.0
-0.7427668004583775,-0.7422199672886912,-0.7435253423913745,-0.8874761443631555,-0.7362049132315809,-0.9719124439591741,12.0,2.0,4.0,2017.0,3.0,13.0
-0.7429993225110136,-0.7447692522702587,-0.7454333574231441,-0.884044737593706,-0.7378399148548154,-0.1287520164519052,13.0,3.0,4.0,2017.0,2.0,17.0
-0.744882183462427,-0.7445574383029402,-0.7455401419574712,-0.8893134209190375,-0.7379252351741608,-0.5088351082545978,14.0,4.0,4.0,2017.0,7.0,9.0
-0.7450680707939314,-0.7442305637531659,-0.7452345167391191,-0.8920940400252223,-0.7376551366186627,-0.6838724846983003,15.0,5.0,4.0,2017.0,15.0,0.0
-0.7447423017663697,-0.7437468817272898,-0.7445950381471426,-0.8931965684092148,-0.7370979419062588,-0.8723659617489822,16.0,6.0,4.0,2017.0,19.0,0.0
-0.7440895280072274,-0.7437443502092428,-0.7439217951454443,-0.889401339422121,-0.7365119638308734,-0.7080539830451782,17.0,0.0,4.0,2017.0,20.0,12.0
-0.7434441160484448,-0.7424090130296709,-0.7428318497336995,-0.8884620642079346,-0.7355669302053858,-0.6787218384938268,18.0,1.0,4.0,2017.0,12.0,0.0
-0.7423177156578685,-0.741693928643785,-0.7429165416910827,-0.8875109115392092,-0.7356327526310196,-0.9721905306008898,19.0,2.0,4.0,2017.0,3.0,22.0
-0.7423821370278997,-0.7414833804354869,-0.7417633900834533,-0.8860439647651995,-0.7346332477639788,-0.5026285177504048,20.0,3.0,4.0,2017.0,17.0,2.0
-0.741256957363119,-0.7410313115130268,-0.7421948208781293,-0.8883729524923144,-0.734996418138712,-0.7657352834005221,21.0,4.0,4.0,2017.0,2.0,23.0
-0.7416686265434634,-0.7414795908764616,-0.7416019846679885,-0.8896121041456646,-0.734478772149471,-0.6212558935643369,22.0,5.0,4.0,2017.0,22.0,13.0
-0.7411035802812462,-0.7417660074457364,-0.7431055684463868,-0.8890897478053232,-0.7357659306636565,-0.600951616114403,23.0,6.0,4.0,2017.0,0.0,22.0
-0.7424710927397413,-0.7414062463154837,-0.7404703038387621,-0.8903450620648535,-0.7334903045071584,-0.3106156476900191,24.0,0.0,4.0,2017.0,21.0,0.0
-0.73996675504213,-0.7388557032929316,-0.7395288783788199,-0.8899789627637935,-0.7326719272465125,-0.8303206056221838,25.0,1.0,4.0,2017.0,17.0,2.0
-0.7390133607046916,-0.7378466077836238,-0.7385721102272613,-0.8852562813462233,-0.7318399415206518,-0.6038495414285835,26.0,2.0,4.0,2017.0,17.0,0.0
-0.7380384950736163,-0.736874821293336,-0.7363228701379987,-0.8787713890243035,-0.7298944836500489,-0.41925354016303595,27.0,3.0,4.0,2017.0,21.0,1.0
-0.7358384551099239,-0.7361749105796417,-0.7363995835960803,-0.8745250710274747,-0.7299534202585366,-0.4303394161951988,28.0,4.0,4.0,2017.0,3.0,19.0
-0.7358323215244743,-0.7347308261766504,-0.7360737012302095,-0.8802081800632926,-0.7296632057175557,-0.9594107020205096,29.0,5.0,4.0,2017.0,5.0,13.0
-0.7355850758711061,-0.7347491565283635,-0.7344719257237792,-0.8807283651907124,-0.7282747688781759,-0.5487103389589855,30.0,6.0,4.0,2017.0,23.0,10.0
-0.7339635700663381,-0.7326386654355888,-0.7299482889249226,-0.8644296789783474,-0.7243674183543598,0.4571829577122378,1.0,0.0,5.0,2017.0,17.0,0.0
-0.7295015251987488,-0.7283778581490499,-0.7280322953938452,-0.8772451079128462,-0.7227066635953039,-0.13419286525475901,2.0,1.0,5.0,2017.0,11.0,1.0
-0.7274922854262146,-0.726367261684575,-0.7257450057290413,-0.8714711533151183,-0.7207270959729491,-0.3884232778633786,3.0,2.0,5.0,2017.0,21.0,7.0
-0.7252259892592401,-0.7236339939981156,-0.7228249798660346,-0.8525016218143713,-0.7181991575760552,0.858204324121497,4.0,3.0,5.0,2017.0,18.0,0.0
-0.7221492434990455,-0.7211308629126392,-0.7217338133318575,-0.8518243665275633,-0.7172501839334956,0.2792709800210448,5.0,4.0,5.0,2017.0,9.0,17.0
-0.721171307330682,-0.7203601391560202,-0.7203007999416585,-0.8715398164051262,-0.7160036601407795,-0.5911849135328274,6.0,5.0,5.0,2017.0,23.0,6.0
-0.7197811028527543,-0.7192688542086572,-0.7192016549081798,-0.8445569437292443,-0.7150451064191612,-0.5890279617104951,7.0,6.0,5.0,2017.0,23.0,15.0
-0.718710526327812,-0.7169193662017255,-0.7114296601440395,-0.8304396097076606,-0.7083287168351329,0.855283875513877,8.0,0.0,5.0,2017.0,23.0,0.0
-0.7109208128910436,-0.7093714213213944,-0.709465181310159,-0.8397900570414021,-0.706623089205869,0.5654634997780486,9.0,1.0,5.0,2017.0,9.0,21.0
-0.7089189349188691,-0.7091943925730911,-0.707515430860914,-0.8534684485229798,-0.7049301302474968,-0.17271606557259842,10.0,2.0,5.0,2017.0,23.0,7.0
-0.7074557190556278,-0.7069024425754294,-0.7037448145652305,-0.8597725713150535,-0.7016665891278117,0.5298350084318593,11.0,3.0,5.0,2017.0,8.0,2.0
-0.7034439872034703,-0.7107807359414545,-0.7113750392628958,-0.8629457564780507,-0.7082402721429639,1.079902847149989,12.0,4.0,5.0,2017.0,0.0,19.0
-0.7109680542305157,-0.7134950403966909,-0.706424256835189,-0.8716968310258945,-0.7039560394901502,1.238360678127061,13.0,5.0,5.0,2017.0,14.0,2.0
-0.7061986410917256,-0.7055576199212216,-0.706178773769328,-0.879422286029226,-0.7037319741911495,-0.4069780607892038,14.0,6.0,5.0,2017.0,10.0,19.0
-0.7057336044755679,-0.709862057303853,-0.7105041841911528,-0.8634585653825158,-0.7074543593424119,0.2979959050543718,15.0,0.0,5.0,2017.0,0.0,15.0
-0.7098281584541175,-0.7112530338541581,-0.7107484461345813,-0.8511187969581006,-0.7076555351488537,0.28294229173307317,16.0,1.0,5.0,2017.0,15.0,4.0
-0.7107465786229828,-0.7128102956371524,-0.7043266082326762,-0.8453867670760652,-0.7020990655477545,1.8366365885816125,17.0,2.0,5.0,2017.0,9.0,2.0
-0.7051041443324341,-0.703629220612844,-0.7012850694507129,-0.85462922650575,-0.6994617170596833,0.19132078216086482,18.0,3.0,5.0,2017.0,23.0,3.0
-0.7002776716239789,-0.6983732257301749,-0.6952056852202749,-0.8403665965121957,-0.6941980181643657,0.3646443759663654,19.0,4.0,5.0,2017.0,22.0,0.0
-0.6949481250826254,-0.6930198600192107,-0.6892514922591676,-0.8509945397095786,-0.6890412428842186,0.23815126604967207,20.0,5.0,5.0,2017.0,23.0,11.0
-0.6898688872428076,-0.6890631667741556,-0.6919229635213722,-0.8408780516628009,-0.6913366253869023,-0.17293540418308023,21.0,6.0,5.0,2017.0,12.0,20.0
-0.6913314964877084,-0.6903042975229896,-0.6838097511912867,-0.7977943977042194,-0.6843141091559444,2.4303727677774347,22.0,0.0,5.0,2017.0,8.0,0.0
-0.6822288662431686,-0.6801482716108366,-0.6747870199069239,-0.8283552869569982,-0.6765022640703394,0.4867392886424685,23.0,1.0,5.0,2017.0,23.0,0.0
-0.6742649110492311,-0.6711151360314206,-0.6672249158610516,-0.809555137833437,-0.6699518251913366,1.0623886652233747,24.0,2.0,5.0,2017.0,20.0,0.0
-0.6666040403525251,-0.6733957096339581,-0.6757345809452007,-0.7726024268366081,-0.677291401293455,3.8696807050064486,25.0,3.0,5.0,2017.0,15.0,23.0
-0.6742943732289245,-0.68688249551796,-0.682028770349821,-0.807488705460708,-0.6827182453955779,4.404217859502435,26.0,4.0,5.0,2017.0,8.0,19.0
-0.681939906217437,-0.7005494745478287,-0.6920659547102794,-0.8109056357417657,-0.6913817862280174,3.5730850848824023,27.0,5.0,5.0,2017.0,1.0,10.0
-0.6906633775312644,-0.6880148713253328,-0.684889867691221,-0.840917102254914,-0.6851626988890717,1.4936903892801427,28.0,6.0,5.0,2017.0,9.0,0.0
-0.684200076288083,-0.6846582018837141,-0.67876444789438,-0.849189045128931,-0.6798522039617229,1.2020586699976419,29.0,0.0,5.0,2017.0,21.0,3.0
-0.6783146801181292,-0.6835580566231835,-0.6836827095094411,-0.8248179489480101,-0.6840897461418295,0.8418554079581658,30.0,1.0,5.0,2017.0,6.0,22.0
-0.6824969765718331,-0.6822303062797104,-0.6768742402737287,-0.819347617042916,-0.6781856372470402,0.7646781129023323,31.0,2.0,5.0,2017.0,18.0,4.0
-0.6762919449597795,-0.6732041323749252,-0.6694195350691705,-0.8134710409602787,-0.671720576681571,0.6163821577698444,1.0,3.0,6.0,2017.0,12.0,0.0
-0.6691936566063491,-0.667830537673711,-0.6644687451499158,-0.8317027870208606,-0.6674225038836312,0.046277305509767996,2.0,4.0,6.0,2017.0,23.0,1.0
-0.6636911040118577,-0.6646534207804006,-0.6628240056120236,-0.8209682131444448,-0.6659798245738812,0.4493272715304908,3.0,5.0,6.0,2017.0,17.0,4.0
-0.6603738602912058,-0.662821759420808,-0.6630412605226061,-0.829636903092003,-0.6661515305756477,0.16041718320610263,4.0,6.0,6.0,2017.0,0.0,0.0
-0.6625450746500038,-0.659174876132841,-0.6523013763911909,-0.8288672836091474,-0.656838454214616,0.6252206396399497,5.0,0.0,6.0,2017.0,23.0,0.0
-0.6515976206707975,-0.6477549512455151,-0.6414761934869533,-0.7898004186804453,-0.6474509334646988,1.7795269761208572,6.0,1.0,6.0,2017.0,1.0,0.0
-0.6406440555734791,-0.6471403943674331,-0.6495182211218525,-0.8208185226791751,-0.6543947189823434,0.32863349619850707,7.0,2.0,6.0,2017.0,0.0,22.0
-0.6497785744710748,-0.6490125291436093,-0.6450099120315167,-0.8336477217202438,-0.6504724752240165,0.17908676603855098,8.0,3.0,6.0,2017.0,6.0,0.0
-0.644444122559182,-0.641130107441321,-0.6438935813854545,-0.8299715441038478,-0.649488783095435,-0.21640319044223055,9.0,4.0,6.0,2017.0,21.0,23.0
-0.6431741633169258,-0.6442326217326753,-0.6362897494136545,-0.7936360546168849,-0.6428867685291547,0.6770245221582729,10.0,5.0,6.0,2017.0,23.0,6.0
-0.6361636024604206,-0.6382906240494829,-0.6356514844525561,-0.8080896541549452,-0.6423163501578533,0.17860116214655064,11.0,6.0,6.0,2017.0,16.0,6.0
-0.6355003963636302,-0.6586475640108661,-0.6539694446115489,-0.7637710226174149,-0.6581673248450225,3.0027641149624635,12.0,0.0,6.0,2017.0,2.0,17.0
-0.6522068452243194,-0.6503130965402502,-0.6504473679335719,-0.8065276304704222,-0.6551006689568315,0.1444096759046825,13.0,1.0,6.0,2017.0,8.0,2.0
-0.6500000575677223,-0.6653255233857883,-0.6633751138962366,-0.8111182445210479,-0.6662867973265746,2.368883301341345,14.0,2.0,6.0,2017.0,6.0,22.0
-0.6633315815415247,-0.6779694989931778,-0.6659398006241142,-0.7932363292848517,-0.6684938366752569,2.138505362449664,15.0,3.0,6.0,2017.0,2.0,14.0
-0.6651727206314539,-0.6670825821434246,-0.6626270078489658,-0.8383110149973285,-0.6656079402443653,0.42797232266470164,16.0,4.0,6.0,2017.0,20.0,2.0
-0.6624462932188608,-0.6607719707348604,-0.6541995849857936,-0.8199073421965367,-0.6582883977568027,0.8675733621162284,17.0,5.0,6.0,2017.0,18.0,2.0
-0.6537749611259304,-0.6587885572172179,-0.6608024561606053,-0.8392075541112972,-0.6639968903750089,0.2266442737205673,18.0,6.0,6.0,2017.0,0.0,20.0
-0.6602977858577246,-0.6567210633410253,-0.6582672262019803,-0.8246622880811018,-0.6617833377278566,-0.038657863020715076,19.0,0.0,6.0,2017.0,13.0,0.0
-0.6577069413889902,-0.6541420638945723,-0.650154628178888,-0.8025688792983322,-0.6547344637884362,0.5402402637876557,20.0,1.0,6.0,2017.0,20.0,0.0
-0.6504571182760587,-0.649679568712903,-0.6521608349386899,-0.8149137468622866,-0.656459014288997,-0.1282389800735426,21.0,2.0,6.0,2017.0,5.0,22.0
-0.6515859676073474,-0.6508201565178428,-0.6511598891247975,-0.8435855593826407,-0.6555755740133917,-0.41186663596485046,22.0,3.0,6.0,2017.0,15.0,5.0
-0.6505853319304368,-0.6467730464010815,-0.6487357438494209,-0.8509954630391343,-0.6534553359085611,-0.632575933369653,23.0,4.0,6.0,2017.0,17.0,0.0
-0.6486724171592186,-0.6545612616726318,-0.6570938249383803,-0.8498331091480247,-0.6606893438881667,0.4575211771386116,24.0,5.0,6.0,2017.0,12.0,20.0
-0.6567259421724592,-0.6565256888049251,-0.6582788980347641,-0.8401599511922245,-0.6617046115813698,0.09762154587957686,25.0,6.0,6.0,2017.0,12.0,21.0
-0.6577492698688087,-0.6676427576917517,-0.6650885958844505,-0.8129232496676078,-0.6675993033059949,1.1937898272013234,26.0,0.0,6.0,2017.0,4.0,19.0
-0.6646279324261923,-0.6703804555347951,-0.6605471591660235,-0.8223328178622265,-0.6636440163152164,1.0981003853098714,27.0,1.0,6.0,2017.0,23.0,14.0
-0.660052382526728,-0.6608061153563234,-0.6591761308492767,-0.8389249805556033,-0.6624379884659054,0.0177552681640069,28.0,2.0,6.0,2017.0,21.0,5.0
-0.6591609531294939,-0.6591584367016164,-0.6613529501378252,-0.8516105081293334,-0.6643148948603648,-0.40476495095914594,29.0,3.0,6.0,2017.0,17.0,13.0
-0.6608984129068555,-0.6611848397178055,-0.6649419113620672,-0.8564758856172304,-0.6674140986780545,-0.3707603805059924,30.0,4.0,6.0,2017.0,11.0,7.0
-0.6637598091558521,-0.664927828075041,-0.6677827665390382,-0.8608343135250611,-0.6698635304848869,-0.1972070504654097,1.0,5.0,7.0,2017.0,11.0,21.0
-0.6672077379389381,-0.6664699084678017,-0.66336898580945,-0.8595416833874985,-0.6660128335319374,0.07453433741134487,2.0,6.0,7.0,2017.0,23.0,2.0
-0.6633941605891842,-0.6610558557860945,-0.6598346379747979,-0.8508439779822093,-0.6629269867211078,-0.007940945571128528,3.0,0.0,7.0,2017.0,14.0,4.0
-0.6595634181871066,-0.6560685645644131,-0.6575283347595453,-0.8496830889221993,-0.6609077869379779,-0.4645270504360637,4.0,1.0,7.0,2017.0,7.0,0.0
-0.6569946516303496,-0.6573836727537415,-0.6575068489980403,-0.8520668030168924,-0.6608738290905511,-0.358278372915835,5.0,2.0,7.0,2017.0,22.0,8.0
-0.656673787973327,-0.65465610098288,-0.6571036388670951,-0.8618082457058525,-0.6605082987062275,-0.847197183848291,6.0,3.0,7.0,2017.0,23.0,11.0
-0.6566437266644138,-0.6598924843187317,-0.6626208797621791,-0.8533768445117919,-0.6652854813071053,2.9474902212556002,7.0,4.0,7.0,2017.0,20.0,23.0
-0.6620622364067174,-0.6603072519402075,-0.6593878569969639,-0.863360886834777,-0.6624597872865978,-0.38294983352873824,8.0,5.0,7.0,2017.0,23.0,3.0
-0.6588511284284662,-0.6587088915791677,-0.6626343795328283,-0.8745051656389883,-0.6652664739075045,-0.008187210142863272,9.0,6.0,7.0,2017.0,4.0,23.0
-0.6617567104578882,-0.6711303251397025,-0.6715871397528893,-0.8428663759089764,-0.6730266828061665,1.0204271468913761,10.0,0.0,7.0,2017.0,9.0,23.0
-0.6703065691002308,-0.6726679753758731,-0.6737210025015362,-0.8310123517253191,-0.6748646261673771,0.07123602428700761,11.0,1.0,7.0,2017.0,13.0,6.0
-0.6735655175471802,-0.6740380977744667,-0.669974314212216,-0.8425295619486283,-0.6715909047746567,0.45432086242884884,12.0,2.0,7.0,2017.0,19.0,2.0
-0.6692752580069393,-0.6698847565162426,-0.6724868447784519,-0.8578048553680225,-0.6737601831919416,-0.2854420662712138,13.0,3.0,7.0,2017.0,4.0,18.0
-0.6718587331861994,-0.6798498457669212,-0.6801311760622115,-0.8552702011891121,-0.6803934863926681,0.7800195607470267,14.0,4.0,7.0,2017.0,0.0,21.0
-0.6798631745375897,-0.692040486692824,-0.6945213996758756,-0.8492442053919771,-0.6928950296235068,1.6004429051726679,15.0,5.0,7.0,2017.0,0.0,14.0
-0.6944732702362748,-0.7013587653644524,-0.6987584397899306,-0.83897921401793,-0.6965667295161613,1.6097530047815163,16.0,6.0,7.0,2017.0,3.0,13.0
-0.6981150547695719,-0.6956943316554218,-0.680433744728712,-0.8379546792120877,-0.6806168867468584,2.7964489305485984,17.0,0.0,7.0,2017.0,23.0,0.0
-0.6796545876975318,-0.6810163661957507,-0.6748815332845759,-0.8211038037425888,-0.6757724100894315,1.3887591028124409,18.0,1.0,7.0,2017.0,20.0,1.0
-0.6741600035217471,-0.6749807949613369,-0.6776708316238027,-0.8356040487790327,-0.6781849305980228,0.3315501998374807,19.0,2.0,7.0,2017.0,7.0,2.0
-0.6774232656991304,-0.6743700353603349,-0.6442746914479079,-0.7811414896453334,-0.6491125812201899,6.0019009828946315,20.0,3.0,7.0,2017.0,23.0,0.0
-0.6425440890663306,-0.65211692663741,-0.6534704924889776,-0.8223512566840313,-0.6570969250995093,0.7808309626355168,21.0,4.0,7.0,2017.0,0.0,19.0
-0.652960235247868,-0.6498496435046238,-0.6447337435824231,-0.8392905357517466,-0.6494762134916221,0.7915417475614626,22.0,5.0,7.0,2017.0,11.0,0.0
-0.6444036214235,-0.6500880075392643,-0.6496262342701539,-0.8449469046776673,-0.6537149406738526,0.44875956651505605,23.0,6.0,7.0,2017.0,0.0,11.0
-0.6490294831997248,-0.6472270216801141,-0.648125092736614,-0.8561395645621339,-0.6523884650797561,-0.4551752279860458,24.0,0.0,7.0,2017.0,14.0,6.0
-0.6475079795519016,-0.6610248755621886,-0.6590724178498908,-0.8239436530513089,-0.6619031988591109,1.5014778410189822,25.0,1.0,7.0,2017.0,6.0,20.0
-0.6585345635236421,-0.662931772403254,-0.6619586867947237,-0.8522925362662885,-0.6644007569042265,0.4119881415636934,26.0,2.0,7.0,2017.0,0.0,16.0
-0.6609309306456018,-0.657965983648891,-0.6532237808091365,-0.8603358752384936,-0.6567782284786063,0.47772137199568643,27.0,3.0,7.0,2017.0,23.0,0.0
-0.6522792350130572,-0.648457401195292,-0.6448018717257639,-0.8282820662289953,-0.6494276293794181,0.9090432169830394,28.0,4.0,7.0,2017.0,23.0,0.0
-0.6444698851159029,-0.6476310303498979,-0.6498686458010735,-0.8595417389261184,-0.6538227792903799,-0.12519623896807933,29.0,5.0,7.0,2017.0,0.0,11.0
-0.6495393122146486,-0.6506627238802729,-0.6479827233462478,-0.8648462741661734,-0.6521637748814052,-0.11442172422007618,30.0,6.0,7.0,2017.0,22.0,6.0
-0.6471558263710493,-0.6458727058332349,-0.6407311439915341,-0.8564595086666891,-0.6458297777852305,0.3889419350888874,31.0,0.0,7.0,2017.0,21.0,4.0
-0.6405262517894055,-0.6480856230723566,-0.6503712687824835,-0.8312884203201579,-0.6542118555938395,0.931190482686077,1.0,1.0,8.0,2017.0,5.0,13.0
-0.6493712115320436,-0.6491617343475281,-0.650837078293868,-0.8437477252104041,-0.6546010086811062,-0.3029613751325982,2.0,2.0,8.0,2017.0,12.0,15.0
-0.6504491348791167,-0.6481153529733262,-0.6450645404042021,-0.8594847354751246,-0.649555272688464,0.029986333976266055,3.0,3.0,8.0,2017.0,22.0,2.0
-0.6444754120830181,-0.6444115568375574,-0.6394699867271514,-0.848782540614107,-0.6446582192997178,0.24065747228629716,4.0,4.0,8.0,2017.0,23.0,1.0
-0.6389108945483161,-0.636121962067928,-0.6175593944850842,-0.7976056566468367,-0.6255370746345724,2.5155944171551394,5.0,5.0,8.0,2017.0,17.0,0.0
-0.6168258079953087,-0.6183699387408035,-0.6199510114562611,-0.8432010169208211,-0.6276037005579327,-0.10042644633263018,6.0,6.0,8.0,2017.0,1.0,8.0
-0.6195761706204863,-0.6167709609363377,-0.6098248349894982,-0.8227401381005301,-0.6187543892065203,0.552449043227626,7.0,0.0,8.0,2017.0,13.0,1.0
-0.6099170991072409,-0.6063424186500327,-0.6073086335644238,-0.8080701253877248,-0.6165381027966925,-0.1267801355068361,8.0,1.0,8.0,2017.0,9.0,0.0
-0.6068385185137892,-0.6125487129917615,-0.612063025044518,-0.8234625705834583,-0.6206651530155294,0.13064898538110825,9.0,2.0,8.0,2017.0,0.0,15.0
-0.6116582285511106,-0.6080090682540048,-0.609681222002056,-0.8209595352350864,-0.6185696633920348,-0.15676550605179296,10.0,3.0,8.0,2017.0,22.0,3.0
-0.6096962301180486,-0.6046801992026444,-0.5931516143683976,-0.7935113079342752,-0.6041307282929106,1.1660886320186352,11.0,4.0,8.0,2017.0,23.0,0.0
-0.5927137174882174,-0.5894060226526945,-0.5787853412357342,-0.7827507072721114,-0.5915779765386338,1.1900848780169013,12.0,5.0,8.0,2017.0,16.0,2.0
-0.5786392133611709,-0.57397249939056,-0.5672138802220973,-0.731795106522318,-0.5814582069885341,1.1449763092152225,13.0,6.0,8.0,2017.0,8.0,12.0
-0.5672242738250882,-0.5656671135053067,-0.5517564330637089,-0.769544012231622,-0.5679488881243813,0.9447839259856509,14.0,0.0,8.0,2017.0,23.0,4.0
-0.5512184466813604,-0.5709136229133466,-0.56054470884181,-0.7264278126417826,-0.5755916788322512,2.0954913401514186,15.0,1.0,8.0,2017.0,3.0,14.0
-0.5589885536142074,-0.5653345430399284,-0.5485958385907496,-0.7799059775071682,-0.5651411230374962,1.1898521822531658,16.0,2.0,8.0,2017.0,23.0,6.0
-0.5476938593137962,-0.549572879468993,-0.5513538372397506,-0.7646480468488184,-0.5675166185715937,0.22840945754500083,17.0,3.0,8.0,2017.0,11.0,19.0
-0.5513810503533146,-0.5640080584554757,-0.5618525234711305,-0.7435851224465474,-0.576655716805024,0.9293474979051668,18.0,4.0,8.0,2017.0,10.0,21.0
-0.5628284926499082,-0.5668437445702464,-0.5598223737218695,-0.7417351032485633,-0.5748575668038023,0.5117989994316322,19.0,5.0,8.0,2017.0,23.0,11.0
-0.5596652401185842,-0.5605634959421556,-0.5663301471782337,-0.7887070021012792,-0.5805175586397098,-0.41359418575977414,20.0,6.0,8.0,2017.0,8.0,1.0
-0.565728547712215,-0.5657025084497062,-0.5716031186383351,-0.7512227656850807,-0.5851031586294081,-0.4318782346123409,21.0,0.0,8.0,2017.0,0.0,23.0
-0.5713807927438421,-0.5855568031539963,-0.5655409125289266,-0.6989736288239877,-0.579795004096388,1.74668412458199,22.0,1.0,8.0,2017.0,19.0,5.0
-0.5658187316389733,-0.5600241745455463,-0.5624110034391999,-0.7746026918860607,-0.5770350156998227,-0.07167915274501409,23.0,2.0,8.0,2017.0,12.0,5.0
-0.5628376892835252,-0.5567459049829575,-0.5511703242642462,-0.7926131443156744,-0.5671989442324066,0.34550070645935826,24.0,3.0,8.0,2017.0,23.0,4.0
-0.5508607964898573,-0.5455491550219903,-0.5489045203609411,-0.8094146598367423,-0.5652017106652346,-0.3083416324214741,25.0,4.0,8.0,2017.0,16.0,6.0
-0.5484533754336799,-0.5479410073659942,-0.5500828510635513,-0.8211493662378845,-0.5662126785456991,-0.5448838811732656,26.0,5.0,8.0,2017.0,0.0,13.0
-0.5501073914880796,-0.5449206902307434,-0.5482122713003419,-0.8197473423749492,-0.5645512978079554,-0.6031923701571633,27.0,6.0,8.0,2017.0,3.0,0.0
-0.547693230228112,-0.5507785921192954,-0.5482257560878953,-0.7968664029044081,-0.5645396345377096,-0.13603289705244723,28.0,0.0,8.0,2017.0,22.0,6.0
-0.5474012146433276,-0.5427178990638096,-0.5361750007753142,-0.7682971007917235,-0.5539824455743219,0.4189735507709849,29.0,1.0,8.0,2017.0,21.0,7.0
-0.5362875172821109,-0.5351762598244668,-0.5370170208763457,-0.7980314157069452,-0.5546866305717123,-0.3161231991107836,30.0,2.0,8.0,2017.0,4.0,10.0
-0.5371936702800773,-0.5302452640071612,-0.5285423113581469,-0.7976474147466696,-0.547248871567494,-0.1339774296614331,31.0,3.0,8.0,2017.0,19.0,0.0
-0.5282260238501699,-0.5220808713282598,-0.5169665801617862,-0.7621683307784745,-0.5370956868920682,-0.019184007392760234,1.0,4.0,9.0,2017.0,23.0,6.0
-0.51597670699741,-0.5353134557537449,-0.5361903434669305,-0.7554939354787302,-0.5538710772310158,1.4774245787762486,2.0,5.0,9.0,2017.0,2.0,21.0
-0.5353727667797537,-0.5385791140343573,-0.5359332035513875,-0.7982841580814285,-0.5536178161794343,0.47952389197664863,3.0,6.0,9.0,2017.0,6.0,14.0
-0.5349825838712815,-0.5581280212200951,-0.5572073737533175,-0.7411108352762981,-0.572190983718684,1.5304348295409909,4.0,0.0,9.0,2017.0,0.0,18.0
-0.5572737858562845,-0.5651012266052914,-0.548601981660632,-0.7568048412934018,-0.5646300185710565,1.436959943264604,5.0,1.0,9.0,2017.0,23.0,2.0
-0.5481754693421723,-0.5411713885144713,-0.5350641839090576,-0.7853264079622873,-0.552758537833273,0.2290094729130792,6.0,2.0,9.0,2017.0,18.0,0.0
-0.5351353318674639,-0.5339167987239197,-0.534894814977387,-0.8030879224128805,-0.5525775304527974,-0.2711882683750615,7.0,3.0,9.0,2017.0,16.0,7.0
-0.5341524903285674,-0.5602283939587303,-0.557671340343741,-0.7566464590341186,-0.572474996142884,2.0993453013486,8.0,4.0,9.0,2017.0,9.0,21.0
-0.5571805313922443,-0.5577670020488578,-0.5578364241095861,-0.8279495912233265,-0.5725908406575282,-0.002907115596460487,9.0,5.0,9.0,2017.0,7.0,2.0
-0.5572093794644825,-0.5680772884829816,-0.5641649847393673,-0.812065761145752,-0.5781060069984495,0.6076503171229645,10.0,6.0,9.0,2017.0,18.0,7.0
-0.5637659201934688,-0.5586970570815836,-0.5618126384661639,-0.8186696501675407,-0.5760182975867759,-0.1756537197933269,11.0,0.0,9.0,2017.0,3.0,0.0
-0.5609186484159783,-0.5595936003723627,-0.5636819896153993,-0.802008064199296,-0.5776226374373166,0.41655923272691153,12.0,1.0,9.0,2017.0,7.0,19.0
-0.563182488153126,-0.5782643023370825,-0.5789154394694315,-0.7827604681845577,-0.5909292716543865,0.9488366609822293,13.0,2.0,9.0,2017.0,0.0,14.0
-0.5789257169570755,-0.6184799517232493,-0.6235712723707225,-0.7558101307264427,-0.6300075451046111,3.9287262874479314,14.0,3.0,9.0,2017.0,0.0,23.0
-0.6224277561284107,-0.6315829502096815,-0.593955577402328,-0.6781558657745845,-0.6040462452626317,5.2404697067500985,15.0,4.0,9.0,2017.0,22.0,11.0
-0.5935039090244756,-0.5973668287979286,-0.5947214833691693,-0.8045100165445801,-0.6046925116434765,1.090534575281976,16.0,5.0,9.0,2017.0,5.0,13.0
-0.5954346179337017,-0.6000318226775525,-0.5973088844725256,-0.8359267628722552,-0.606933208285493,0.3788646241952588,17.0,6.0,9.0,2017.0,18.0,8.0
-0.5963665334883888,-0.5908355585449623,-0.5677085321957472,-0.7977407057434368,-0.5809799602866248,2.3252042336089693,18.0,0.0,9.0,2017.0,22.0,0.0
-0.5667524895160259,-0.5732725809588237,-0.5763145535785217,-0.8183089754276205,-0.5884959380313295,0.2365754087896641,19.0,1.0,9.0,2017.0,0.0,5.0
-0.576410946921816,-0.5739769295471375,-0.5774818267553351,-0.8373000385570678,-0.5894996017555537,-0.04668948158189005,20.0,2.0,9.0,2017.0,14.0,5.0
-0.577324469209263,-0.5894104528092783,-0.5943532587703779,-0.8265801060493215,-0.6042587890641498,0.8148352341371753,21.0,3.0,9.0,2017.0,0.0,20.0
-0.5941008514288632,-0.5932103385782315,-0.5943741302248895,-0.8383305437645487,-0.6042566175703843,0.2664291468647057,22.0,4.0,9.0,2017.0,6.0,15.0
-0.5939842908379351,-0.5906148997005602,-0.5844504802840799,-0.8527963999817869,-0.5955329336161754,0.40756633483997023,23.0,5.0,9.0,2017.0,12.0,1.0
-0.5837859431083018,-0.586042391536445,-0.5911742500708611,-0.8614796792305587,-0.6014052109091582,-0.3132890633549519,24.0,6.0,9.0,2017.0,0.0,7.0
-0.5908148972320473,-0.585114219706172,-0.576247039742168,-0.8286015174282989,-0.5882979524223675,0.6948682784394417,25.0,0.0,9.0,2017.0,16.0,0.0
-0.5756716813697735,-0.573207471549539,-0.5783164601894023,-0.8465251977066555,-0.5900914911465938,-0.5358657515510433,26.0,1.0,9.0,2017.0,12.0,5.0
-0.577847793609996,-0.572264126047068,-0.5593946362606758,-0.8116432580372348,-0.5734729215108053,0.968516111569112,27.0,2.0,9.0,2017.0,23.0,0.0
-0.5591854873908152,-0.5580458086279138,-0.5609865903468375,-0.8102634704492395,-0.574839133596756,-0.1484981510596395,28.0,3.0,9.0,2017.0,9.0,15.0
-0.5607505327551442,-0.5624975757300532,-0.5617021830730043,-0.8289898573432537,-0.5754382566562015,-0.10652706095862285,29.0,4.0,9.0,2017.0,12.0,6.0
-0.5610885914209487,-0.5548111768794595,-0.55092301326052,-0.8376460719283183,-0.5659578589958472,0.03310096717038174,30.0,5.0,9.0,2017.0,20.0,0.0
-0.5503558803345935,-0.5479226692962391,-0.546932055536217,-0.8376048483877019,-0.5624332502791337,-0.396047052786039,1.0,6.0,10.0,2017.0,23.0,13.0
-0.5469962931558879,-0.5411163743052063,-0.5465896318309416,-0.8254818090139323,-0.5621063148652584,-0.6484890138153082,2.0,0.0,10.0,2017.0,10.0,18.0
-0.5462202111129068,-0.5486130945352977,-0.5522259134339259,-0.8332762030647893,-0.5670198697099474,-0.17534333330214485,3.0,1.0,10.0,2017.0,2.0,13.0
-0.5516859472164596,-0.5516776823642057,-0.5576339125667287,-0.8425642735860621,-0.5717435069869565,-0.3443120317566765,4.0,2.0,10.0,2017.0,7.0,18.0
-0.557176247618281,-0.5546094889843289,-0.551555120168634,-0.8401236150501589,-0.5663865796228222,0.020830594389174947,5.0,3.0,10.0,2017.0,19.0,8.0
-0.5513736810638341,-0.5447158533741335,-0.5489530056637442,-0.8451041935203714,-0.5640735307133508,-0.6396499096519259,6.0,4.0,10.0,2017.0,10.0,0.0
-0.5486196337939131,-0.5446829745116971,-0.5455113282857829,-0.8539454627869232,-0.5610238369531252,-0.4670126007885182,7.0,5.0,10.0,2017.0,23.0,11.0
-0.5449189623468145,-0.5393346486826944,-0.5342442788596137,-0.831874179201854,-0.5510967266751239,0.08239020233822036,8.0,6.0,10.0,2017.0,20.0,4.0
-0.5335782549218415,-0.5293063486612741,-0.5243304428475248,-0.7963560376992184,-0.5423605980039291,0.5697576833987895,9.0,0.0,10.0,2017.0,19.0,7.0
-0.5236584423694124,-0.5166073588446195,-0.5237185631207439,-0.8165104821842433,-0.5417914258744135,-0.34337604953730505,10.0,1.0,10.0,2017.0,18.0,23.0
-0.5228584251138467,-0.5174590294344057,-0.5209881933031241,-0.8368417408080288,-0.5393659669919787,-0.5347891076379669,11.0,2.0,10.0,2017.0,19.0,4.0
-0.5203841412360403,-0.5130097938503133,-0.48291191787727455,-0.7517260844278714,-0.505884678798845,2.155872386262104,12.0,3.0,10.0,2017.0,23.0,0.0
-0.4814521249970604,-0.4741351544051901,-0.47061936534076687,-0.7070419046365254,-0.495053715013425,0.7171096810225145,13.0,4.0,10.0,2017.0,2.0,1.0
-0.4704476488937556,-0.46434836737988344,-0.45929154447202364,-0.8126113864322471,-0.4850673483355284,-0.06589976699120542,14.0,5.0,10.0,2017.0,23.0,6.0
-0.45864189736351657,-0.471494842826526,-0.46871810019431875,-0.7959601098203204,-0.4933058249226746,0.4640300409982831,15.0,6.0,10.0,2017.0,2.0,11.0
-0.4677457558229668,-0.4673471974839124,-0.46580913185710887,-0.7942228965016689,-0.49070931266644474,-0.1385714320885942,16.0,0.0,10.0,2017.0,11.0,9.0
-0.4644321817688292,-0.4718672229568034,-0.47317853828884476,-0.8043380828620428,-0.4971493123996879,0.2827362861958142,17.0,1.0,10.0,2017.0,8.0,6.0
-0.47288388806570686,-0.49218055597622024,-0.4740880422600264,-0.7730054150625599,-0.49791415312007176,0.8955786235229268,18.0,2.0,10.0,2017.0,0.0,14.0
-0.47411578762388507,-0.4681786159293164,-0.46685672005283724,-0.806563425110944,-0.4915157652816928,-0.20579576381012232,19.0,3.0,10.0,2017.0,22.0,0.0
-0.4664856073217827,-0.4620981565578256,-0.4482656629796982,-0.7754373956891049,-0.4751252950988816,0.7689122172614088,20.0,4.0,10.0,2017.0,20.0,7.0
-0.4487748381394394,-0.44073782472078077,-0.44702904802865967,-0.7834281257036152,-0.47400086678936665,-0.2025906867360679,21.0,5.0,10.0,2017.0,14.0,17.0
-0.44632877324818065,-0.451658886191997,-0.44845163318315684,-0.7927823635481644,-0.47520695755947173,0.022985613288342165,22.0,6.0,10.0,2017.0,0.0,11.0
-0.44820979936633676,-0.45544421573217847,-0.4532446960373271,-0.7728660131266256,-0.4793817489740985,0.2844663893265556,23.0,0.0,10.0,2017.0,5.0,15.0
-0.45253380486023426,-0.4698781289596408,-0.4780188278656465,-0.754758479189437,-0.5011398805110168,0.6869475343114181,24.0,1.0,10.0,2017.0,0.0,22.0
-0.477744084260475,-0.47659909326919364,-0.464261977231816,-0.7964509532006174,-0.4889923734567035,0.4758746278849277,25.0,2.0,10.0,2017.0,23.0,2.0
-0.46404136977466653,-0.4561555105590391,-0.4548090212921077,-0.7998109286269737,-0.48063036119183083,-0.04352215289345664,26.0,3.0,10.0,2017.0,13.0,1.0
-0.45472892447515845,-0.4556750160848525,-0.46241471116797056,-0.8103822467302106,-0.48729999342576075,-0.05563092644852336,27.0,4.0,10.0,2017.0,1.0,18.0
-0.46159533483986603,-0.4581806632522855,-0.46412143577931503,-0.8269901407376725,-0.4887823802198894,-0.35593679049591614,28.0,5.0,10.0,2017.0,1.0,12.0
-0.46364321844748146,-0.4559430791482945,-0.43952647182828536,-0.7480688940771517,-0.4670947842455904,1.1952637432019566,29.0,6.0,10.0,2017.0,20.0,2.0
-0.4415317552302981,-0.4359465254786321,-0.44095765728061903,-0.8070184738507192,-0.4683181275697603,-0.45752165963295105,30.0,0.0,10.0,2017.0,11.0,15.0
-0.4404783662250293,-0.43199615331065566,-0.42022230922312515,-0.7777722948080747,-0.4500262473033757,0.3553373045203082,31.0,1.0,10.0,2017.0,23.0,8.0
-0.4215240144645995,-0.41463741057378495,-0.4018779638298211,-0.7474570945250527,-0.4338325736559618,0.37075444034655153,1.0,2.0,11.0,2017.0,23.0,4.0
-0.4008610659772754,-0.3905583209707875,-0.3827799986094527,-0.6507282294170991,-0.4169692307079532,1.1304133330364168,2.0,3.0,11.0,2017.0,11.0,0.0
-0.38185704640400475,-0.3751172340266803,-0.3748472277199305,-0.7203635785048504,-0.4099487540469915,0.47974350777009084,3.0,4.0,11.0,2017.0,10.0,1.0
-0.3771360878413743,-0.3733254132041548,-0.36427976907203136,-0.7684207575289179,-0.4006011687140164,0.4734309046702351,4.0,5.0,11.0,2017.0,20.0,1.0
-0.36240943155175503,-0.35423677922039587,-0.36259453022219174,-0.7740283114791154,-0.3990749222087728,-0.20072757061292562,5.0,6.0,11.0,2017.0,13.0,0.0
-0.3624891756517444,-0.3748409280935031,-0.386200819515998,-0.73435454828152,-0.41983305130704507,0.3387495389574226,6.0,0.0,11.0,2017.0,12.0,19.0
-0.3858098613858963,-0.37384258381785135,-0.37873689970661006,-0.7769609033407312,-0.41321222981988787,-0.34610857554779323,7.0,1.0,11.0,2017.0,5.0,0.0
-0.37855329806917465,-0.3680940620322288,-0.35938607973651204,-0.6535252376228983,-0.3961176551760317,1.2070735389386946,8.0,2.0,11.0,2017.0,17.0,0.0
-0.35981367422336685,-0.3688843896176294,-0.3787859843333044,-0.7281525505979404,-0.4131691652160893,0.005827580979584439,9.0,3.0,11.0,2017.0,0.0,12.0
-0.3765685926384448,-0.41090768181412013,-0.4110326362688483,-0.620654955362336,-0.4415577861238209,1.964198644054971,10.0,4.0,11.0,2017.0,1.0,20.0
-0.4106256741036953,-0.42561725265915906,-0.4270221781609948,-0.6369026953044392,-0.45563106469143205,1.422353002272367,11.0,5.0,11.0,2017.0,1.0,18.0
-0.4304517888445151,-0.4689405102449486,-0.4520326233996388,-0.4173152662779728,-0.47765863887893445,3.354825446132859,12.0,6.0,11.0,2017.0,11.0,6.0
-0.45236631828509066,-0.44837427239820354,-0.41463202572879815,-0.563434987058822,-0.4446509110083643,3.0217076964822613,13.0,0.0,11.0,2017.0,13.0,1.0
-0.41413063998910266,-0.40933462119745984,-0.40995190546193316,-0.7297330131042682,-0.44049025966910116,0.0017768047315284978,14.0,1.0,11.0,2017.0,3.0,13.0
-0.4096348641460921,-0.39839586997208914,-0.36823266972923907,-0.6752916003000935,-0.40366017463172593,1.5664940557400535,15.0,2.0,11.0,2017.0,20.0,0.0
-0.3673960140567648,-0.3641386268281584,-0.3341013239528374,-0.6252347254974273,-0.37351337033636006,1.6014830765593846,16.0,3.0,11.0,2017.0,22.0,1.0
-0.3348598520883405,-0.3398275328578092,-0.34408632967701663,-0.650842139126502,-0.38229506765068016,0.26741718572123235,17.0,4.0,11.0,2017.0,1.0,7.0
-0.34445265990918916,-0.34600156578052144,-0.33910549864770784,-0.7042373154091106,-0.3778319224058584,0.22327536145250898,18.0,5.0,11.0,2017.0,21.0,2.0
-0.3402305063837167,-0.331417799033546,-0.3239874036596539,-0.7323250004947282,-0.36444337544585725,0.16488753166327294,19.0,6.0,11.0,2017.0,20.0,7.0
-0.323479272613376,-0.3152786922962392,-0.3139134283038199,-0.7139316231655992,-0.3554972148127681,0.05327342853156284,20.0,0.0,11.0,2017.0,22.0,3.0
-0.31325390415565324,-0.3270798576270102,-0.3218535708772047,-0.6711300082034951,-0.3624465939448822,0.6542240298294805,21.0,1.0,11.0,2017.0,15.0,4.0
-0.3210939294691821,-0.3073052131246861,-0.31066629146096236,-0.7060629253836512,-0.35252535667335866,-0.4679608039623335,22.0,2.0,11.0,2017.0,11.0,1.0
-0.31161953953986843,-0.3096256272642909,-0.32384749149723574,-0.6739736549653504,-0.3641070702965376,-0.4758089356082735,23.0,3.0,11.0,2017.0,0.0,23.0
-0.3213350490262092,-0.3158116694616438,-0.31065766119692817,-0.6287709527340176,-0.352414684563643,0.1945462021113036,24.0,4.0,11.0,2017.0,8.0,1.0
-0.3110471314772852,-0.29999122527654426,-0.2776874754936552,-0.6676344352366674,-0.32325414610875863,0.6895781209070978,25.0,5.0,11.0,2017.0,23.0,2.0
-0.2774679753956673,-0.26303930466028486,-0.24456997597791,-0.6061557933289801,-0.29395863464459493,1.0070358607376155,26.0,6.0,11.0,2017.0,18.0,0.0
-0.24288575716377017,-0.22654957132062514,-0.21463332808264876,-0.5965157051501632,-0.26745786405679245,0.09427785033132718,27.0,0.0,11.0,2017.0,23.0,0.0
-0.21400730907694177,-0.20229725796444012,-0.19987671529960646,-0.5587939300566774,-0.2543625892211219,-0.1684637033432919,28.0,1.0,11.0,2017.0,13.0,15.0
-0.1984259949463397,-0.21084983732532703,-0.210321372482186,-0.27567823412464,-0.26351857561043784,3.7297225489422785,29.0,2.0,11.0,2017.0,23.0,19.0
-0.20889308209032176,-0.23607585896446268,-0.18914911730796213,-0.4523881268956071,-0.2447466155801726,2.984770231255975,30.0,3.0,11.0,2017.0,12.0,19.0
-0.1909903219474826,-0.20493059243238942,-0.1436120085907617,-0.5352388350485513,-0.20443909694559886,2.238222230231986,1.0,4.0,12.0,2017.0,3.0,5.0
-0.14315506567039757,-0.128398479768009,-0.13753630271070397,-0.6244379684564259,-0.1989973963129239,-0.21582858313325295,2.0,5.0,12.0,2017.0,10.0,15.0
-0.13675001476621884,-0.1311235045847333,-0.12227949420801439,-0.544719999466541,-0.18543560218749167,1.1339864779665911,3.0,6.0,12.0,2017.0,20.0,22.0
-0.12247366400291063,-0.1172263966719173,-0.10178165820862767,-0.570531350907867,-0.16723458883253697,0.12187341686956506,4.0,0.0,12.0,2017.0,23.0,13.0
-0.09975546261849047,-0.08417174808899025,-0.08585594431090057,-0.5291566897067033,-0.15307183028741006,-0.24784686161840883,5.0,1.0,12.0,2017.0,13.0,4.0
-0.08517235769143658,-0.06401518395545873,0.05988733990424908,-0.21669555333361554,-0.024128528597564074,4.1169502334074695,6.0,2.0,12.0,2017.0,22.0,0.0
0.05855419025962379,0.07090318175684648,0.28132529151817953,0.07045643956853909,0.17175782762854405,5.780075419863304,7.0,3.0,12.0,2017.0,23.0,2.0
0.27553986345710235,0.08858126623369314,0.19968383280835145,0.2432173143105527,0.09967353474534724,4.647628971479426,8.0,4.0,12.0,2017.0,1.0,11.0
0.19703536183647832,0.04672551731087626,0.11430481051544607,-0.14862819833202567,0.02427992285842092,3.67634607088107,9.0,5.0,12.0,2017.0,0.0,17.0
0.11391109457950634,0.01838115939259431,0.13131679896608556,-0.17455345948275452,0.039427982919193645,3.2849656285270767,10.0,6.0,12.0,2017.0,14.0,4.0
0.1298009602615323,0.15610049546303342,0.22223147638063248,-0.24394418871918214,0.1199630140093798,2.3454170360849265,11.0,0.0,12.0,2017.0,20.0,0.0
0.22136096702151034,0.22987282124580044,0.2516035012379358,-0.11106915139482978,0.14605931906297862,0.657289755620328,12.0,1.0,12.0,2017.0,18.0,5.0
0.25695667225222035,0.1962428388784388,0.18979079333528948,-0.19930718898543617,0.09149125399918834,1.1925473268345597,13.0,2.0,12.0,2017.0,1.0,18.0
0.18852592943866617,0.20548652266615297,0.19935240669648355,-0.15589053934662433,0.10007770235388964,0.22733903495047222,14.0,3.0,12.0,2017.0,8.0,3.0
0.20182072679091084,0.23175071368192346,0.2694930796625502,-0.12700395898313951,0.16227430948707952,1.2272630024430067,15.0,4.0,12.0,2017.0,12.0,0.0
0.27292634194715826,0.28953946672641684,0.379377437018544,-0.21212339198944966,0.2596656588882138,2.0149468938523833,16.0,5.0,12.0,2017.0,23.0,3.0
0.37817369552829927,0.38177378315979976,0.3574926456699987,-0.1809913852236444,0.2404409420571469,0.28746902937441116,17.0,6.0,12.0,2017.0,12.0,19.0
0.35551067394559976,0.34268739149170074,0.35586008739020103,-0.09828549402207426,0.23913597117972085,0.18085924142226098,18.0,0.0,12.0,2017.0,12.0,1.0
0.3562407728204835,0.2743714750096711,0.2737766872429563,0.013171407771819105,0.16655316870927267,1.3819213967371935,19.0,1.0,12.0,2017.0,4.0,22.0
0.27292634194715826,0.19864543473805668,0.20307145117132083,0.29819732676580585,0.10403111046000818,1.512759777706352,20.0,2.0,12.0,2017.0,12.0,22.0
0.20434222205173125,0.1521741727165002,0.1526431403127529,-0.007324731129777134,0.05945511809311947,2.2672917249884903,21.0,3.0,12.0,2017.0,7.0,19.0
0.15867263818810615,-0.06973085775081307,0.03167518657370517,0.30081697238897304,-0.04760388489043354,5.500657215980178,22.0,4.0,12.0,2017.0,0.0,14.0
0.03908147189280192,0.05645599349572314,0.08490821337860105,-0.1933899378060539,-0.0003656633844598878,2.099332996247898,23.0,5.0,12.0,2017.0,15.0,6.0
0.07954234609085642,-0.011897834012668713,0.037444038621436755,-0.27548840312184175,-0.042329244172845414,2.134797740797492,24.0,6.0,12.0,2017.0,0.0,12.0
0.04197724318114561,0.03243639456683304,0.04363019989465408,-0.3247138370153826,-0.03677300744486536,0.9219492912201007,25.0,0.0,12.0,2017.0,12.0,4.0
0.044474174143697316,0.06910759452942185,0.1708640849168461,-0.1734144734659653,0.07606353527533094,3.2925123689037914,26.0,1.0,12.0,2017.0,16.0,1.0
0.17496128428300148,0.137733282378323,0.1548279156259594,-0.22584531880669692,0.061954822292390535,1.7155371308209886,27.0,2.0,12.0,2017.0,6.0,17.0
0.15659282099274144,0.06331603693700052,0.07921913134079643,-0.2340405420196576,-0.004970408993825181,1.9900313413120756,28.0,3.0,12.0,2017.0,0.0,19.0
0.0849166550745116,0.08669077795167782,0.08226927042059617,-0.19667127054664,-0.0021680620040250283,0.5178490011710226,29.0,4.0,12.0,2017.0,6.0,11.0
0.08406391444705219,-0.03703661089569723,-0.02230651563615522,-0.11926976185392017,-0.09480171614209318,2.9180079759677207,30.0,5.0,12.0,2017.0,0.0,16.0
-0.025398253326538913,-0.011398384025301087,0.0515961733277522,-0.24489878651792277,-0.029184944033576507,2.0613778673062315,31.0,6.0,12.0,2017.0,20.0,0.0
0.04911233304728548,0.013835232167975503,0.020959874721831712,-0.34497132646729367,-0.05626300615883782,0.5620749292434555,1.0,0.0,1.0,2018.0,0.0,14.0
0.019222195349322416,0.014397908362175178,0.10226996725218106,0.010573477749030521,0.015948324748342964,3.140501240204805,2.0,1.0,1.0,2018.0,19.0,4.0
0.10224215420803635,0.1206748641239045,0.11570405200437549,0.011945670430755248,0.027960369730921135,0.06419770573973559,3.0,2.0,1.0,2018.0,7.0,10.0
0.12018727278715832,0.10029707001080343,0.14014190319730777,0.2783194993194912,0.04974422730376085,0.8697017577505134,4.0,3.0,1.0,2018.0,20.0,13.0
0.1328562197498547,0.1433288016829594,0.25246880507213987,0.3899228009154255,0.14949879392877202,2.9921128480995565,5.0,4.0,1.0,2018.0,23.0,1.0
0.2546314517258591,0.24207547916438604,0.25845245480249973,0.09019330999756242,0.15492723518903767,0.21061057608932582,6.0,5.0,1.0,2018.0,22.0,13.0
0.25863159791660983,0.1992776968063772,0.19404994850093207,-0.042611248818144265,0.09788610011804298,1.0093076260714278,7.0,6.0,1.0,2018.0,0.0,18.0
0.1941456417533179,0.08044404106553983,0.11380767134764423,0.09557900104593779,0.026775272841418923,2.4667863496342552,8.0,0.0,1.0,2018.0,0.0,15.0
0.11116870037303549,0.09408824415102762,0.07853793980598804,0.0004528416615795255,-0.004431930535039797,0.6431905849705355,9.0,1.0,1.0,2018.0,5.0,23.0
0.07833372270311394,0.04775609213337015,0.10172991649376487,0.1002922304846348,0.016255618185241225,1.080930570446879,10.0,2.0,1.0,2018.0,23.0,9.0
0.101628645880545,0.01074980562344,0.005531240059517316,-0.006375576115786137,-0.06904645906744501,2.1145746437653266,11.0,3.0,1.0,2018.0,0.0,4.0
0.008725091831114466,0.014050164224598906,0.04080714463725352,-0.24872789666652484,-0.03762195454863782,0.8680662048372196,12.0,4.0,1.0,2018.0,11.0,0.0
0.03930848195655824,0.06427078970677004,0.06410352354688818,-0.2108759390480072,-0.01684809440836897,0.11742785181080378,13.0,5.0,1.0,2018.0,14.0,0.0
0.06497763443104274,0.02099874905317821,0.028005226725562254,-0.3019668844653362,-0.04881977641364137,1.0463895345377892,14.0,6.0,1.0,2018.0,1.0,15.0
0.027952406866939797,0.04462639489518369,0.03093873737612241,-0.21157017179668405,-0.046129432748747784,0.3169734987679379,15.0,0.0,1.0,2018.0,15.0,3.0
0.03217333217749576,-0.17330168246465658,-0.1120121769648593,0.11943783676626504,-0.1730469671364312,5.633361096486218,16.0,1.0,1.0,2018.0,0.0,22.0
-0.1153754205841738,-0.2234154284897708,-0.1305400353336678,0.11817955379394321,-0.18943229532943726,3.960608240866614,17.0,2.0,1.0,2018.0,18.0,16.0
-0.12962720704921332,-0.1260337949347533,-0.11296953694876122,-0.08847404143157399,-0.1737398272314599,1.4985718039060325,18.0,3.0,1.0,2018.0,20.0,8.0
-0.11545516468416316,-0.11151708254385173,-0.10483791039211829,-0.3206080890010878,-0.166436254667227,0.6644844057350772,19.0,4.0,1.0,2018.0,13.0,3.0
-0.10156531218458996,-0.08090923876985093,-0.025559166258812396,-0.26304641933867506,-0.09587937709452445,2.01940769580184,20.0,5.0,1.0,2018.0,18.0,0.0
-0.02591973540490656,-0.1041764828840452,-0.10528596493322577,-0.36428077167761164,-0.16666132495259234,2.0351941794321036,21.0,6.0,1.0,2018.0,0.0,21.0
-0.10298255236884854,-0.17043754764403327,-0.14632454852261356,-0.3316181760861436,-0.20307084131650965,2.647783155086782,22.0,0.0,1.0,2018.0,8.0,21.0
-0.14522871183473382,-0.17742404349897475,-0.15019090680992303,-0.37917261952292913,-0.20643234003026967,1.7577917554375437,23.0,1.0,1.0,2018.0,17.0,11.0
-0.14775020709555423,-0.14517238009168326,-0.12005786047549526,-0.3639656455483323,-0.17955444389677824,0.851403540805589,24.0,2.0,1.0,2018.0,14.0,4.0
-0.1159520824642621,-0.11876907907201374,-0.1261949371220182,-0.421880929603611,-0.18493952435348573,0.4562970340714464,25.0,3.0,1.0,2018.0,4.0,17.0
-0.1261179274333783,-0.15588922214971568,-0.13159556457095845,-0.37453047951769664,-0.18967439471002268,1.5345811361445043,26.0,4.0,1.0,2018.0,2.0,10.0
-0.13109345600416408,-0.12308111872682806,-0.1150684291483499,-0.49184115184843324,-0.1748979975086009,0.2549977304089006,27.0,5.0,1.0,2018.0,20.0,2.0
-0.1126637017940775,-0.09234688428350575,-0.09385871623092217,-0.4502365329915979,-0.15595396355294378,0.08005199195195226,28.0,6.0,1.0,2018.0,7.0,0.0
-0.09547318647518538,-0.11106813942873862,-0.12392421876280472,-0.5176530586759581,-0.18263894431453945,0.3391310702822361,29.0,0.0,1.0,2018.0,0.0,11.0
-0.12300131711230675,-0.1833356938377714,-0.19696160389250805,-0.43464342676218687,-0.24756427628765354,1.7160854284318823,30.0,1.0,1.0,2018.0,0.0,19.0
-0.19653640128025085,-0.19969738893018513,-0.1899162518887775,-0.4670065858844957,-0.24124461079812895,0.35288087316049715,31.0,2.0,1.0,2018.0,16.0,4.0
-0.18861603273750657,-0.2607195079641062,-0.254389897936238,-0.36296711670125537,-0.29857242995435934,2.5401138340740896,1.0,3.0,2.0,2018.0,8.0,8.0
-0.2557963928562615,-0.3249440590718076,-0.27524307307075396,-0.2128664431850135,-0.3170748770668097,2.6171757581728454,2.0,4.0,2.0,2018.0,0.0,12.0
-0.2735979600728181,-0.2961673055222319,-0.25412170049489824,-0.5091687569464485,-0.29821091287271995,2.254534845632153,3.0,5.0,2.0,2018.0,15.0,4.0
-0.2537460528188192,-0.3101029727770043,-0.30922653567698366,-0.5194868050583132,-0.34721846645510474,2.484355722804029,4.0,6.0,2.0,2018.0,6.0,20.0
-0.3092783821760938,-0.3906873049024986,-0.3903427169623121,-0.39952880110239214,-0.4193991044659401,3.8405422765239323,5.0,0.0,2.0,2018.0,5.0,19.0
-0.3840521660189289,-0.4354780402790863,-0.34132404586219006,-0.143828217569054,-0.375688019027358,5.424353388340045,6.0,1.0,2.0,2018.0,21.0,7.0
-0.3408771166009512,-0.3603317793845744,-0.34946795855860385,-0.4058208268888201,-0.3829001255424881,3.0535201824289175,7.0,2.0,2.0,2018.0,13.0,4.0
-0.3480938378241395,-0.3349736557244227,-0.30992738503542544,-0.39619537313634534,-0.3476304211080273,1.927444626475302,8.0,3.0,2.0,2018.0,12.0,0.0
-0.3091986380761044,-0.31936626039350013,-0.2809977810746518,-0.5351466131702171,-0.3218088793045511,1.4732348198571754,9.0,4.0,2.0,2018.0,23.0,5.0
-0.2816987264255308,-0.29339547849380965,-0.28806033367406153,-0.48111903250752863,-0.32805135533526375,1.2612659005599673,10.0,5.0,2.0,2018.0,7.0,21.0
-0.28807615747238785,-0.3164331880143502,-0.31825046560912895,-0.5710856541037205,-0.35490423020314893,0.8639438795189196,11.0,6.0,2.0,2018.0,0.0,9.0
-0.3171993798045224,-0.3031348149918178,-0.2693625070496911,-0.563804346650428,-0.3112747944755452,1.4912251713092939,12.0,0.0,2.0,2018.0,23.0,0.0
-0.2690212119149017,-0.2832830518055809,-0.2895081203981832,-0.5941618395924995,-0.32917338145570935,0.2643930217301627,13.0,1.0,2.0,2018.0,0.0,10.0
-0.2890706520747344,-0.2741462474749236,-0.23450025582170397,-0.47413008034935894,-0.2800709130801871,1.5712435737745214,14.0,2.0,2.0,2018.0,23.0,0.0
-0.2345665482952339,-0.22383967386784015,-0.19327318486851428,-0.4116100615493464,-0.24326168536955736,1.0955209225932605,15.0,3.0,2.0,2018.0,21.0,22.0
-0.19484925337964965,-0.19670044202860892,-0.18913065813211127,-0.5074131256329745,-0.23950086228413398,0.0806551705169894,16.0,4.0,2.0,2018.0,18.0,13.0
-0.19044427557084628,-0.17617847487551486,-0.13519804054894524,-0.4333948630483465,-0.1913409953977167,1.316932168716684,17.0,5.0,2.0,2018.0,23.0,0.0
-0.13425302389074453,-0.16501275144671193,-0.16962092743224821,-0.42888618234671966,-0.22197067527488648,1.1885573523453772,18.0,6.0,2.0,2018.0,2.0,9.0
-0.16927212715428885,-0.1531767931788837,-0.12828771621791604,-0.4881085678212072,-0.1850320213336022,0.67156574409033,19.0,0.0,2.0,2018.0,21.0,0.0
-0.12760262956849186,-0.10774246564710985,-0.1173391475075634,-0.3647493510136586,-0.17519884482937295,0.4805284181647045,20.0,1.0,2.0,2018.0,22.0,0.0
-0.11898894868534428,-0.15533284387846216,-0.1611149032407339,-0.3930176754604818,-0.21417877501852553,0.9442116914972152,21.0,2.0,2.0,2018.0,1.0,22.0
-0.16265845945359403,-0.18947561301119506,-0.203178450548958,-0.467065179128484,-0.2516496111736689,1.47721708009206,22.0,3.0,2.0,2018.0,13.0,13.0
-0.2070353620990596,-0.20240728638297012,-0.18500659057155913,-0.4833677079191129,-0.2353733304881286,0.7667052377416194,23.0,4.0,2.0,2018.0,4.0,7.0
-0.18552392680178115,-0.2142678806434995,-0.21495732257826503,-0.5279271479701767,-0.2620454915864453,1.4487170631775605,24.0,5.0,2.0,2018.0,10.0,10.0
-0.21566438069039448,-0.22311386912046638,-0.22406105248653493,-0.5936075363966459,-0.2701031708080952,0.16946131188170274,25.0,6.0,2.0,2018.0,7.0,15.0
-0.22345533732030856,-0.21712818731488104,-0.1809806323320066,-0.507872485558119,-0.23158830765655006,1.4116388237765678,26.0,0.0,2.0,2018.0,13.0,13.0
-0.17900845638123847,-0.17006455007032972,-0.15895470020706914,-0.5253102237393843,-0.21185461487104523,0.38064716470037113,27.0,1.0,2.0,2018.0,14.0,3.0
-0.16101426911850172,-0.16077029766601844,-0.1790658524318136,-0.5269367833002242,-0.22974481440392774,0.4932156421797544,28.0,2.0,2.0,2018.0,6.0,23.0
-0.17955450275787482,-0.16332459937542768,-0.14512170547285072,-0.5062676415976577,-0.199361671732521,0.5495733488373896,1.0,3.0,3.0,2018.0,21.0,0.0
-0.14321024547211825,-0.13187592114377172,-0.13681207972050297,-0.4898170190770811,-0.19187008055568744,-0.3955153903679838,2.0,4.0,3.0,2018.0,1.0,16.0
-0.13557206679485093,-0.12224652044777648,-0.11206126159155365,-0.5402584432838944,-0.1696795130465642,0.03149613930708804,3.0,5.0,3.0,2018.0,19.0,0.0
-0.11130781244256806,-0.11379322598980553,-0.11065590699893336,-0.5731488305248583,-0.16835499770527973,-0.34698451977753025,4.0,6.0,3.0,2018.0,23.0,7.0
-0.10916053329634834,-0.09433215013142655,-0.1069306894880161,-0.5523006878503729,-0.16495700053511625,-0.6107241310190417,5.0,0.0,3.0,2018.0,20.0,10.0
-0.11114221312448348,-0.14172655181933655,-0.15562221964209585,-0.5325785073863116,-0.20839487547381502,0.6195628432838524,6.0,1.0,3.0,2018.0,0.0,20.0
-0.15385461495409314,-0.20509057202409045,-0.20559828069231748,-0.4259627960113514,-0.2529881696867791,1.7710035273872946,7.0,2.0,3.0,2018.0,21.0,21.0
-0.20615374344290383,-0.22761490820800814,-0.24061401876885685,-0.5133829718853965,-0.28422125398682857,0.9168653474673899,8.0,3.0,3.0,2018.0,9.0,8.0
-0.239083802921002,-0.27963995035859707,-0.2441403806126534,-0.43104585711992355,-0.28731630949350234,1.4272915656736427,9.0,4.0,3.0,2018.0,0.0,6.0
-0.24301642724797512,-0.2596959102523272,-0.27307975355285463,-0.6109969837479132,-0.313134782011237,0.7515740875584564,10.0,5.0,3.0,2018.0,6.0,22.0
-0.27355745893713607,-0.27369100643686434,-0.22934511143862468,-0.5616386459369657,-0.2739778593073369,2.036778146713969,11.0,6.0,3.0,2018.0,22.0,0.0
-0.22753516769812604,-0.25160548729587184,-0.2522676920372792,-0.5529048924962013,-0.29441221533309625,1.4507271174465228,12.0,0.0,3.0,2018.0,10.0,20.0
-0.2539092556199995,-0.251494162246147,-0.2528980009737195,-0.5781934033698438,-0.2949161474859606,0.25097908199499847,13.0,1.0,3.0,2018.0,6.0,12.0
-0.2513564259006559,-0.307740232890544,-0.3096684171820111,-0.5539446032299298,-0.34563803109566366,2.4227394873050017,14.0,2.0,3.0,2018.0,0.0,21.0
-0.30803788511352465,-0.32579384645914117,-0.3077628069373544,-0.5324559336522052,-0.3438862545047422,0.820646463215987,15.0,3.0,3.0,2018.0,14.0,6.0
-0.3060654318754709,-0.31174117367511756,-0.30546206245118873,-0.6162547138160525,-0.3417744457434557,0.609179032315099,16.0,4.0,3.0,2018.0,19.0,1.0
-0.30612678270822,-0.323911601046861,-0.33132798261222013,-0.6630736593095798,-0.36486741936177974,0.4658426577541032,17.0,5.0,3.0,2018.0,9.0,19.0
-0.33259292683567543,-0.3501397024943794,-0.31249944344716546,-0.5430451490757031,-0.34797101631679495,1.586589178911196,18.0,6.0,3.0,2018.0,23.0,16.0
-0.30476418310937864,-0.30054445458632467,-0.28752333946749076,-0.5381681640162482,-0.325567381989827,0.3365301732371059,19.0,0.0,3.0,2018.0,14.0,10.0
-0.287858973127939,-0.28742566498427496,-0.2701665000498191,-0.5580904778970981,-0.30998888283056925,0.791292565170753,20.0,1.0,3.0,2018.0,20.0,9.0
-0.2683610314206998,-0.25856666797034344,-0.26919619466986594,-0.575373624329888,-0.30906619503148464,-0.23580785071447263,21.0,2.0,3.0,2018.0,15.0,17.0
-0.2682407861850284,-0.27636039960089753,-0.2815200918458866,-0.6031830609298358,-0.3200467485138292,0.3571918644722215,22.0,3.0,3.0,2018.0,3.0,15.0
-0.2807066882530111,-0.2892762664209646,-0.2722438765217115,-0.580201235556257,-0.31169508870793217,0.34346458086016335,23.0,4.0,3.0,2018.0,23.0,13.0
-0.2705408432838949,-0.26998721030109546,-0.2852237936291076,-0.5959039194827191,-0.3232595770865201,-0.23361004187823875,24.0,5.0,3.0,2018.0,5.0,22.0
-0.2882798614092502,-0.283682043747523,-0.295800421932543,-0.6552781753133073,-0.33268266795629853,-0.4947084791584867,25.0,6.0,3.0,2018.0,19.0,11.0
-0.2952947060397187,-0.3170445804948688,-0.3133757748409688,-0.5819954106719375,-0.3483716762735543,0.6596989871202357,26.0,0.0,3.0,2018.0,5.0,21.0
-0.3136060723147347,-0.32489413877080475,-0.3364732980834827,-0.611434655841989,-0.36900839521464723,0.1803682979918637,27.0,1.0,3.0,2018.0,0.0,5.0
-0.33588684945120423,-0.3241423705273669,-0.3290204357998855,-0.63545946872787,-0.3622890165422066,-0.15832347823989595,28.0,2.0,3.0,2018.0,10.0,0.0
-0.32716032257832406,-0.37015777406743805,-0.37742845578720685,-0.5581208575221802,-0.40560597775727414,1.768084247463929,29.0,3.0,3.0,2018.0,1.0,21.0
-0.3767084593562729,-0.3952870114495302,-0.39431647409093573,-0.5620107269209464,-0.4206897121660171,0.9454122834953907,30.0,4.0,3.0,2018.0,8.0,17.0
-0.393823514349139,-0.38393222684365724,-0.3892221011504304,-0.6561790672666102,-0.41608919882110385,0.09872830204460568,31.0,5.0,3.0,2018.0,12.0,7.0
-0.3870393344707059,-0.40521732319923565,-0.39715732926790676,-0.657327244924992,-0.4231544849270101,0.779992977982521,1.0,6.0,4.0,2018.0,1.0,15.0
-0.39674504819420353,-0.3869000612876963,-0.3824547455336648,-0.6681019593389363,-0.4099340658745764,0.011478104666943647,2.0,0.0,4.0,2018.0,11.0,0.0
-0.38095334983587154,-0.37071983281821164,-0.3596057918750487,-0.6048475811373734,-0.389407148812445,0.47663326340661477,3.0,1.0,4.0,2018.0,19.0,1.0
-0.3592259284525963,-0.3877030464633318,-0.3965675645927135,-0.6354209526949733,-0.42249673458639475,1.1180893603318582,4.0,2.0,4.0,2018.0,0.0,22.0
-0.3965125261415674,-0.39776107638572167,-0.3991678211935343,-0.597275029161356,-0.4247843742787139,-0.10213936894740397,5.0,3.0,4.0,2018.0,9.0,1.0
-0.39851808126936433,-0.40217425327373024,-0.40991693491287495,-0.6988342268880534,-0.43438463985292136,-0.12170769155344062,6.0,4.0,4.0,2018.0,5.0,11.0
-0.4098956051852759,-0.39866458135112537,-0.39305408821257903,-0.6874553217129356,-0.41921423974719174,0.44551190732956936,7.0,5.0,4.0,2018.0,16.0,0.0
-0.3921363664485378,-0.3803624776756934,-0.3861541621510602,-0.7050340585654571,-0.4129805172495603,-0.4780626328816701,8.0,6.0,4.0,2018.0,12.0,0.0
-0.38450801349057795,-0.396674190722768,-0.40166808060310116,-0.637695647949978,-0.42685438132904563,0.7023964132727798,9.0,0.0,4.0,2018.0,9.0,20.0
-0.39977700155563195,-0.3940085948358021,-0.39773852361146117,-0.6713935944935128,-0.4233116656156202,-0.5537940092624484,10.0,1.0,4.0,2018.0,22.0,8.0
-0.3968303042830727,-0.38683621763743814,-0.38954184044641865,-0.6513725884851109,-0.415886268625906,-0.6246329825864207,11.0,2.0,4.0,2018.0,23.0,6.0
-0.38996455296051374,-0.3875367689486846,-0.3330236496977677,-0.4200867544879306,-0.3651297703327838,2.8735388760634755,12.0,3.0,4.0,2018.0,23.0,9.0
-0.3319444593178462,-0.3273188391050768,-0.3326118542520816,-0.482013954059193,-0.3647067858382289,0.19808205828057956,13.0,4.0,4.0,2018.0,12.0,1.0
-0.33356534352604456,-0.3218137443901951,-0.3270712846745317,-0.6215672049634073,-0.35969004690211864,-0.2258236906977474,14.0,5.0,4.0,2018.0,8.0,0.0
-0.3259173391294698,-0.3121192651570895,-0.3060290827847117,-0.6186899434518611,-0.340751345508899,-0.09725103116475979,15.0,6.0,4.0,2018.0,14.0,0.0
-0.305166019081301,-0.3167727201543595,-0.32262621923781964,-0.597709480015478,-0.35560230658934633,0.1884863361280468,16.0,0.0,4.0,2018.0,1.0,13.0
-0.32147982860369106,-0.3195552906983957,-0.33223565864553645,-0.5288518937607242,-0.3641759677484824,0.10193974566421478,17.0,1.0,4.0,2018.0,14.0,22.0
-0.32928549385610195,-0.319284078673487,-0.3161976314505868,-0.5489721750521868,-0.34972488400625806,-0.17865670204072046,18.0,2.0,4.0,2018.0,22.0,1.0
-0.31610489053434543,-0.3033023891376598,-0.308164833403613,-0.5200476062726943,-0.34245238820225476,-0.6874785006707029,19.0,3.0,4.0,2018.0,22.0,0.0
-0.30827591915504055,-0.29661556944957634,-0.2743175971178672,-0.44547723426769864,-0.31200802706302416,0.791560039045339,20.0,4.0,4.0,2018.0,22.0,5.0
-0.27380226313890654,-0.2708439130548012,-0.271264401486222,-0.49372424429456424,-0.3092082260701282,-0.1841089135766491,21.0,5.0,4.0,2018.0,7.0,11.0
-0.26912306388333285,-0.26278510320176185,-0.27697925445135085,-0.5435490232046928,-0.3142838927256838,-0.550781988667193,22.0,6.0,4.0,2018.0,11.0,23.0
-0.2771397724056285,-0.2622034714943811,-0.2690980254164772,-0.5275333791551271,-0.3071486376132469,-0.695187535093737,23.0,0.0,4.0,2018.0,12.0,0.0
-0.26855371137980255,-0.2534137321135314,-0.22204996123701612,-0.3239490702194402,-0.2648177790403858,1.1377213912032889,24.0,1.0,4.0,2018.0,23.0,0.0
-0.22151661505768233,-0.26150606914460767,-0.27432311089766676,-0.3020210901583529,-0.31174145529897446,1.3289638670503314,25.0,2.0,4.0,2018.0,2.0,14.0
-0.2726654154324467,-0.2661057756916393,-0.24757960076266042,-0.41659881808133825,-0.28765654794672063,0.424168481097459,26.0,3.0,4.0,2018.0,23.0,0.0
-0.24669502078309635,-0.24966949343335335,-0.2656508342587164,-0.49276209324351805,-0.3038464540643867,-0.11232514859233309,27.0,4.0,4.0,2018.0,10.0,23.0
-0.26825127094648454,-0.25315070121401523,-0.24346955738116383,-0.47978916025416324,-0.28386170182150433,0.19582868559263789,28.0,5.0,4.0,2018.0,14.0,0.0
-0.24327285455673128,-0.23660315565034715,-0.23913680524167424,-0.4229748737996661,-0.2799063408738938,-0.2591002883912135,29.0,6.0,4.0,2018.0,2.0,10.0
-0.2383831812040407,-0.23830396531186632,-0.25009334495978064,-0.4326876342626145,-0.2896986916515726,-0.3424303143129569,30.0,0.0,4.0,2018.0,3.0,8.0
-0.2490975289796201,-0.2557392092892301,-0.25755235031326024,-0.4848039088602656,-0.296348328529839,-0.1737762469939472,1.0,1.0,5.0,2018.0,0.0,12.0
-0.25810813297503626,-0.24789347916253587,-0.250377484416628,-0.4932030421161676,-0.28984141126008955,-0.5084453030468004,2.0,2.0,5.0,2018.0,21.0,1.0
-0.25017116855272997,-0.2369546661928226,-0.219204790928028,-0.34952182774970086,-0.2617516309296533,0.516257378800501,3.0,3.0,5.0,2018.0,23.0,5.0
-0.22185590193840338,-0.21180267602047567,-0.22184990692211287,-0.45742456333277814,-0.2640731092790209,-0.6788735218564224,4.0,4.0,5.0,2018.0,9.0,0.0
-0.22156262818224418,-0.2049008934035943,-0.21219072363142133,-0.4881167042290217,-0.25532305748413897,-0.47585471039226346,5.0,5.0,5.0,2018.0,13.0,0.0
-0.2126649600459414,-0.21943470897739867,-0.22467050495155927,-0.5114201259810975,-0.266493885738058,0.054127030145509646,6.0,6.0,5.0,2018.0,1.0,12.0
-0.22491301872732658,-0.23421192074976938,-0.2419641756310919,-0.5021054941148604,-0.2819961471175414,-0.028944232128229413,7.0,0.0,5.0,2018.0,0.0,14.0
-0.24115870725671298,-0.24077231889636325,-0.2504449682867841,-0.500920411043559,-0.28957445379270785,-0.2702676204889965,8.0,1.0,5.0,2018.0,2.0,12.0
-0.25079935554625993,-0.24685148163665926,-0.24489954418571497,-0.5111700911143341,-0.28452419555623726,-0.23160463423963873,9.0,2.0,5.0,2018.0,17.0,4.0
-0.2445274910690356,-0.24628880544245957,-0.26215941299778045,-0.5285362400145558,-0.30000022911887564,-0.20778513815561364,10.0,3.0,5.0,2018.0,13.0,23.0
-0.26127626840954943,-0.28713670146086284,-0.2991322432412359,-0.44274315131823955,-0.33323568064161396,0.6887006831494066,11.0,4.0,5.0,2018.0,0.0,21.0
-0.2987935008940976,-0.29794585131109635,-0.2952413726067738,-0.5331637178241363,-0.32967604516494475,0.1590067409906649,12.0,5.0,5.0,2018.0,13.0,6.0
-0.29425048371160867,-0.2870949622852589,-0.28179805826665394,-0.5849600066632673,-0.31752097188725653,-0.04415203915995359,13.0,6.0,5.0,2018.0,21.0,5.0
-0.2821269839963226,-0.28881157849848604,-0.282236883219836,-0.5037255556571727,-0.3178697274120538,0.33016598368241484,14.0,0.0,5.0,2018.0,20.0,5.0
-0.28261221875651327,-0.28321729408070184,-0.2949044327151063,-0.5394373047887594,-0.3292260661963545,-0.06533274770108685,15.0,1.0,5.0,2018.0,10.0,22.0
-0.2949302557315029,-0.3009813266824608,-0.30359145272178173,-0.5364808452052441,-0.33698693505255506,-0.18117737998965563,16.0,2.0,5.0,2018.0,0.0,3.0
-0.3031733751883288,-0.3086550988149878,-0.32043835740657006,-0.5851688041047594,-0.35211688042597217,0.016038200530970322,17.0,3.0,5.0,2018.0,3.0,23.0
-0.32024238710017483,-0.31366895554006896,-0.3108246328330338,-0.5905024554662939,-0.34340985294546666,-0.23714324621663088,18.0,4.0,5.0,2018.0,19.0,1.0
-0.31018696164742254,-0.3004843773409657,-0.3110572304352326,-0.6475483379657496,-0.3435672107823088,-0.6030702728982658,19.0,5.0,5.0,2018.0,13.0,8.0
-0.31072318230475143,-0.29910034702920735,-0.2947282914234644,-0.621587282174499,-0.328805075465328,-0.07344256679062655,20.0,6.0,5.0,2018.0,21.0,1.0
-0.2938308536016722,-0.28899174849022036,-0.3005130854867036,-0.6235436022909605,-0.33396516156012174,-0.6103754062190381,21.0,0.0,5.0,2018.0,7.0,18.0
-0.30011685752863165,-0.31178732757122124,-0.32366277987394876,-0.6245187771483719,-0.3547760229586598,0.09268594139513445,22.0,1.0,5.0,2018.0,0.0,22.0
-0.32360134519318995,-0.3431917968535688,-0.35336377361516574,-0.551076005743087,-0.3814938455425802,0.5668169748646266,23.0,2.0,5.0,2018.0,0.0,17.0
-0.3528018851519513,-0.35436638059553305,-0.3515521073904675,-0.5750433083880676,-0.3798168919008494,0.20054277145910682,24.0,3.0,5.0,2018.0,5.0,9.0
-0.3508889853589685,-0.3504773514319359,-0.35813103557582027,-0.6391182974678765,-0.3856943691580362,-0.28603447365030266,25.0,4.0,5.0,2018.0,6.0,11.0
-0.3573811196961528,-0.35322957463158283,-0.36575698259921396,-0.6833913526254561,-0.3925221567381126,-0.34392736024045895,26.0,5.0,5.0,2018.0,7.0,23.0
-0.36501315729885603,-0.3581713448366706,-0.36499964696401765,-0.6831212544322559,-0.3917891146194523,-0.805342823547382,27.0,6.0,5.0,2018.0,18.0,0.0
-0.3644468903108369,-0.3689242147186125,-0.3792517788615932,-0.6297477659807159,-0.40459591530492733,-0.07725553930765694,28.0,0.0,5.0,2018.0,3.0,22.0
-0.3792845952025105,-0.36956975182059404,-0.3585944028423526,-0.5960091373981087,-0.38592483345702133,0.3877632987621622,29.0,1.0,5.0,2018.0,20.0,1.0
-0.35840874614470086,-0.3554753707331409,-0.3626491585948772,-0.6361509800841719,-0.3895283266022723,-0.2930311533650351,30.0,2.0,5.0,2018.0,1.0,17.0
-0.36230943688392464,-0.3524702427061721,-0.3572700169074418,-0.6250546415224206,-0.3846260330153753,-0.32864670715316663,31.0,3.0,5.0,2018.0,17.0,2.0
-0.35650869767362026,-0.3495485621582368,-0.3543683902878968,-0.6362095455588503,-0.38195654557096326,-0.5135116669922368,1.0,4.0,6.0,2018.0,7.0,12.0
-0.3542988394797349,-0.3438632665794463,-0.34810857210844337,-0.6352419794923645,-0.3762608386855234,-0.5127135724174233,2.0,5.0,6.0,2018.0,20.0,1.0
-0.3439743450915565,-0.33072823821528397,-0.3433953092303915,-0.6399898927991854,-0.37195745469210045,-1.141491463760778,3.0,6.0,6.0,2018.0,23.0,23.0
-0.3428995372164589,-0.3306661234066189,-0.3423743010492376,-0.6368616244950276,-0.37103317062393953,-1.0346277994709001,4.0,0.0,6.0,2018.0,0.0,0.0
-0.3564964454809441,-0.3502023112577854,-0.3487032812057426,-0.634024906176004,-0.376635891218952,-0.3449077580515346,5.0,1.0,6.0,2018.0,18.0,5.0
-0.3488232776568746,-0.34356294209699406,-0.34746235112268703,-0.6486406715418278,-0.37547065756928877,-0.5891266083353555,6.0,2.0,6.0,2018.0,21.0,18.0
-0.34729873342822765,-0.33415424655365306,-0.34597348074582246,-0.6598384236235059,-0.37408191011205777,-0.8888647086344623,7.0,3.0,6.0,2018.0,1.0,0.0
-0.34519315367614206,-0.3399976076495237,-0.349245789192113,-0.6738434863249735,-0.376991775625918,-0.7239675070658629,8.0,4.0,6.0,2018.0,0.0,13.0
-0.34842144168495226,-0.341668039094479,-0.35494958463144505,-0.6945815098008638,-0.3820985399212201,-0.6806482300918278,9.0,5.0,6.0,2018.0,6.0,23.0
-0.35657927509645077,-0.39369752683773585,-0.4007297191865522,-0.5882977388723558,-0.4234091405729786,1.5346344683835664,10.0,6.0,6.0,2018.0,0.0,23.0
-0.3995407948582586,-0.39385179507774865,-0.3933099995141479,-0.6457655760364575,-0.41666915607529476,-0.41974386841521266,11.0,0.0,6.0,2018.0,23.0,8.0
-0.39300510382633314,-0.4042556550630939,-0.4132284990740432,-0.6506951561689521,-0.4346224360221692,0.17704223866598062,12.0,1.0,6.0,2018.0,2.0,19.0
-0.4119588265010786,-0.42047002815404155,-0.4274947450492549,-0.6291104880867405,-0.4474735526712408,0.16337481033589848,13.0,2.0,6.0,2018.0,5.0,16.0
-0.42754990643806556,-0.41738268753488517,-0.40752161711666807,-0.6244265830393476,-0.42938589605628014,0.3266115766678737,14.0,3.0,6.0,2018.0,21.0,1.0
-0.4072225302302609,-0.41109736043461625,-0.42094770089491723,-0.688606234648347,-0.4414779375793727,-0.23578767639082002,15.0,4.0,6.0,2018.0,0.0,23.0
-0.42063565560465355,-0.41309404898591984,-0.4152046197745099,-0.7298924644819843,-0.43624406514046593,-0.43200585550133785,16.0,5.0,6.0,2018.0,22.0,15.0
-0.4151091977540359,-0.40696237268223134,-0.4183277864704568,-0.7347819318462604,-0.43902517009615055,-0.8395800360344371,17.0,6.0,6.0,2018.0,8.0,23.0
-0.41728469588680334,-0.410287429020434,-0.4038719144160498,-0.6840606346491456,-0.4259140179191214,0.13546174345168105,18.0,0.0,6.0,2018.0,17.0,11.0
-0.40303165125038903,-0.3936437783874975,-0.40171656590590427,-0.6830935961995487,-0.42392299712747084,-0.7626139425290973,19.0,1.0,6.0,2018.0,13.0,3.0
-0.40129115089220974,-0.39984247817508534,-0.4013109135301066,-0.6922265473554571,-0.42351280978485745,-0.3930310388188592,20.0,2.0,6.0,2018.0,16.0,1.0
-0.4007187428296265,-0.39331184080162923,-0.4041836527380928,-0.7117252681823744,-0.42606486460384047,-0.8292260470016731,21.0,3.0,6.0,2018.0,2.0,13.0
-0.4033083590834506,-0.4381120230626298,-0.4438322543926681,-0.6276211366863491,-0.46188343922227115,1.6510272859820807,22.0,4.0,6.0,2018.0,0.0,21.0
-0.4430501883408392,-0.4339890445848856,-0.4389968493055771,-0.7170280123019378,-0.4574698624664167,-0.5443781915319048,23.0,5.0,6.0,2018.0,22.0,6.0
-0.4384992027396436,-0.44950474956703945,-0.4383371135660759,-0.6554392650803103,-0.4568298022770379,0.4743914149975801,24.0,6.0,6.0,2018.0,17.0,16.0
-0.4380273884741168,-0.43096239865451424,-0.43367599186656386,-0.6047873772734081,-0.4525737887046355,-0.3235740245473241,25.0,0.0,6.0,2018.0,16.0,12.0
-0.4330224127018729,-0.4326069283477481,-0.44321977534199597,-0.7252503383614067,-0.4611725616386448,-0.3813227396689873,26.0,1.0,6.0,2018.0,5.0,23.0
-0.4433999000700938,-0.43518781099664755,-0.4393251888994081,-0.7243575967005732,-0.4576180431456719,-0.6538368487612873,27.0,2.0,6.0,2018.0,23.0,14.0
-0.43918140123290644,-0.446555901508356,-0.4548943350480258,-0.7150516149743846,-0.47166937125818104,0.05649218299943075,28.0,3.0,6.0,2018.0,0.0,23.0
-0.45482772088453666,-0.44891422667432296,-0.4355711439093211,-0.6880183028181476,-0.45414318470727594,0.675037564809774,29.0,4.0,6.0,2018.0,23.0,5.0
-0.43543531579046585,-0.42498499059083855,-0.42417458059025015,-0.6566894116448176,-0.4437913078666539,-0.14780127804041246,30.0,5.0,6.0,2018.0,1.0,0.0
-0.4233209827523386,-0.4202386103579414,-0.42529031191241495,-0.6434339259267513,-0.44476324213779334,-0.6151798789284355,1.0,6.0,7.0,2018.0,0.0,15.0
-0.42524128179126636,-0.41920105842473265,-0.41127566210675504,-0.6646584538282594,-0.4320369628226537,0.3398779582579632,2.0,0.0,7.0,2018.0,15.0,6.0
-0.4119723069086651,-0.41021978809310855,-0.4164670356190642,-0.6497227027039155,-0.4367066441286414,-0.31713905945579873,3.0,1.0,7.0,2018.0,4.0,23.0
-0.4147815639367649,-0.4100484475423674,-0.4122962807273827,-0.676603603002508,-0.4328944309072372,0.07578287073070245,4.0,2.0,7.0,2018.0,13.0,1.0
-0.4117851988513648,-0.40396672241184994,-0.40974385017307846,-0.6319909986075505,-0.4305460916790031,-0.3988891171741015,5.0,3.0,7.0,2018.0,11.0,19.0
-0.40939374458905886,-0.4047949918957872,-0.40763515902787073,-0.6691584982744927,-0.4285927182654518,-0.542047715234877,6.0,4.0,7.0,2018.0,22.0,7.0
-0.4075519913916745,-0.40190615933812013,-0.3963779085473205,-0.6882976204222503,-0.4183537632181438,-0.0892323993516971,7.0,5.0,7.0,2018.0,23.0,13.0
-0.3959511720132081,-0.391237385250806,-0.4014747686819777,-0.7194768072456555,-0.42292670417799266,-0.6741609897515757,8.0,6.0,7.0,2018.0,15.0,23.0
-0.40102609612259826,-0.39273206142452677,-0.4034466042166188,-0.7014744912238563,-0.42467574258702206,-0.757971918617089,9.0,0.0,7.0,2018.0,22.0,23.0
-0.4032267576828604,-0.41825139956322527,-0.42871907386052255,-0.6833430756801132,-0.4475370613229566,0.522766181581139,10.0,1.0,7.0,2018.0,0.0,23.0
-0.4282848882161387,-0.4176349440466128,-0.4247447174080077,-0.7054484322084874,-0.44390080125367276,-0.7266868746087625,11.0,2.0,7.0,2018.0,14.0,0.0
-0.4242351341254697,-0.42990400800567796,-0.4349261215713473,-0.6986519907915257,-0.4530915604572799,-0.13967066147854737,12.0,3.0,7.0,2018.0,0.0,23.0
-0.4341586313226423,-0.42637470138212336,-0.4343590712716328,-0.6967412262280325,-0.4525414261509235,-0.7036297079241159,13.0,4.0,7.0,2018.0,18.0,20.0
-0.4333935732574207,-0.42511144300450265,-0.432022667013937,-0.7445635601978775,-0.45039049513449986,-0.8386662104200531,14.0,5.0,7.0,2018.0,20.0,9.0
-0.431847520289558,-0.42231118270631196,-0.4268969794001102,-0.724941182633766,-0.44570874002725525,-0.5883361521831472,15.0,6.0,7.0,2018.0,16.0,2.0
-0.4266750579421643,-0.415956948919691,-0.4034466042166188,-0.6468215595858148,-0.42441518831856195,0.37232866661636305,16.0,0.0,7.0,2018.0,23.0,0.0
-0.4031997669112231,-0.3952718532134228,-0.36789513051368034,-0.5797765594992365,-0.39213317210695703,1.5065324332631207,17.0,1.0,7.0,2018.0,18.0,6.0
-0.3678819378155624,-0.3575700475561656,-0.3648425641721179,-0.5721042046232693,-0.38931332878921704,-0.29399340736755347,18.0,2.0,7.0,2018.0,18.0,20.0
-0.3640241746853893,-0.3566223027692854,-0.3589460561355475,-0.6258953296117583,-0.38391318593141305,-0.49654588581261233,19.0,3.0,7.0,2018.0,23.0,1.0
-0.35855169837804013,-0.354864626568223,-0.36586438144052813,-0.6353737726373733,-0.39014252446367725,-0.2537681199554364,20.0,4.0,7.0,2018.0,16.0,22.0
-0.3655873927055757,-0.35871191655621615,-0.3618654527084715,-0.701014562027858,-0.38647369253293257,-0.5778464840902557,21.0,5.0,7.0,2018.0,18.0,1.0
-0.36159470567369256,-0.3510356437778103,-0.3619145373351659,-0.702704032960383,-0.38646348286766247,-0.6569248721726053,22.0,6.0,7.0,2018.0,21.0,22.0
-0.36178427016081977,-0.3494372679806802,-0.34395624642641515,-0.6247644800027836,-0.3701168804979715,0.07071905348325712,23.0,0.0,7.0,2018.0,19.0,0.0
-0.3432686008197154,-0.3306970264500981,-0.3001890909910873,-0.5084148757200053,-0.33034474223789095,1.217220180031092,24.0,1.0,7.0,2018.0,23.0,0.0
-0.3025837721169575,-0.30661670196024843,-0.315094785592078,-0.5860978819076585,-0.34381445752505485,-0.1735913352642842,25.0,2.0,7.0,2018.0,0.0,15.0
-0.3150263381015818,-0.31974561763449244,-0.32919840502939884,-0.6374228422490579,-0.35656364981637034,0.10862974707434403,26.0,3.0,7.0,2018.0,10.0,23.0
-0.32891924616020796,-0.3222082907394693,-0.3161000615210894,-0.6213258618906573,-0.3446169913897779,0.18250550276997946,27.0,4.0,7.0,2018.0,19.0,13.0
-0.3155042634852145,-0.3050733403723833,-0.314434420562494,-0.6867968836047805,-0.3430565850800126,-0.8397189333829765,28.0,5.0,7.0,2018.0,5.0,15.0
-0.3132489912959995,-0.30315062154352584,-0.312819782067045,-0.6803730646733437,-0.34153414434037543,-0.7813474070345883,29.0,6.0,7.0,2018.0,2.0,11.0
-0.31228212134400835,-0.31729307060170353,-0.3151506413800989,-0.6020435438249939,-0.343606050414563,-0.19335784817652307,30.0,0.0,7.0,2018.0,1.0,18.0
-0.3147594679704184,-0.3312388750426487,-0.3397014027968494,-0.6163550434651003,-0.3658569277789094,0.3389513062514481,31.0,1.0,7.0,2018.0,0.0,23.0
-0.3400458271963019,-0.34337704223026566,-0.34924639810518654,-0.6429262595513721,-0.3744809515656182,-0.31471438453689154,1.0,2.0,8.0,2018.0,0.0,22.0
-0.3483189869925228,-0.34220798966594107,-0.35279117357621825,-0.6745740526123433,-0.3776540801732817,-0.5527707048758902,2.0,3.0,8.0,2018.0,2.0,13.0
-0.3527393144920979,-0.354523822494756,-0.3609387565321421,-0.652172029603477,-0.3850061619932766,-0.3954214827901186,3.0,4.0,8.0,2018.0,0.0,4.0
-0.3603143018116336,-0.3763103088449437,-0.3855815740985904,-0.6716300718624855,-0.4073459726103738,0.5924085908295812,4.0,5.0,8.0,2018.0,2.0,17.0
-0.3853202877318535,-0.3790524294352497,-0.38339493368943434,-0.7035908120296963,-0.40531388402473434,-0.5980846758732384,5.0,6.0,8.0,2018.0,21.0,1.0
-0.3833656502004661,-0.3822238559699453,-0.39055567472059727,-0.6902056792136055,-0.41178462295714974,-0.1830007516187369,6.0,0.0,8.0,2018.0,2.0,22.0
-0.3897841743226806,-0.39122094520214595,-0.40274881860190914,-0.6491537442547374,-0.42282510138296436,0.28742455750093243,7.0,1.0,8.0,2018.0,16.0,23.0
-0.40275803492414014,-0.4242262896926125,-0.4302011898571357,-0.6284553033268039,-0.44774014695636044,0.80336695007606,8.0,2.0,8.0,2018.0,0.0,18.0
-0.4298315439080059,-0.4227815708665002,-0.41409565961366546,-0.6717032917226975,-0.43305845423138856,0.35193149875530094,9.0,3.0,8.0,2018.0,22.0,13.0
-0.4135208115133209,-0.4306563949274319,-0.4376325759684103,-0.6575127404442747,-0.4544149806134003,0.6443414129528019,10.0,4.0,8.0,2018.0,0.0,23.0
-0.4371795331463698,-0.43163576887126043,-0.43081919347544056,-0.6835914851744538,-0.44817536078770354,0.25649618097297,11.0,5.0,8.0,2018.0,18.0,7.0
-0.4311757406535395,-0.423513098079547,-0.42916463761153795,-0.5958686689471142,-0.44663112715286146,-0.4847114018642624,12.0,6.0,8.0,2018.0,19.0,0.0
-0.4276351840955869,-0.42425790279602854,-0.43070627126514455,-0.6816319047674464,-0.44799553798241826,0.07639945555106148,13.0,0.0,8.0,2018.0,9.0,17.0
-0.4309297238142154,-0.4403597208899466,-0.4367120144714319,-0.6155865061175416,-0.4534240096373691,0.11015833877707587,14.0,1.0,8.0,2018.0,0.0,3.0
-0.4349936029755181,-0.4245297754854063,-0.43003426137235023,-0.6376202603480082,-0.44730749215377663,0.33293370636550973,15.0,2.0,8.0,2018.0,18.0,0.0
-0.43052664884305364,-0.42105296637171197,-0.4284257335832966,-0.668374228745058,-0.44580389027944456,-0.3841141008095055,16.0,3.0,8.0,2018.0,10.0,0.0
-0.427662791970324,-0.4179827017679476,-0.4133346621094966,-0.6323299898553566,-0.43203082521793507,-0.1432376881928298,17.0,4.0,8.0,2018.0,23.0,0.0
-0.4127839880120038,-0.41616431605945786,-0.42296189424489716,-0.6870263101723995,-0.4407502278739179,-0.15802729175695157,18.0,5.0,8.0,2018.0,1.0,17.0
-0.42265288296802966,-0.41566988712203123,-0.41791046645714414,-0.7235467493381464,-0.43611487304199525,-0.48362408461438056,19.0,6.0,8.0,2018.0,21.0,3.0
-0.417871199063562,-0.4196923384006862,-0.4300336476646856,-0.7043506714678965,-0.447111483641713,-0.24292229354103195,20.0,0.0,8.0,2018.0,2.0,23.0
-0.4301070091470495,-0.4196727382765683,-0.41897279442465724,-0.7199665693584465,-0.4370029279513448,-0.3622251123400678,21.0,1.0,8.0,2018.0,21.0,0.0
-0.41874606193856473,-0.41892224320147187,-0.4258493888070862,-0.6499504848077111,-0.44322265577758213,0.8279598313676881,22.0,2.0,8.0,2018.0,2.0,22.0
-0.4257958861297678,-0.41505090255714544,-0.41614237467528087,-0.7173089596174179,-0.4343448570316383,-0.4829034063858991,23.0,3.0,8.0,2018.0,22.0,0.0
-0.4147416930850287,-0.4070022064274255,-0.40478387321789616,-0.6808812656079395,-0.4239605012265359,-0.3201824115676777,24.0,4.0,8.0,2018.0,23.0,1.0
-0.40440837232509186,-0.3942102802611652,-0.4021308149836043,-0.7234691905232552,-0.42150745290472763,-0.8533142554112786,25.0,5.0,8.0,2018.0,2.0,7.0
-0.40228011193702434,-0.39928165431116397,-0.40556328195200453,-0.7243966420859407,-0.42458712468764614,-0.6045944741286129,26.0,6.0,8.0,2018.0,0.0,6.0
-0.40496973244474643,-0.3949215750880258,-0.3946773353964021,-0.6851562207056512,-0.4146188091761386,-0.4427868369553858,27.0,0.0,8.0,2018.0,23.0,4.0
-0.39390940431673244,-0.38274231086596805,-0.38168882638170093,-0.6503936005543275,-0.4027408749689795,-0.34111807138104205,28.0,1.0,8.0,2018.0,20.0,3.0
-0.3816005867422735,-0.37714805608546836,-0.384703358430473,-0.6782746385843919,-0.4054482351189809,-0.6747262310809714,29.0,2.0,8.0,2018.0,10.0,16.0
-0.3845423591725945,-0.38575503962151525,-0.3889336453629213,-0.6610614630025502,-0.4092596171013826,-0.3199934059056384,30.0,3.0,8.0,2018.0,1.0,19.0
-0.3888240337901566,-0.38035109572357995,-0.3852912903732099,-0.6593041863574619,-0.4058961037932399,-0.6862544444785766,31.0,4.0,8.0,2018.0,18.0,13.0
-0.38447794079820785,-0.37289735820014963,-0.3757377031575676,-0.6798925263104099,-0.3971432772935322,-0.4442280701713105,1.0,5.0,9.0,2018.0,19.0,0.0
-0.3755961807411156,-0.36694713987518546,-0.37086056834657577,-0.6683134833795488,-0.3926560803343074,-0.567732008714905,2.0,6.0,9.0,2018.0,9.0,2.0
-0.3701083487517055,-0.362142580418018,-0.37163752225002555,-0.6814268891588527,-0.39332111902131983,-0.8044198782378114,3.0,0.0,9.0,2018.0,20.0,5.0
-0.37109180260067415,-0.35915261309693036,-0.3654022523771583,-0.671345327961661,-0.3875980760890391,-0.7214410948937272,4.0,1.0,9.0,2018.0,18.0,0.0
-0.3650511996081943,-0.38840168863950486,-0.4003117854655749,-0.58853529316988,-0.4193949761903064,0.9002610078060659,5.0,2.0,9.0,2018.0,2.0,23.0
-0.4022494365206498,-0.41294041177309165,-0.4164928017517973,-0.6035583813773802,-0.4341108574664438,0.1483789112494089,6.0,3.0,9.0,2018.0,0.0,0.0
-0.41612822190515913,-0.4134367374967232,-0.4203039263492881,-0.6718312908857348,-0.4375468971293932,-0.5666496444725451,7.0,4.0,9.0,2018.0,6.0,10.0
-0.42034609165666215,-0.4260408818286923,-0.43509980443639035,-0.6951325622518716,-0.45100471810907145,0.15483879035311526,8.0,5.0,9.0,2018.0,11.0,20.0
-0.4348733553433298,-0.42580694486341375,-0.4305043614434739,-0.7039824026894969,-0.4467711720647671,-0.17534876824310097,9.0,6.0,9.0,2018.0,14.0,3.0
-0.430076333730675,-0.4200192178900079,-0.4287344285386167,-0.7016930617268679,-0.445121467811447,-0.8571340085066117,10.0,0.0,9.0,2018.0,2.0,0.0
-0.42821678999004864,-0.42207723092239113,-0.42925608005357113,-0.6943271437895395,-0.44556155518027324,-0.6277087079777173,11.0,1.0,9.0,2018.0,3.0,18.0
-0.4291290768730283,-0.4217686870330507,-0.4273781345997351,-0.6827030842038814,-0.4438045989411513,-0.7900704470898512,12.0,2.0,9.0,2018.0,23.0,12.0
-0.42684498536977805,-0.4161320706939735,-0.41722065904207495,-0.6747476107995125,-0.4344956016578237,-0.4566557551602538,13.0,3.0,9.0,2018.0,14.0,0.0
-0.4169570716555999,-0.4096874234315827,-0.417502964567815,-0.6820527833713317,-0.4347178828536868,-0.6388401213951275,14.0,4.0,9.0,2018.0,7.0,11.0
-0.41732579016042226,-0.40732402782020066,-0.41563176989829015,-0.7286922072183788,-0.4329729332484013,-0.923819264583812,15.0,5.0,9.0,2018.0,14.0,3.0
-0.4156521394430258,-0.4094389444387327,-0.4172286372417154,-0.7255773801280263,-0.43439374412684956,-0.8613240741685634,16.0,6.0,9.0,2018.0,0.0,4.0
-0.4170398952798112,-0.4222473094187693,-0.4317109107121803,-0.69102574164798,-0.4475820979218624,-0.07116944951619371,17.0,0.0,9.0,2018.0,1.0,21.0
-0.4313438419352721,-0.42172948678481487,-0.4261814046536631,-0.676419193089686,-0.44249666379196173,-0.7065577604558224,18.0,1.0,9.0,2018.0,14.0,12.0
-0.4257645972050657,-0.42535677427076957,-0.4245096649751503,-0.6627921635502282,-0.44092956392627625,-0.21910472514969218,19.0,2.0,9.0,2018.0,21.0,19.0
-0.4241081247208391,-0.41349490560700874,-0.417075824033217,-0.6673063035246325,-0.4340992931111251,-0.6555009765391999,20.0,3.0,9.0,2018.0,23.0,21.0
-0.4170515519380336,-0.40714636217900263,-0.40386392542858235,-0.5488620610603373,-0.4219922298072641,-0.010387862175194702,21.0,4.0,9.0,2018.0,20.0,1.0
-0.4034819747505799,-0.39953139782815056,-0.40465990426963644,-0.6585443269192617,-0.4226773727666618,-0.4346135779335278,22.0,5.0,9.0,2018.0,0.0,9.0
-0.40469242668072036,-0.3955721727563276,-0.40535646246901674,-0.6754749280776186,-0.4232726428236759,-0.8605601505421769,23.0,6.0,9.0,2018.0,11.0,22.0
-0.4053396779662237,-0.40180121865342117,-0.4124276021811405,-0.6765699717647893,-0.429693928750058,-0.6826287858033868,24.0,0.0,9.0,2018.0,2.0,23.0
-0.41154408768214373,-0.4143857628612723,-0.4215681641384718,-0.6468009460799248,-0.43800234529213855,-0.3252832788748361,25.0,1.0,9.0,2018.0,0.0,18.0
-0.4207988608023508,-0.4133722467657545,-0.4185898408419142,-0.6624689114266256,-0.43524381913654553,-0.4404411601443471,26.0,2.0,9.0,2018.0,15.0,4.0
-0.41819145041051253,-0.4091322973355973,-0.40743570403685875,-0.6532752088306714,-0.4250099827079986,-0.2096225523494966,27.0,3.0,9.0,2018.0,22.0,8.0
-0.40693602663435624,-0.40069981813040684,-0.4094376184389545,-0.6311671500013228,-0.4267984240744959,-0.47105049998936865,28.0,4.0,9.0,2018.0,7.0,19.0
-0.40912318382186286,-0.40617963347654057,-0.41202562366079326,-0.6664612921008524,-0.42912366860727824,-0.682589033018317,29.0,5.0,9.0,2018.0,0.0,6.0
-0.4114784422911022,-0.4027091469835294,-0.4105772735722138,-0.6860630622336104,-0.42775566606284926,-0.8921692854730758,30.0,6.0,9.0,2018.0,11.0,5.0
-0.4105495906832803,-0.40381307655481696,-0.4127829389189742,-0.6861341126164827,-0.42973030957588293,-0.7873146089976953,1.0,0.0,10.0,2018.0,4.0,14.0
-0.41218213634273476,-0.4045199455471993,-0.41484008701088865,-0.6873115964425589,-0.43157568239379324,-0.9046043078190095,2.0,1.0,10.0,2018.0,4.0,17.0
-0.41459813213639574,-0.4098227275142033,-0.4181240367244431,-0.6922986824769993,-0.43454094338121735,-0.7310107463407546,3.0,2.0,10.0,2018.0,11.0,8.0
-0.41803071122870983,-0.40704836155841295,-0.4135764629293696,-0.6949508685246788,-0.4303418450944988,-0.7749605633317905,4.0,3.0,10.0,2018.0,19.0,0.0
-0.4133533237399158,-0.403286402251906,-0.41076629553292676,-0.704003555093558,-0.42773540552174893,-0.9342113977500921,5.0,4.0,10.0,2018.0,22.0,5.0
-0.41039007851813253,-0.40199721989460047,-0.4128633346230436,-0.7263361548275566,-0.4296208095058614,-0.9966094237009259,6.0,5.0,10.0,2018.0,0.0,14.0
-0.4123391944745725,-0.40330979594843386,-0.41196486660199266,-0.7237929850161928,-0.4287601899994877,-0.8631937888849547,7.0,6.0,10.0,2018.0,23.0,9.0
-0.4117557480551283,-0.4021084980186249,-0.40894051523058617,-0.6873007490558608,-0.4259571358377088,-0.8065034468489041,8.0,0.0,10.0,2018.0,20.0,9.0
-0.4085109025110265,-0.4001548082275146,-0.40952906088098767,-0.7089223025918006,-0.426460461180424,-0.9830038300917769,9.0,1.0,10.0,2018.0,5.0,14.0
-0.40929557966188795,-0.40445292576795727,-0.413033945353817,-0.6977039352686505,-0.42962977321288653,-0.799840675208839,10.0,2.0,10.0,2018.0,0.0,6.0
-0.41258091675560415,-0.423118566548915,-0.4332427250431525,-0.6220981923523965,-0.44808674408542853,0.15355179330890223,11.0,3.0,10.0,2018.0,0.0,23.0
-0.43389971762760104,-0.42357822107258397,-0.43211718518618014,-0.6979290185426356,-0.44702280528062843,-0.8130406383441832,12.0,4.0,10.0,2018.0,7.0,0.0
-0.43151746479195213,-0.42210252140512394,-0.4314169447408119,-0.7369508650809589,-0.4463460363927746,-0.9941405962888797,13.0,5.0,10.0,2018.0,10.0,22.0
-0.43087880262303363,-0.4208165003581601,-0.43111377315447363,-0.7357961607669486,-0.44603961212902915,-0.8529719040325614,14.0,6.0,10.0,2018.0,19.0,0.0
-0.4306241966671247,-0.42217396701884413,-0.4123582532150348,-0.5033664941406023,-0.4288213685769231,1.712064075596223,15.0,0.0,10.0,2018.0,7.0,0.0
-0.41168090003917435,-0.4024037644045306,-0.4123846426446149,-0.682129799816888,-0.42880941439816883,-0.7940216943226115,16.0,1.0,10.0,2018.0,6.0,16.0
-0.41234901060781237,-0.40581292147691467,-0.4155562838555379,-0.6813910927827491,-0.4316784447806123,-0.865897065987672,17.0,2.0,10.0,2018.0,5.0,13.0
-0.41530550723799325,-0.4100750000794632,-0.41971231216056326,-0.6903043904325581,-0.4354484746267288,-0.7299158854682749,18.0,3.0,10.0,2018.0,3.0,22.0
-0.4192479117504527,-0.4103740600377787,-0.42040580182162035,-0.7090275222427719,-0.4360462518121741,-1.0016616370100908,19.0,4.0,10.0,2018.0,4.0,14.0
-0.4203000785321003,-0.4101407553345685,-0.41894640499507724,-0.7198608073381403,-0.4346721203931042,-0.9997454563436734,20.0,5.0,10.0,2018.0,13.0,1.0
-0.41851047474080805,-0.40843364775010316,-0.41936618103769935,-0.7266686272298527,-0.43502071635959194,-0.8742910816017142,21.0,6.0,10.0,2018.0,14.0,1.0
-0.41875833210511454,-0.40925685296305647,-0.41907098765100165,-0.7039297928640111,-0.4347089271857298,-0.8723344873595636,22.0,0.0,10.0,2018.0,12.0,10.0
-0.41959822500545024,-0.4099972318450597,-0.41977184180403454,-0.7015818760132126,-0.4353105072008023,-0.9760033690171565,23.0,1.0,10.0,2018.0,23.0,23.0
-0.4191976040675983,-0.408885082866884,-0.4185382893980834,-0.7173908573869884,-0.43415066858667434,-0.982659570269175,24.0,2.0,10.0,2018.0,6.0,0.0
-0.4188442232709633,-0.4102653109620276,-0.4197380878824787,-0.7279193309161408,-0.4352139131767348,-0.9649168459759847,25.0,3.0,10.0,2018.0,15.0,4.0
-0.4198387202698268,-0.4101021873484009,-0.41983259886283514,-0.7238244424376172,-0.43526326831570983,-1.0001326322889303,26.0,4.0,10.0,2018.0,9.0,14.0
-0.4190779699437375,-0.40985434061761933,-0.41948708144763586,-0.7190949818372562,-0.4349107557301208,-0.9797264923277305,27.0,5.0,10.0,2018.0,22.0,21.0
-0.4189663114281341,-0.41020967190001545,-0.41911824314117985,-0.7162779155117658,-0.4345362700321043,-0.9778294629675656,28.0,6.0,10.0,2018.0,23.0,11.0
-0.41837182185879496,-0.41911950896678785,-0.42855461219287355,-0.6753442170679067,-0.4431512972061106,-0.410774586085772,29.0,0.0,10.0,2018.0,0.0,21.0
-0.42790021969306313,-0.4189203464152669,-0.42845396413587056,-0.6980591871830125,-0.44301943657496295,-0.9708767972619607,30.0,1.0,10.0,2018.0,2.0,2.0
-0.4279032872347006,-0.4184942017812189,-0.4294764011051813,-0.6758144512812683,-0.4439162118035196,-1.0631113590738133,31.0,2.0,10.0,2018.0,1.0,3.0
-0.42905975043202177,-0.4188134941257207,-0.42578372208696846,-0.6976090206350424,-0.4404880794400673,-0.23052403729355206,1.0,3.0,11.0,2018.0,4.0,0.0
-0.42533084681752936,-0.4178303266094824,-0.42512950971644914,-0.673448093873083,-0.439850870784091,-0.9129533383197993,2.0,4.0,11.0,2018.0,22.0,16.0
-0.42482040788905656,-0.41688256576906996,-0.42679756714897404,-0.7047010420582444,-0.44134002569373976,-0.961083102939871,3.0,5.0,11.0,2018.0,1.0,13.0
-0.4261560155180052,-0.41990477845564195,-0.4258849838516361,-0.6650332336420507,-0.44047057932941824,-0.8123561981619773,4.0,6.0,11.0,2018.0,23.0,19.0
-0.42626951455859113,-0.4155390088738889,-0.4232135143874046,-0.6767061064678501,-0.43798230955946016,-0.7190109465066897,5.0,0.0,11.0,2018.0,2.0,0.0
-0.4219896804660115,-0.4127229136215894,-0.4206758331940674,-0.6482186995213632,-0.4359080069151162,-0.9720597440317077,6.0,1.0,11.0,2018.0,23.0,6.0
-0.41983503921986187,-0.40891985728064156,-0.41643327210832604,-0.6351356664248139,-0.4316904834192834,-0.8593280822651138,7.0,2.0,11.0,2018.0,8.0,0.0
-0.41653620494294086,-0.41080273372010007,-0.4211232260815989,-0.6501050600681586,-0.4359639259305631,-0.8043632907072478,8.0,3.0,11.0,2018.0,1.0,23.0
-0.4214240257880644,-0.4149225533572764,-0.42530257527788107,-0.6673762691688351,-0.4397680454291389,-0.8610334868857603,9.0,4.0,11.0,2018.0,1.0,21.0
-0.4248885073134081,-0.4141676324477017,-0.4238542251893016,-0.7021692620029134,-0.43840426561083023,-0.984278920131017,10.0,5.0,11.0,2018.0,21.0,0.0
-0.4232013594128069,-0.41638940135577995,-0.4237284151180479,-0.6894919211688721,-0.438250788749003,-0.899943668977897,11.0,6.0,11.0,2018.0,0.0,17.0
-0.4233160854700478,-0.4157381714254098,-0.42618324577665706,-0.670145064623519,-0.44046911483212153,-0.8971918522378942,12.0,0.0,11.0,2018.0,3.0,22.0
-0.42568238708918194,-0.4168635979070203,-0.42690619340561753,-0.6588621553495153,-0.4411023790416549,-0.9812910331399542,13.0,1.0,11.0,2018.0,17.0,23.0
-0.42702903786802543,-0.46735478215895854,-0.46502603128783027,-0.5018386397241783,-0.47608234677105465,2.1789464682422346,14.0,2.0,11.0,2018.0,9.0,20.0
-0.4647653215836909,-0.4790965210297385,-0.4705690389149698,-0.5217327469284495,-0.481144788465825,0.6850900058442846,15.0,3.0,11.0,2018.0,0.0,15.0
-0.47033781772229477,-0.4702094453974256,-0.4750171920683697,-0.6168003286890563,-0.48520253169231503,-0.46985597570935056,16.0,4.0,11.0,2018.0,0.0,22.0
-0.47443237229997204,-0.4689057210125487,-0.47631947973276184,-0.6697447960543599,-0.4863663171192203,-0.921042928259385,17.0,5.0,11.0,2018.0,0.0,10.0
-0.4755882219889657,-0.46636529202203697,-0.4720720089857033,-0.6775261689022246,-0.48243561982183036,-0.7577833670558569,18.0,6.0,11.0,2018.0,19.0,0.0
-0.47184336715795855,-0.5116877338654552,-0.5182258939058793,-0.5213303088819509,-0.5248213471851988,2.388936939648061,19.0,0.0,11.0,2018.0,0.0,21.0
-0.5182767449241413,-0.5477772527251892,-0.5439782949300189,-0.4460098522358563,-0.5484632649694996,2.4228628784675874,20.0,1.0,11.0,2018.0,2.0,20.0
-0.5427183031830691,-0.5432331852401697,-0.534754268730295,-0.5711979150103453,-0.5399663568298502,0.7289058028495528,21.0,2.0,11.0,2018.0,9.0,1.0
-0.533759241076713,-0.5418637056001874,-0.5492518848923761,-0.6553058396205511,-0.5532698508061501,0.2875181087644128,22.0,3.0,11.0,2018.0,2.0,23.0
-0.5491503244884884,-0.5526096317133626,-0.5504074964249165,-0.6389197772744377,-0.5543098967946669,-0.002878551304308533,23.0,4.0,11.0,2018.0,9.0,5.0
-0.5499484988225548,-0.5779329920737352,-0.5790277533659762,-0.6493327261352556,-0.5805981622450411,2.485702597765959,24.0,5.0,11.0,2018.0,1.0,22.0
-0.5785938161414533,-0.5912168181291488,-0.571098036631004,-0.5329326736942128,-0.5732869814030496,2.380540545446549,25.0,6.0,11.0,2018.0,22.0,10.0
-0.5703550128115721,-0.5874953235950143,-0.5852648643618377,-0.5518472618796477,-0.5862960518623966,1.7927440885103756,26.0,0.0,11.0,2018.0,6.0,16.0
-0.5856387322660365,-0.5864147877202546,-0.5827124541845488,-0.5777822787360773,-0.5839288373578477,0.19371655473639718,27.0,1.0,11.0,2018.0,22.0,10.0
-0.5821711831990555,-0.576206284365152,-0.5559118404691828,-0.5082743942521467,-0.5592614537199602,2.622209739591984,28.0,2.0,11.0,2018.0,20.0,0.0
-0.5547759262434293,-0.5557655591831734,-0.5545968824884712,-0.5504128160895948,-0.55803367311615,0.42623285451095355,29.0,3.0,11.0,2018.0,11.0,4.0
-0.5535437209952238,-0.56859687850897,-0.5706501247235359,-0.5751085759829898,-0.57278292968563,1.1003176084210504,30.0,4.0,11.0,2018.0,5.0,12.0
-0.5697786682399846,-0.5668968170414082,-0.5585353221813659,-0.6115939034461223,-0.5616179100256982,0.9907098534240925,1.0,5.0,12.0,2018.0,20.0,6.0
-0.5589644221316462,-0.5579649879771906,-0.5631254791671728,-0.617701860685903,-0.5658214131149719,-0.020357159189021652,2.0,6.0,12.0,2018.0,2.0,10.0
-0.5622411340774335,-0.5750697131031218,-0.5782071705611881,-0.6270917329333776,-0.5796787077221983,0.7752615406390606,3.0,0.0,12.0,2018.0,0.0,16.0
-0.5782554738879399,-0.575556322851756,-0.5743553594254548,-0.630427399486007,-0.5761125717578418,0.42344344539390993,4.0,1.0,12.0,2018.0,15.0,6.0
-0.5738014127219363,-0.580535709839504,-0.586807429216791,-0.6155441159665195,-0.5875508754982753,0.21493936059698723,5.0,2.0,12.0,2018.0,0.0,23.0
-0.5863673060975642,-0.5952606573262623,-0.6011002574394787,-0.5843116945347309,-0.6006850221551531,1.2460806963418336,6.0,3.0,12.0,2018.0,9.0,23.0
-0.6011825541889286,-0.6104901416571137,-0.6073088017851498,-0.5323916359628054,-0.6063828331671275,0.5181011026737202,7.0,4.0,12.0,2018.0,0.0,17.0
-0.6067458480099879,-0.6060376288012325,-0.6038611446824256,-0.6154061955916094,-0.6031917551733164,-0.019007394243708477,8.0,5.0,12.0,2018.0,23.0,21.0
-0.6035974940200319,-0.5985488858171492,-0.5953846415281704,-0.6348041243334518,-0.5953704278454378,0.4170948907182723,9.0,6.0,12.0,2018.0,17.0,0.0
-0.5950808465768617,-0.5984824943812153,-0.6022322859091439,-0.6308125087926625,-0.6016567162193969,0.07535422072423822,10.0,0.0,12.0,2018.0,1.0,20.0
-0.6021050053594674,-0.60340745972377,-0.6070233740462141,-0.6483963152885092,-0.6060501249943104,-0.29958093294488375,11.0,1.0,12.0,2018.0,6.0,16.0
-0.6067735804391856,-0.6020650851706697,-0.6031961660628936,-0.6786280014833092,-0.6025093523691635,-0.2810857621288081,12.0,2.0,12.0,2018.0,16.0,0.0
-0.6026985977434309,-0.6093581896303093,-0.6138300559089042,-0.667563253369909,-0.6122838510351498,0.22764133258546346,13.0,3.0,12.0,2018.0,0.0,21.0
-0.6135041630929915,-0.6151490570860796,-0.6181991938881028,-0.6659691644284785,-0.6162881659200139,-0.23308648816148236,14.0,4.0,12.0,2018.0,1.0,21.0
-0.6176609503191828,-0.6161125441467752,-0.6185504260134459,-0.7104976923513658,-0.6165921063894461,-0.523853914865643,15.0,5.0,12.0,2018.0,4.0,15.0
-0.6181347485106684,-0.6134244042330119,-0.6175637448230185,-0.700057872723878,-0.6156683427758091,-0.6194062839410003,16.0,6.0,12.0,2018.0,12.0,1.0
-0.6171010962182977,-0.6122039360060134,-0.5995805308947383,-0.6097534368354385,-0.5990792809649332,1.549790375662133,17.0,0.0,12.0,2018.0,20.0,2.0
-0.5992088269649427,-0.5974060819584383,-0.5903629874621416,-0.5825222899109757,-0.5905676624735374,0.36972377921004324,18.0,1.0,12.0,2018.0,23.0,9.0
-0.5892661094617027,-0.5847569951697029,-0.5873010994580191,-0.5337435636445647,-0.5877239962497355,0.6360481252489886,19.0,2.0,12.0,2018.0,13.0,0.0
-0.5870961100493169,-0.5821176416055893,-0.56345914349759,-0.4189543394356327,-0.5657313669071495,2.0039231381013445,20.0,3.0,12.0,2018.0,17.0,0.0
-0.5630767434571051,-0.574405844241993,-0.5780590945535612,-0.5123022618005011,-0.5791641811265639,0.9819195088731552,21.0,4.0,12.0,2018.0,1.0,20.0
-0.5775322211656729,-0.5741028158686765,-0.570839511425443,-0.5990917945813904,-0.572481639055892,-0.1423963673872436,22.0,5.0,12.0,2018.0,23.0,5.0
-0.5699915291561262,-0.566473511884296,-0.571772480375474,-0.5695081367756941,-0.5733130917792169,-0.490967068394172,23.0,6.0,12.0,2018.0,10.0,22.0
-0.5712592147554292,-0.5649607585451094,-0.5668862103454638,-0.5104065294028508,-0.5687831476645898,0.5623454044313939,24.0,0.0,12.0,2018.0,6.0,0.0
-0.5663082829859698,-0.580154736181966,-0.5830333858778604,-0.5691321770092115,-0.5836463901476296,0.8961600304487438,25.0,1.0,12.0,2018.0,0.0,18.0
-0.5823431685615178,-0.5795323738322194,-0.5804676637657763,-0.6142388312285844,-0.5812561257194694,-0.35773027528859486,26.0,2.0,12.0,2018.0,2.0,14.0
-0.580194546905087,-0.5873986862793934,-0.5928930334705537,-0.6248869271223958,-0.5926888043574359,0.34326631307332944,27.0,3.0,12.0,2018.0,1.0,23.0
-0.5925602148931239,-0.5875767524213082,-0.5763790773579056,-0.5976962177640278,-0.5774311821531621,1.0274165517373761,28.0,4.0,12.0,2018.0,19.0,7.0
-0.5754212535938851,-0.5763366136713536,-0.5827315599971626,-0.6324023464002646,-0.5832693812518396,-0.2510038229932148,29.0,5.0,12.0,2018.0,23.0,23.0
-0.5821764081519292,-0.5778028016015352,-0.579936496277749,-0.6443929035222091,-0.5806634362917247,-0.4857393498064561,30.0,6.0,12.0,2018.0,12.0,1.0
-0.5794491081462086,-0.5823140944310992,-0.587500580797956,-0.6502905066483715,-0.5876189940402946,-0.2381544920963206,31.0,0.0,12.0,2018.0,0.0,22.0
-0.5868189144640245,-0.5834923900832848,-0.5813132027178066,-0.6686030548995183,-0.5818860969626879,-0.20189780961349457,1.0,1.0,1.0,2019.0,23.0,18.0
-0.5805302687626914,-0.5765262408573305,-0.5751829155443396,-0.6186695050385211,-0.5762048227446497,-0.3165521935289228,2.0,2.0,1.0,2019.0,23.0,7.0
-0.5755097933138347,-0.575969004586692,-0.5817292135779871,-0.6574294748821564,-0.5822225610925053,-0.4739061280975712,3.0,3.0,1.0,2019.0,0.0,18.0
-0.5815840576861243,-0.5786478487299898,-0.5804418819571083,-0.6401956758012696,-0.5810111448951294,-0.640320119230218,4.0,4.0,1.0,2019.0,21.0,15.0
-0.580361090403285,-0.5752939222346957,-0.5812104378050931,-0.6244862540926951,-0.581694895756775,-0.737837974358652,5.0,5.0,1.0,2019.0,6.0,22.0
-0.581309255639153,-0.5759506568668792,-0.5670068965836995,-0.5995688514180724,-0.5685584973509163,0.6058163905214666,6.0,6.0,1.0,2019.0,20.0,8.0
-0.5664583113191417,-0.5636606906120709,-0.5701603964426286,-0.6195498354785431,-0.5714474045450881,-0.7396418150807448,7.0,0.0,1.0,2019.0,0.0,11.0
-0.5695327845546674,-0.5651742434637139,-0.5698167378086338,-0.6153211082559119,-0.5711021000484808,-0.4746085214570125,8.0,1.0,1.0,2019.0,15.0,6.0
-0.5693438274236062,-0.5635488524277773,-0.5695437379408048,-0.6256634449921442,-0.5708231346334933,-0.9012070676640151,9.0,2.0,1.0,2019.0,5.0,1.0
-0.5691683990266426,-0.5865308369678213,-0.5914145415755767,-0.5303019765517162,-0.5910012625455573,1.4040078943951804,10.0,3.0,1.0,2019.0,6.0,19.0
-0.5912789946313923,-0.5869168161480502,-0.5908965231780842,-0.6027316551406129,-0.5905004648326683,-0.7663800636922187,11.0,4.0,1.0,2019.0,21.0,4.0
-0.5904840310115613,-0.5868699622226893,-0.5924961210327195,-0.6439811200404119,-0.5919576196983523,-0.8777735991221038,12.0,5.0,1.0,2019.0,0.0,9.0
-0.5922082949616589,-0.5937542610590867,-0.5991455160605937,-0.6492349659164577,-0.5980815833397273,-0.27608118496281125,13.0,6.0,1.0,2019.0,16.0,21.0
-0.5984389005813056,-0.5932890474742408,-0.589749703706853,-0.5966206917000146,-0.5893769454293997,0.08298369180530611,14.0,0.0,1.0,2019.0,18.0,0.0
-0.5894261456985473,-0.5890109109920186,-0.5943756477092632,-0.6028141257986408,-0.5936326621458502,-0.4944723809313737,15.0,1.0,1.0,2019.0,1.0,21.0
-0.5938867461228174,-0.5887122138446457,-0.5928823950175702,-0.6105556430324021,-0.5922327002161741,-0.7592831907959768,16.0,2.0,1.0,2019.0,12.0,0.0
-0.5926375747814989,-0.5888837083671651,-0.5914366783129849,-0.6067610515066314,-0.5908776095805173,-0.7824812394445789,17.0,3.0,1.0,2019.0,23.0,10.0
-0.5910351156925128,-0.5879277361457992,-0.5927085592996609,-0.6317891539704936,-0.59203271917649,-0.8750860959929749,18.0,4.0,1.0,2019.0,0.0,19.0
-0.5926064791616141,-0.5869605667655272,-0.5883678706598188,-0.5801160191404544,-0.5879998457043472,-0.4423308346907688,19.0,5.0,1.0,2019.0,11.0,0.0
-0.5881236787495532,-0.5913458320918856,-0.5961960048715165,-0.6003573414525202,-0.5952147646361773,-0.08023637232247204,20.0,6.0,1.0,2019.0,1.0,19.0
-0.59579703512191,-0.5928937574371411,-0.5977291173304425,-0.6317140177773206,-0.5966106481693974,-0.8331981884636127,21.0,0.0,1.0,2019.0,0.0,22.0
-0.5973486896445799,-0.5940834106531194,-0.5959773125399049,-0.6149398090032584,-0.5949714639581862,-0.6080972912105858,22.0,1.0,1.0,2019.0,19.0,11.0
-0.5954789750414259,-0.5924652807082476,-0.5971712185788933,-0.6084242126846826,-0.5960542990371808,-0.7802080195133161,23.0,2.0,1.0,2019.0,14.0,21.0
-0.5967708223772261,-0.5922263606655814,-0.5962050932855062,-0.6176925779631434,-0.5951371550967934,-0.8555037425592135,24.0,3.0,1.0,2019.0,20.0,4.0
-0.5953664967418846,-0.591815106661222,-0.5962725773977701,-0.6175310336857565,-0.595179589256672,-0.9270371353134256,25.0,4.0,1.0,2019.0,1.0,12.0
-0.5958373656838717,-0.5906929360675068,-0.5961072107554178,-0.6266246313834644,-0.5950046858146307,-0.7519547141355548,26.0,5.0,1.0,2019.0,8.0,2.0
-0.5955323351981531,-0.5923431450923068,-0.5972422431626963,-0.6009938982783968,-0.596035116804754,-0.8686766235390416,27.0,6.0,1.0,2019.0,4.0,14.0
-0.5967841368717616,-0.6004369056054747,-0.6042087592772539,-0.5284152532818689,-0.6024608685203331,-0.12918008896149832,28.0,0.0,1.0,2019.0,0.0,15.0
-0.6038648281246166,-0.6028656317878534,-0.6055793845261124,-0.5832906092011126,-0.6037088907592193,-0.6332745726830049,29.0,1.0,1.0,2019.0,0.0,8.0
-0.6053969482169798,-0.6010593714824446,-0.6032433229419105,-0.5801474089381854,-0.6015275440302092,-0.7003280947462734,30.0,2.0,1.0,2019.0,18.0,0.0
-0.6028501384740185,-0.5998879247054231,-0.60498557785755,-0.5868681436170946,-0.6031183539528387,-0.7723329566604691,31.0,3.0,1.0,2019.0,1.0,18.0
-0.6043754530307768,-0.600920049780292,-0.6031350872549619,-0.6090115412537419,-0.6013832272849928,-0.6684657107833876,1.0,4.0,2.0,2019.0,23.0,7.0
-0.6028982012955459,-0.5986449691055458,-0.6011027697487699,-0.6280651444694376,-0.5994809347137539,-0.7809809171046509,2.0,5.0,2.0,2019.0,23.0,6.0
-0.6009648103133819,-0.5998873873661237,-0.6046038161797834,-0.6295667491331649,-0.6027032821331016,-0.653949451598475,3.0,6.0,2.0,2019.0,0.0,22.0
-0.6039665778248906,-0.6002248505279375,-0.6049020277507042,-0.6139041368438004,-0.60295880688841,-0.9437894799551946,4.0,0.0,2.0,2019.0,8.0,12.0
-0.6047187913359799,-0.5996336835018,-0.6044599561498811,-0.6196081994196241,-0.6025290183559755,-0.9985585757793914,5.0,1.0,2.0,2019.0,10.0,2.0
-0.6038512361255403,-0.6030081654148228,-0.6076874276272518,-0.6057969545304109,-0.6054955087404282,-0.6685408051730931,6.0,2.0,2.0,2019.0,0.0,18.0
-0.607174129882458,-0.603282995480309,-0.6085647886896487,-0.6316806282540892,-0.6062841115510634,-0.939259414707183,7.0,3.0,2.0,2019.0,11.0,22.0
-0.6080056241795633,-0.6034849940477631,-0.5921598484570016,-0.48357798076519487,-0.5910618083862512,1.1240453705331086,8.0,4.0,2.0,2019.0,17.0,1.0
-0.5914280448967049,-0.587328448482857,-0.5918883837801232,-0.5690982056402931,-0.5907877970962113,-0.959570810455976,9.0,5.0,2.0,2019.0,8.0,3.0
-0.5913289277183319,-0.5876812115116736,-0.5907232881087541,-0.5624041065903371,-0.5896870693363305,-0.8139169228109082,10.0,6.0,2.0,2019.0,23.0,15.0
-0.5899539633792517,-0.5875985256706197,-0.5932859850139581,-0.5626861641005919,-0.5920411592809643,-0.8213489096918224,11.0,0.0,2.0,2019.0,0.0,17.0
-0.593197040785605,-0.5890989345936738,-0.5929731157891002,-0.5516582715639626,-0.5917317784350038,-0.8393541273825386,12.0,1.0,2.0,2019.0,21.0,10.0
-0.5925312534877255,-0.5891817923436228,-0.5942900122912808,-0.5539080580299769,-0.5929300496618584,-0.8229016447319912,13.0,2.0,2.0,2019.0,6.0,12.0
-0.5939075856902486,-0.5897855158952745,-0.5952222116782897,-0.563012237393544,-0.5937732384808599,-0.9200308217035814,14.0,3.0,2.0,2019.0,8.0,14.0
-0.5947543391897885,-0.5897533569726602,-0.5949810379056312,-0.5727256484464078,-0.5935311416071201,-0.9116088583523344,15.0,4.0,2.0,2019.0,14.0,15.0
-0.5948830593486661,-0.5893067375235488,-0.5944301285816871,-0.5812521379890083,-0.5929982595149005,-0.9258972597259372,16.0,5.0,2.0,2019.0,13.0,0.0
-0.5937732711047636,-0.5890594052701026,-0.5917268198711436,-0.521332884994191,-0.5904678035636947,-0.7577125059930625,17.0,6.0,2.0,2019.0,10.0,13.0
-0.5914412947035358,-0.585847501720544,-0.5768825705475532,-0.36574316947201035,-0.5766767424465116,0.6861063907626107,18.0,0.0,2.0,2019.0,18.0,0.0
-0.5766992091268812,-0.5707888753362196,-0.5749567599917592,-0.3643650082077538,-0.5748655733312193,-0.5149266203303321,19.0,1.0,2.0,2019.0,14.0,1.0
-0.5745504904011627,-0.569644863057779,-0.5717209186839527,-0.4316325117782708,-0.5718430497789578,-0.707887652726891,20.0,2.0,2.0,2019.0,13.0,0.0
-0.5712638157881256,-0.5687684680149554,-0.5745257017481126,-0.4814353506322681,-0.5744254663406031,-0.742495731075766,21.0,3.0,2.0,2019.0,6.0,18.0
-0.5741994784681577,-0.568091426595779,-0.5713707312455503,-0.4786477267209033,-0.5714725460131379,-0.8299239280821468,22.0,4.0,2.0,2019.0,13.0,0.0
-0.5713460574383374,-0.5669590281028053,-0.5629629162372398,-0.4192185255470841,-0.5636465833565003,0.08437849502121476,23.0,5.0,2.0,2019.0,20.0,9.0
-0.562355608878474,-0.578024732955898,-0.5833441170544548,-0.31768866005163954,-0.5825386654894964,1.409606331144132,24.0,6.0,2.0,2019.0,3.0,16.0
-0.5831201305384068,-0.5771842391550387,-0.5789089215565305,-0.3977115339250962,-0.5784000012035131,-0.46916683876789833,25.0,0.0,2.0,2019.0,19.0,0.0
-0.5787215903980997,-0.5752252388538222,-0.580648068285263,-0.47296945919919037,-0.5799893503797385,-0.8372034093171645,26.0,1.0,2.0,2019.0,3.0,6.0
-0.5800233039275788,-0.5784452016734613,-0.5808512335054914,-0.4528968751817425,-0.5801559281884182,-0.5119709627854303,27.0,2.0,2.0,2019.0,13.0,21.0
-0.5805888209563435,-0.5747298651297158,-0.5806218417134449,-0.44755680898378053,-0.5799196723444208,-0.7896584824046531,28.0,3.0,2.0,2019.0,16.0,22.0
-0.5802516915946828,-0.5743586660332108,-0.5803273559237063,-0.48761185952414116,-0.5796205864479748,-0.8180163807908175,1.0,4.0,3.0,2019.0,22.0,0.0
-0.5801559174145973,-0.5755956474229469,-0.5800308519937486,-0.492084340082813,-0.5793244268269725,-0.9096826911415973,2.0,5.0,3.0,2019.0,11.0,8.0
-0.5797296552489652,-0.5752935676823601,-0.5810888476386793,-0.509723705327507,-0.5802843103779962,-0.9363565337904333,3.0,6.0,3.0,2019.0,2.0,23.0
-0.5807833317936237,-0.5818157348835176,-0.5863433317104815,-0.4134196497200403,-0.5851435176413564,-0.29499774880318097,4.0,0.0,3.0,2019.0,1.0,10.0
-0.5860140495964894,-0.5810928367231142,-0.5780694474311845,-0.3513210387359103,-0.5774350186156137,-0.10169301187190598,5.0,1.0,3.0,2019.0,16.0,2.0
-0.5775937323787016,-0.5731087949398764,-0.5776050204663483,-0.40549478001630535,-0.5769833307669958,-0.8757235803841666,6.0,2.0,3.0,2019.0,10.0,4.0
-0.5772069928495959,-0.5716765719870105,-0.57714218019481,-0.3833187086060514,-0.5765306529302532,-0.8947462462528729,7.0,3.0,3.0,2019.0,4.0,10.0
-0.5766032309565039,-0.5728705693416207,-0.5777775312145716,-0.326127303569598,-0.5770978711236708,-0.6973398994176423,8.0,4.0,3.0,2019.0,20.0,22.0
-0.5777488601943187,-0.5717854784321582,-0.573961366918474,-0.317586907930537,-0.573529506745625,-0.5643320466280769,9.0,5.0,3.0,2019.0,16.0,0.0
-0.5733548088226595,-0.5697628346488478,-0.5746802588443761,-0.37631660725115,-0.574175783220405,-0.9221396990668957,10.0,6.0,3.0,2019.0,0.0,7.0
-0.5741176487078046,-0.5719847253735942,-0.5775261751971141,-0.35393658837501296,-0.5767982756679464,-0.6897209133777722,11.0,0.0,3.0,2019.0,3.0,16.0
-0.5771840786595828,-0.5736083764319059,-0.5772850562506434,-0.3710762633277666,-0.576551482906928,-0.774902977276674,12.0,1.0,3.0,2019.0,13.0,4.0
-0.5766141816427182,-0.57181622381026,-0.5774347420343409,-0.3895549079621282,-0.5766692471450798,-0.965421374179526,13.0,2.0,3.0,2019.0,22.0,11.0
-0.5770724995963753,-0.5712223599423479,-0.5763514283694436,-0.3346885695909712,-0.5756376123844356,-0.8952664223254848,14.0,3.0,3.0,2019.0,14.0,14.0
-0.5757788417048608,-0.5704182187180401,-0.5741088135695045,-0.39362128063307744,-0.57352790502486,-0.8354079690465926,15.0,4.0,3.0,2019.0,19.0,7.0
-0.5734943275906937,-0.5674059850135763,-0.5687195571134275,-0.3685661838074214,-0.5684898125628055,-0.44122848006563764,16.0,5.0,3.0,2019.0,5.0,0.0
-0.5683519344350715,-0.5645763832847662,-0.5701615813537925,-0.4572187064193128,-0.5698070388274752,-0.8897760435474547,17.0,6.0,3.0,2019.0,0.0,5.0
-0.569440980001686,-0.5644052882349055,-0.5697149000259304,-0.3799132438212773,-0.5693650982833659,-0.79378281046806,18.0,0.0,3.0,2019.0,2.0,7.0
-0.5692738879969813,-0.5634761589576132,-0.5673409060313944,-0.39629465426235094,-0.5671281142685135,-0.8199725340730935,19.0,1.0,3.0,2019.0,23.0,5.0
-0.5669362979338196,-0.5630147217546037,-0.5663414156824937,-0.351223956048682,-0.5661719249817404,-0.8238158157141597,20.0,2.0,3.0,2019.0,22.0,2.0
-0.5661289286400142,-0.564656040318008,-0.5699100884083356,-0.3156826956512504,-0.5694687124813943,-0.6103140544757579,21.0,3.0,3.0,2019.0,12.0,15.0
-0.5695301776725062,-0.5636196894709212,-0.5702389587165296,-0.4012835836555854,-0.5697482916107263,-0.986976328979273,22.0,4.0,3.0,2019.0,13.0,7.0
-0.5698860895351703,-0.5639723486171832,-0.5695112125650279,-0.38360697625169926,-0.5690476475388467,-0.9766749450315856,23.0,5.0,3.0,2019.0,9.0,13.0
-0.569122257110118,-0.5645901856213568,-0.5703494187028307,-0.4071457774116559,-0.5698034591807711,-0.9735685956573158,24.0,6.0,3.0,2019.0,0.0,20.0
-0.5698002368786258,-0.569152682590952,-0.5739762854319227,-0.34124964868902496,-0.5731552465351424,-0.5205259636001306,25.0,0.0,3.0,2019.0,6.0,20.0
-0.573167405175053,-0.5684747832313491,-0.5726255057355762,-0.32238279268503744,-0.5718761495848025,-0.931911646779273,26.0,1.0,3.0,2019.0,23.0,13.0
-0.5722461633551972,-0.5663846959191714,-0.5663665819092341,-0.31210743645347605,-0.5660246280919544,-0.48487651012620864,27.0,2.0,3.0,2019.0,23.0,0.0
-0.5659061822672592,-0.5624358415676534,-0.5674687444230501,-0.39580674191373594,-0.5670265874955014,-0.8488799981703666,28.0,3.0,3.0,2019.0,16.0,23.0
-0.5670893146758709,-0.562825901689725,-0.5656725822159893,-0.3109395187983401,-0.56532959158776,-0.6895759618981905,29.0,4.0,3.0,2019.0,12.0,6.0
-0.565626939499158,-0.5615732331427532,-0.5651640920258318,-0.37526330138733455,-0.5648329024963774,0.34215359334582757,30.0,5.0,3.0,2019.0,5.0,4.0
-0.564809745600176,-0.5590320961047125,-0.5652411607273677,-0.4125547520572079,-0.5648841981395555,-1.0756644403858444,31.0,6.0,3.0,2019.0,10.0,7.0
-0.5648154976002622,-0.5588550370987366,-0.5620020868973223,-0.35220684956369036,-0.5618671478121999,-0.7657467108151199,1.0,0.0,4.0,2019.0,14.0,0.0
-0.5616524190736303,-0.5551616514408599,-0.5177111264449239,0.2529283743480097,-0.5206121274751262,3.4813771464587258,2.0,1.0,4.0,2019.0,23.0,0.0
-0.5172934055944776,-0.5095562955360025,-0.5119948085852218,0.338885440287499,-0.5151966929780342,1.0889479624444942,3.0,2.0,4.0,2019.0,21.0,0.0
-0.5116890310926163,-0.5120744365716207,-0.515077034273419,0.08678776164126696,-0.5180404089658055,-0.015812035993513475,4.0,3.0,4.0,2019.0,1.0,20.0
-0.5146646460662345,-0.506845767659293,-0.508087989478894,0.010070440780126136,-0.5114956380016684,-0.4900035800002904,5.0,4.0,4.0,2019.0,18.0,3.0
-0.5076714544716804,-0.5022473024058252,-0.5066681100326915,0.01508571952242308,-0.5101440662563399,-0.09678118775128275,6.0,5.0,4.0,2019.0,16.0,8.0
-0.5060762875623072,-0.498568150430793,-0.4981326759749136,0.00020424105092928545,-0.5021585375537674,-0.24987133040285636,7.0,6.0,4.0,2019.0,22.0,0.0
-0.497668670273039,-0.49238465825637523,-0.4925556658592713,0.02725206386753796,-0.49692848528110645,-0.34525087363762214,8.0,0.0,4.0,2019.0,2.0,12.0
-0.4921420275259688,-0.4911702570239766,-0.4977606839272581,-0.10465266131581,-0.5017526903564532,-0.5953255218631824,9.0,1.0,4.0,2019.0,0.0,10.0
-0.49740670647004,-0.4895286865357512,-0.490421139767591,-0.062212989160181795,-0.4948779282306576,-0.0590922951048038,10.0,2.0,4.0,2019.0,20.0,0.0
-0.48998471298354107,-0.5006619426532708,-0.5063814788228449,-0.00520861148275743,-0.5097274004845777,0.4435432340827065,11.0,3.0,4.0,2019.0,0.0,11.0
-0.5061740117080581,-0.5045468016878218,-0.5048440650489162,-0.1614332011652072,-0.5082627698907289,-0.44069888676423474,12.0,4.0,4.0,2019.0,17.0,1.0
-0.5044777172608866,-0.4978614668138555,-0.5044115453206094,-0.31611241831283154,-0.507831483194093,-0.861532240008096,13.0,5.0,4.0,2019.0,7.0,11.0
-0.5040538651983008,-0.4983685905272204,-0.5000458865010994,-0.33950681993265097,-0.5037340224762615,-0.5320800358568328,14.0,6.0,4.0,2019.0,23.0,6.0
-0.49966339412626903,-0.5002337138273795,-0.5062206383272985,-0.2365541337779184,-0.5094643979042394,-0.3303177691504435,15.0,0.0,4.0,2019.0,5.0,20.0
-0.5058441458745578,-0.4982657610284776,-0.4958826746195944,-0.2729739560335806,-0.4997890461728915,-0.25581052228657636,16.0,1.0,4.0,2019.0,22.0,0.0
-0.4954416435063658,-0.4878959904715942,-0.49487749697487127,-0.22850940722482024,-0.4988222682186674,-0.9226605485574697,17.0,2.0,4.0,2019.0,0.0,9.0
-0.49450018723989186,-0.48591694319251383,-0.4920269776691998,-0.18414309440015383,-0.4961302986963529,-0.8523971892235982,18.0,3.0,4.0,2019.0,21.0,0.0
-0.4916367084533257,-0.48700262908840225,-0.49169392359372793,-0.1557365689809333,-0.4957866033524159,-0.6898826858254378,19.0,4.0,4.0,2019.0,16.0,3.0
-0.49126823469967507,-0.48304830361071566,-0.4896028057902096,-0.1888531596512697,-0.4938064477097568,-0.8893262577995953,20.0,5.0,4.0,2019.0,8.0,21.0
-0.4893222828455616,-0.4854849265667653,-0.4910361003471261,-0.1583613345901473,-0.4951095202825738,-0.6971392459159654,21.0,6.0,4.0,2019.0,3.0,19.0
-0.49075693059501024,-0.48403469461710874,-0.48582977539050853,-0.11118673185989131,-0.4902200424765347,-0.5008086108364896,22.0,0.0,4.0,2019.0,19.0,4.0
-0.48542731854551974,-0.4771346821468691,-0.4752128383583157,-0.04254032187961726,-0.4802825498581576,-0.022834526165592877,23.0,1.0,4.0,2019.0,19.0,0.0
-0.47486623454909527,-0.4753103253111478,-0.4818099145948218,0.021498597204724676,-0.48640544178319717,-0.15485908101873938,24.0,2.0,4.0,2019.0,6.0,18.0
-0.4813070842350526,-0.49029015077162613,-0.49741963552206725,-0.07166689481241163,-0.5009508518988566,0.5147033780897142,25.0,3.0,4.0,2019.0,19.0,22.0
-0.497026355150383,-0.4905411906983577,-0.49319532285882767,0.008702729174998754,-0.49697415683408896,-0.16980766334380076,26.0,4.0,4.0,2019.0,2.0,0.0
-0.4927829498325715,-0.48698362862565586,-0.4938739085071208,-0.19201912387544934,-0.4975779998716694,-0.8167621420776259,27.0,5.0,4.0,2019.0,21.0,4.0
-0.49325686955698916,-0.485589615654471,-0.4928399372238358,-0.20781739993508969,-0.4965882412190952,-0.8484638316692493,28.0,6.0,4.0,2019.0,12.0,21.0
-0.4924524295881435,-0.48806781643790276,-0.49515892189639293,-0.1581635623511398,-0.49870906786468167,-0.7305486981399643,29.0,0.0,4.0,2019.0,7.0,22.0
-0.4947305479749308,-0.4875808555176384,-0.4888147705123629,-0.15038197789896382,-0.49275173564137503,-0.5087379610629676,30.0,1.0,4.0,2019.0,22.0,5.0
-0.48839983997272307,-0.47977518442557315,-0.4856253075984692,-0.16119879326338055,-0.4897434655083125,-0.8545125111090802,1.0,2.0,5.0,2019.0,18.0,0.0
-0.4852397592079051,-0.47683065077007847,-0.47932949048915585,-0.1088638041875237,-0.4838098608858951,-0.5812282345299348,2.0,3.0,5.0,2019.0,16.0,4.0
-0.47891267761538364,-0.470761924661037,-0.46318862693702173,0.11222324365531612,-0.4687045597376356,0.5721104492554391,3.0,4.0,5.0,2019.0,10.0,0.0
-0.4627375211461754,-0.46094495219982273,-0.45932975191007763,0.049688100554469775,-0.46505232995369733,-0.11130592711907382,4.0,5.0,5.0,2019.0,2.0,16.0
-0.45894199495991506,-0.4569891538404608,-0.4615059005209024,-0.09994888941364476,-0.4670559366376591,-0.6361964933323374,5.0,6.0,5.0,2019.0,0.0,18.0
-0.4613576959254006,-0.4604253409426321,-0.4645070185053321,-0.04959851593350162,-0.469826297845282,-0.5275770305949601,6.0,0.0,5.0,2019.0,19.0,8.0
-0.46418561455333185,-0.4548798778373254,-0.4594319928692588,0.07456269136747197,-0.4650512032555935,-0.08270253653253744,7.0,1.0,5.0,2019.0,14.0,0.0
-0.4578123488606803,-0.45150867305999703,-0.45004497778413677,-0.0721918057367269,-0.45623750684022557,-0.33053603477631643,8.0,2.0,5.0,2019.0,23.0,0.0
-0.44966281590419666,-0.4396473973518362,-0.4382574108428302,0.0072132404016750735,-0.4451766276405609,-0.3261063221949036,9.0,3.0,5.0,2019.0,23.0,0.0
-0.4377910329837958,-0.4283170839213788,-0.4257181183516683,0.15014003230103443,-0.43341751702248194,-0.049837842205218454,10.0,4.0,5.0,2019.0,18.0,1.0
-0.42528502355784364,-0.41477532407799106,-0.37503060777187813,0.6625536016801393,-0.38597095228305406,2.690995577261999,11.0,5.0,5.0,2019.0,23.0,0.0
-0.374741715689143,-0.386951220902252,-0.3892931845922536,0.6032059951874318,-0.3992679375358017,1.278753634435117,12.0,6.0,5.0,2019.0,8.0,15.0
-0.38899531268857734,-0.3817343316980291,-0.33758563703596295,0.6522545423607207,-0.3508425645360426,3.07387747530395,13.0,0.0,5.0,2019.0,22.0,0.0
-0.3376626878803843,-0.3312729512335978,-0.32656952207820716,0.8341532876228148,-0.340486885626225,0.7032506371910735,14.0,1.0,5.0,2019.0,8.0,21.0
-0.3265281218023485,-0.3184559975556764,-0.3136355508996617,0.634163310859035,-0.32833525423219667,-0.1664591315251736,15.0,2.0,5.0,2019.0,19.0,8.0
-0.3139434464686721,-0.3291727447042175,-0.3332900423397825,0.8957526328605676,-0.3466803338292438,0.67340193782095,16.0,3.0,5.0,2019.0,1.0,21.0
-0.33281342338022,-0.3728926453528345,-0.3664924600657355,0.727588163594904,-0.37771016914608546,1.7306967158797035,17.0,4.0,5.0,2019.0,0.0,18.0
-0.36626567497809465,-0.3594014391308425,-0.37095336683215513,0.2550565635936679,-0.38184016921906805,-0.504473269855808,18.0,5.0,5.0,2019.0,5.0,9.0
-0.3707873172618905,-0.3583608301175909,-0.3140944694442072,0.5017334850007481,-0.32855993209394213,2.3467182543066456,19.0,6.0,5.0,2019.0,23.0,0.0
-0.3137947914401484,-0.33238633034970533,-0.32755802616144253,0.3900586789427409,-0.34111288510000726,0.4547586579010535,20.0,0.0,5.0,2019.0,0.0,13.0
-0.3272278363708659,-0.3219819398160294,-0.32847743961574505,0.45969026251694495,-0.3419243252767989,-0.48469220600022367,21.0,1.0,5.0,2019.0,21.0,12.0
-0.32855775191372466,-0.3363565632584096,-0.3458613986083426,0.43757396610457916,-0.3581506382710428,0.04713633338597924,22.0,2.0,5.0,2019.0,1.0,22.0
-0.3456760646582826,-0.3415911109763262,-0.33347799460128513,0.42334407380231504,-0.3465033713044802,0.19000348967989303,23.0,3.0,5.0,2019.0,22.0,9.0
-0.33313432945160093,-0.32317633952831015,-0.3270018539960121,0.5026395103355358,-0.3403880717869999,-0.15584342359813771,24.0,4.0,5.0,2019.0,16.0,5.0
-0.32637409847288984,-0.314228103618751,-0.32300218040757667,0.30400683576535514,-0.3365953923320855,-0.7026450401729148,25.0,5.0,5.0,2019.0,11.0,6.0
-0.3224893097458927,-0.31683972661555737,-0.2849110532403599,0.5437968331075298,-0.3008533407802154,1.257511960456379,26.0,6.0,5.0,2019.0,22.0,12.0
-0.28452133559625803,-0.26979723294704633,-0.27677560073869306,0.6127791330927019,-0.2931702602553887,-0.48305667961170584,27.0,0.0,5.0,2019.0,16.0,4.0
-0.27662635481370274,-0.27194588807294384,-0.28204223373551196,0.4108593525391432,-0.29804804914874555,-0.6881472234418915,28.0,1.0,5.0,2019.0,0.0,13.0
-0.2817900624449633,-0.28155578886973964,-0.28575356826140846,0.36999511530617496,-0.30146466816017314,-0.38375888804862346,29.0,2.0,5.0,2019.0,14.0,5.0
-0.28527668073729173,-0.2980866329303905,-0.3066205817548856,0.6831075674524301,-0.3209683511715403,1.1580944633129342,30.0,3.0,5.0,2019.0,16.0,21.0
-0.30622640297201054,-0.3011671732140902,-0.2909692307727792,0.4725957185232479,-0.30625683924741165,0.09390082325527066,31.0,4.0,5.0,2019.0,23.0,5.0
-0.2906706938780257,-0.28162854427187023,-0.2916127141371355,0.3165621672211931,-0.30680728541841773,-0.760011496234696,1.0,5.0,6.0,2019.0,22.0,6.0
-0.2911839833349028,-0.2765921395361022,-0.28063092923987193,0.1960429540920669,-0.2964680411354964,-0.44500673229172477,2.0,6.0,6.0,2019.0,12.0,3.0
-0.28036942947606325,-0.2991670139565826,-0.3134006644294666,0.2903227668396808,-0.32715205495953825,0.4026778112074943,3.0,0.0,6.0,2019.0,0.0,23.0
-0.31293208287126134,-0.33961264216898646,-0.34416116908822225,0.43162191682432843,-0.3559481947148615,0.8440064066547571,4.0,1.0,6.0,2019.0,0.0,22.0
-0.34401503095559594,-0.3330257298228235,-0.33701388247574915,0.2771113021501082,-0.34919427052536994,-0.41122161201498453,5.0,2.0,6.0,2019.0,2.0,15.0
-0.3369418813360668,-0.3391711734902343,-0.3371493987541091,0.15310872935083616,-0.34927189128789865,0.016666952827105133,6.0,3.0,6.0,2019.0,11.0,18.0
-0.33649599039359035,-0.3254572562392778,-0.32352950877979986,0.1350376422760741,-0.33644452273966863,-0.07740030917111974,7.0,4.0,6.0,2019.0,18.0,1.0
-0.32362006591666553,-0.3223441514874279,-0.32904205407698495,-0.006992638282423007,-0.34157632892099776,-0.42398681837775687,8.0,5.0,6.0,2019.0,1.0,17.0
-0.32896373758312003,-0.3384283451857781,-0.34536978410306496,-0.00221958544425603,-0.35684907623460427,0.08442684340334514,9.0,6.0,6.0,2019.0,0.0,22.0
-0.34475483006678165,-0.3382063494962209,-0.32620659582204936,0.11051451512613676,-0.3388171265722803,0.3037332682786058,10.0,0.0,6.0,2019.0,12.0,0.0
-0.3256158940118775,-0.3264416542291791,-0.3306630629867182,0.024711947469157527,-0.34295284612855864,-0.3745534875329418,11.0,1.0,6.0,2019.0,0.0,16.0
-0.33045091867823356,-0.32077937694921665,-0.31727545235425136,0.12923481391948535,-0.33034550060669815,-0.10270448659171749,12.0,2.0,6.0,2019.0,17.0,1.0
-0.3169469177725624,-0.30657236125266535,-0.312054864827825,0.10943693735648838,-0.32539608042749846,-0.4812535985834408,13.0,3.0,6.0,2019.0,22.0,3.0
-0.3117104068124046,-0.30048166901707807,-0.2836457856300762,0.17244700716448766,-0.29866873151892964,0.4638601056560902,14.0,4.0,6.0,2019.0,23.0,2.0
-0.28355972199711027,-0.2729780774311618,-0.2747751066359496,0.09325405084903243,-0.29028818594405664,-0.4775997150793673,15.0,5.0,6.0,2019.0,19.0,2.0
-0.27425314608100354,-0.26057559338114983,-0.2651943457177462,0.3632193139093708,-0.28124574427512455,0.3319279722846746,16.0,6.0,6.0,2019.0,8.0,0.0
-0.26520494578345943,-0.24955101356285614,-0.2451958118658386,-0.05904766826793111,-0.2624167124196203,0.03655845705344593,17.0,0.0,6.0,2019.0,23.0,0.0
-0.2439442323474027,-0.24854078288440126,-0.25983822198218975,-0.043576115648042694,-0.27610627579150654,-0.2422120304950806,18.0,1.0,6.0,2019.0,0.0,22.0
-0.25969540213986836,-0.24439983003806973,-0.24806983041357872,-0.05992315937308818,-0.2649877751011546,-0.5411606031831279,19.0,2.0,6.0,2019.0,22.0,0.0
-0.24777289969767555,-0.23415160361280096,-0.23250383611202546,0.06482253817841926,-0.25031135334317267,-0.1842364643224579,20.0,3.0,6.0,2019.0,21.0,9.0
-0.2323116416536795,-0.21565222593265396,-0.19461374787357102,0.21544852869577868,-0.21466286542312377,0.48924899369567904,21.0,4.0,6.0,2019.0,23.0,23.0
-0.19238149215903455,-0.17885706492122283,-0.1604219890917107,0.72371347465335,-0.18247777367042187,1.4779601824081297,22.0,5.0,6.0,2019.0,12.0,0.0
-0.16043200470950844,-0.15046465845886667,-0.15099052954177022,0.2357503814925892,-0.17353693636308845,0.47561303296503227,23.0,6.0,6.0,2019.0,21.0,10.0
-0.1507966779260089,-0.14702944271165938,-0.14143317214196874,0.14210087115859588,-0.16447732070918805,-0.10827415236812954,24.0,0.0,6.0,2019.0,18.0,1.0
-0.1413818874042763,-0.12194292824685724,-0.09357538407582235,0.4462633388771674,-0.11943104546146599,0.6488580744830428,25.0,1.0,6.0,2019.0,23.0,0.0
-0.09405713975711201,-0.0746247068379239,-0.018376850402973502,1.543262193745619,-0.048662025614243806,3.2922218072690543,26.0,2.0,6.0,2019.0,19.0,0.0
-0.018071450279988868,-0.15452653934514549,-0.1308955760602578,1.2651212083595869,-0.15436758487102792,4.4138806111653635,27.0,3.0,6.0,2019.0,0.0,20.0
-0.1318746094776154,-0.12780445361391454,-0.05574549452775138,0.9999179278700054,-0.0836363763691925,2.3562876668093846,28.0,4.0,6.0,2019.0,23.0,5.0
-0.05588572154231287,-0.09025544846113373,-0.08323720576989069,0.7198494330526157,-0.109400800156832,0.6688969923246524,29.0,5.0,6.0,2019.0,0.0,4.0
-0.08464533333988426,-0.13510621321016927,-0.15333583900453396,0.575173083698372,-0.17524994093199645,1.798771142194248,30.0,6.0,6.0,2019.0,3.0,23.0
-0.15428221629030373,-0.17997748579668366,-0.16769789196723575,0.6902701388278784,-0.18869519566199258,1.4844790997415451,1.0,0.0,7.0,2019.0,3.0,19.0
-0.1670583384706093,-0.2021970609101576,-0.15428571573942415,0.779072589948771,-0.17601403848122377,1.6770211553215548,2.0,1.0,7.0,2019.0,13.0,13.0
-0.1529800323619037,-0.1338956056450199,-0.083120701667084,0.7671729563445656,-0.1089876022218534,1.5577321416196201,3.0,2.0,7.0,2019.0,23.0,0.0
-0.08214664572200603,-0.11186677084144908,-0.12889297045149348,0.5027028071338531,-0.1519718793913246,0.6208407132028325,4.0,3.0,7.0,2019.0,0.0,23.0
-0.129363233869476,-0.13030378166260584,-0.14343646718378647,0.3897916092607209,-0.16557382110188973,0.008619431216887033,5.0,4.0,7.0,2019.0,14.0,7.0
-0.1428946860175272,-0.12350197013317928,-0.12931561268688488,0.24083226307260283,-0.15220316811042084,0.3103912716004929,6.0,5.0,7.0,2019.0,16.0,0.0
-0.1284728218590462,-0.1129899241638906,-0.11444572698493165,0.14738310981495278,-0.13813713317630857,-0.288167675225787,7.0,6.0,7.0,2019.0,20.0,3.0
-0.11442463323610709,-0.09752672237207965,-0.06319429649650432,0.3704871252252849,-0.0898103814617973,0.9598516756483203,8.0,0.0,7.0,2019.0,23.0,3.0
-0.06302924247378923,-0.04442380776650033,-0.045528431472398385,0.6246072297810807,-0.07310361090205045,-0.04425171243037878,9.0,1.0,7.0,2019.0,7.0,0.0
-0.04540862705678501,-0.07744581974096551,-0.07113847130645386,0.920722051314391,-0.09714986230845486,1.7271704366663228,10.0,2.0,7.0,2019.0,13.0,21.0
-0.07190134756627918,-0.11235020132096989,-0.12010319129405232,0.6477884296600714,-0.14319064020282582,0.9077310049987953,11.0,3.0,7.0,2019.0,0.0,20.0
-0.12008716364205148,-0.11107163910123903,-0.0920368095278522,0.3733151115227613,-0.11668493327292655,0.4616344673518924,12.0,4.0,7.0,2019.0,21.0,4.0
-0.0919377026188124,-0.12818479357983958,-0.11803391733902782,0.23815252885522528,-0.14110133793184437,0.8513805564800815,13.0,5.0,7.0,2019.0,0.0,21.0
-0.11844779118708801,-0.17079311798550775,-0.1877708117479471,0.31643723013440456,-0.20671887746341375,1.5733770002606586,14.0,6.0,7.0,2019.0,2.0,23.0
-0.18735596444946873,-0.18612984616959785,-0.14855298262165328,0.4736184236580711,-0.16971679866672765,1.4829953099499815,15.0,0.0,7.0,2019.0,2.0,2.0
-0.1481641450982348,-0.22051861175515672,-0.2355428126114766,0.40675252125545713,-0.25159651369482766,2.4852348515676925,16.0,1.0,7.0,2019.0,17.0,16.0
-0.23561603476697626,-0.23853631693201222,-0.22227686586951168,0.4294627444955678,-0.23904606328847006,0.9924184696758932,17.0,2.0,7.0,2019.0,19.0,11.0
-0.2216716813290581,-0.2250271643305681,-0.16258274109608709,0.4629325242598563,-0.18275095503639446,2.43660339529555,18.0,3.0,7.0,2019.0,6.0,14.0
-0.16305380100657962,-0.17110592900522462,-0.17091383631101173,0.22105758577648657,-0.19055105558041413,-0.010392888223209454,19.0,4.0,7.0,2019.0,1.0,13.0
-0.17091513984097442,-0.15709202426180788,-0.15640536389355172,0.1928103858049582,-0.17680187219504756,0.2747524566623989,20.0,5.0,7.0,2019.0,23.0,1.0
-0.15547247944669568,-0.16099157711614323,-0.16671774700462386,0.025975697038954693,-0.1864572385020268,-0.10823016504012471,21.0,6.0,7.0,2019.0,0.0,15.0
-0.16655131187545397,-0.17582939081813093,-0.18242861584762798,-0.017205881151996456,-0.20119888860757365,0.019240244254952663,22.0,0.0,7.0,2019.0,0.0,20.0
-0.1819013129290957,-0.19298433325641215,-0.20957524762985916,0.06509877830894997,-0.22673233838615547,-0.03578841769014803,23.0,1.0,7.0,2019.0,14.0,12.0
-0.2100623795678912,-0.21001042661389105,-0.21502753835305446,0.0405195398155414,-0.2318163836647691,-0.42372040690135415,24.0,2.0,7.0,2019.0,16.0,16.0
-0.21488663705021424,-0.19991635469820046,-0.20889561215359617,-0.045000293184695624,-0.22597462722099015,-0.1909969568573631,25.0,3.0,7.0,2019.0,19.0,13.0
-0.20850429263495163,-0.2034554080095148,-0.21144487568291875,-0.11693135408101138,-0.2283120001933513,-0.6763714940178764,26.0,4.0,7.0,2019.0,0.0,3.0
-0.21107870846427323,-0.2228317387499156,-0.23554062561757189,0.00901196087448184,-0.2509772022016869,0.7878269437353563,27.0,5.0,7.0,2019.0,0.0,0.0
-0.23436368716604997,-0.23289892804392662,-0.23092660217710148,-0.15799019830724342,-0.24655727952004852,-0.3130684612333464,28.0,6.0,7.0,2019.0,20.0,22.0
-0.23089417445952976,-0.2189479723065801,-0.2329956882148392,-0.15512875367071435,-0.24844413851835812,-0.6289794649857834,29.0,0.0,7.0,2019.0,4.0,11.0
-0.23248008973142395,-0.2211995871436967,-0.22757801362766786,-0.15304790984835465,-0.2432790577081876,-0.47589553575134935,30.0,1.0,7.0,2019.0,16.0,5.0
-0.2274663645054883,-0.21103525391068867,-0.19823026378832476,-0.0010917771875978374,-0.21552024251024057,0.1195912186366833,31.0,2.0,7.0,2019.0,17.0,17.0
-0.19842340585684032,-0.19055488611128735,-0.1789572855651951,0.027860831330446232,-0.19727420564120285,0.15387187466826127,1.0,3.0,8.0,2019.0,8.0,5.0
-0.1785088742939854,-0.1621666877627016,-0.17168452727864714,0.045420376112664605,-0.19033852192602005,-0.48065807149551115,2.0,4.0,8.0,2019.0,16.0,0.0
-0.17131641422654584,-0.15378982169677852,-0.15305531861937463,-0.07045189787406739,-0.1726808948349326,-0.10373309256009096,3.0,5.0,8.0,2019.0,19.0,0.0
-0.15276670833225237,-0.14640665383855378,-0.14394435545130746,-0.006549415314812811,-0.16400624453697885,-0.2642845108432528,4.0,6.0,8.0,2019.0,22.0,5.0
-0.14423263597832467,-0.12488081858823151,-0.0926709512888258,0.3918259619131794,-0.11553518357103891,1.0126004262684987,5.0,0.0,8.0,2019.0,17.0,0.0
-0.09203477737274732,-0.10401642834083726,-0.11276891864571979,0.3787613057795853,-0.1344340474659181,0.9604304552091543,6.0,1.0,8.0,2019.0,10.0,22.0
-0.1126088765602921,-0.0949770059512713,-0.08430521886745189,0.30065366635008905,-0.10748442100245098,0.1663551568772205,7.0,2.0,8.0,2019.0,15.0,0.0
-0.08329257150275202,-0.08723386653816902,-0.08280537475353081,0.15348733851721527,-0.10599968354014551,-0.2780965586707074,8.0,3.0,8.0,2019.0,0.0,20.0
-0.08332759036789762,-0.07752377992381018,-0.08915544754383246,0.09157035924468342,-0.11192604723881952,-0.6301950111357311,9.0,4.0,8.0,2019.0,0.0,11.0
-0.088966519893774,-0.10191939822021681,-0.12038780032855212,0.07992924146765044,-0.14135493694363374,0.09694780349782771,10.0,5.0,8.0,2019.0,0.0,22.0
-0.12036690685625735,-0.10669954818229482,-0.10998207015825794,-0.04758091752972753,-0.13145497116327917,-0.5668995099649213,11.0,6.0,8.0,2019.0,23.0,9.0
-0.1094188831208736,-0.10210574211353124,-0.11863310342223374,-0.16295227372664733,-0.13956585649230538,-0.7294845254592579,12.0,0.0,8.0,2019.0,0.0,12.0
-0.11820044926180286,-0.13312607364588808,-0.14850750391335737,0.0016191414506842659,-0.1677214060130656,0.14639588735970124,13.0,1.0,8.0,2019.0,1.0,17.0
-0.14860375963149855,-0.18384560256201424,-0.20031219448813753,0.18110731088403445,-0.21661079232604857,0.8535923444048767,14.0,2.0,8.0,2019.0,0.0,23.0
-0.20081736952963197,-0.20615300604536516,-0.18436552261481537,0.33884332529508454,-0.20147715511593717,0.7710304338778258,15.0,3.0,8.0,2019.0,10.0,13.0
-0.18357786915444518,-0.19476202025556408,-0.1805118117316635,0.19398146651141157,-0.19777104488234584,0.4835448562531947,16.0,4.0,8.0,2019.0,6.0,11.0
-0.18116664676846128,-0.18014291170411548,-0.18926300696548642,-0.1558560513269825,-0.20598918564338098,-0.2801971924063667,17.0,5.0,8.0,2019.0,10.0,18.0
-0.18887944303408982,-0.17809459456229282,-0.18226265633973715,-0.1980644162005097,-0.19931895281053325,-0.26377286757320323,18.0,6.0,8.0,2019.0,14.0,4.0
-0.18168438090605107,-0.16582176656180633,-0.14726637624367014,-0.033268165815367505,-0.16616222463556674,0.31334830883384046,19.0,0.0,8.0,2019.0,23.0,0.0
-0.14695593918527083,-0.14648995901318124,-0.15664513286236278,-0.08670143963327026,-0.17496374700595893,-0.4167109455161952,20.0,1.0,8.0,2019.0,0.0,15.0
-0.1562673984994412,-0.1879814639081296,-0.1950131096549036,0.15302594700182962,-0.2111875074228401,0.8162259268741849,21.0,2.0,8.0,2019.0,13.0,14.0
-0.19443076495119418,-0.19628047408979105,-0.19544229094546178,0.02418199428357532,-0.211535855231481,-0.16978062958795911,22.0,3.0,8.0,2019.0,12.0,8.0
-0.19481186996828556,-0.1806806654007997,-0.17844815944931453,-0.05557260123400196,-0.19539840252455334,-0.26440561599603724,23.0,4.0,8.0,2019.0,22.0,0.0
-0.17816526021862958,-0.18674379759205637,-0.1936684035293483,-0.06511793466209737,-0.20973045190775622,-0.11082259363940525,24.0,5.0,8.0,2019.0,13.0,9.0
-0.19331322325592137,-0.18506881533369582,-0.19498436911126027,-0.13547267683353237,-0.21090953337000948,-0.4410219031046125,25.0,6.0,8.0,2019.0,13.0,21.0
-0.19542599271823186,-0.1776390553818456,-0.18072778691063968,0.096921598560095,-0.19736493714311967,-0.2077915239398682,26.0,0.0,8.0,2019.0,1.0,0.0
-0.18030136917578504,-0.18010481176258927,-0.1921010333574719,-0.10245578665730684,-0.20806972834488507,-0.460947045745596,27.0,1.0,8.0,2019.0,0.0,12.0
-0.19069416962942295,-0.2035392732077402,-0.2185565363279539,0.051641148529615266,-0.23304365673525465,0.2331810957347774,28.0,2.0,8.0,2019.0,18.0,18.0
-0.2180959727568611,-0.22219262602534878,-0.23354467240227844,0.021381722128949086,-0.24716409596821406,-0.3054327142899377,29.0,3.0,8.0,2019.0,0.0,7.0
-0.23293924567855973,-0.22177076576725735,-0.22814569557349487,-0.16576902778678962,-0.2419918853931475,-0.5749510398894346,30.0,4.0,8.0,2019.0,20.0,1.0
-0.22786586340470863,-0.21522701508329342,-0.22615174713248137,-0.2818608825104698,-0.24004042594517955,-0.8134311950300404,31.0,5.0,8.0,2019.0,20.0,21.0
-0.22583798840507213,-0.21199332390868061,-0.218338851468664,-0.2823734518851113,-0.2325867713673464,-0.6200778902293319,1.0,6.0,9.0,2019.0,22.0,17.0
-0.21805379225195057,-0.20265442836299538,-0.18220432875319448,0.03234972054060461,-0.19831263144241698,0.5724388634174602,2.0,0.0,9.0,2019.0,17.0,17.0
-0.1819640481311156,-0.16611618275123133,-0.165218169466901,0.14824405126663706,-0.18215866635406033,-0.12477646477828584,3.0,1.0,9.0,2019.0,14.0,10.0
-0.16506464279659883,-0.1581394053948731,-0.16700079161236728,0.004936339099536134,-0.18378879132172057,-0.39544017540734877,4.0,2.0,9.0,2019.0,20.0,13.0
-0.16708899383753173,-0.1529733288245248,-0.16816438561595348,-0.11391984700659397,-0.1848191585786081,-0.9239015044305192,5.0,3.0,9.0,2019.0,6.0,18.0
-0.16770165514929097,-0.16714346636593203,-0.18180285552905298,0.1564694507253996,-0.19767258406084728,0.28969362137947785,6.0,4.0,9.0,2019.0,12.0,20.0
-0.1814605761541291,-0.16356365406667886,-0.1717409818293973,-0.07290983890740432,-0.1880759202450074,-0.670391778852188,7.0,5.0,9.0,2019.0,17.0,0.0
-0.17138784082312397,-0.15975920631924245,-0.17640385932735955,-0.16168479652291945,-0.19241808089915485,-0.7357219239721029,8.0,6.0,9.0,2019.0,4.0,21.0
-0.17598213575019628,-0.1764611551760739,-0.18292768326419956,0.05121555374504264,-0.19853821578317232,-0.43773930005739176,9.0,0.0,9.0,2019.0,0.0,8.0
-0.18253563755119323,-0.18432371681135376,-0.19636778117779166,-0.09463481345333062,-0.21119974042825934,-0.2585450700624879,10.0,1.0,9.0,2019.0,1.0,19.0
-0.19562629009489,-0.18683991294752048,-0.19253848481909203,-0.06636360647837276,-0.2074947069425731,-0.5934031510638048,11.0,2.0,9.0,2019.0,6.0,6.0
-0.19232655828596132,-0.17934980258922986,-0.1783155081271028,-0.0720313389665994,-0.19394652560326403,-0.32215720752642807,12.0,3.0,9.0,2019.0,22.0,6.0
-0.17769173605554647,-0.17129763238809104,-0.18135824162643144,-0.13785866448298625,-0.19676824510365779,-0.6607116247991113,13.0,4.0,9.0,2019.0,0.0,20.0
-0.1819837651108252,-0.16718175854041753,-0.18151155287097387,-0.17263275848958962,-0.19684890408802774,-0.8685065964951749,14.0,5.0,9.0,2019.0,21.0,12.0
-0.18130510167747213,-0.1658288469991594,-0.18214589674429268,-0.24993555101532153,-0.19738784590768343,-1.0101298325362653,15.0,6.0,9.0,2019.0,11.0,15.0
-0.18187219869509183,-0.17362766445323033,-0.1864982711507279,-0.08089344488388733,-0.2014474352910309,-0.7016676544172257,16.0,0.0,9.0,2019.0,1.0,20.0
-0.18590349699358635,-0.17299570856413898,-0.1886782473329018,-0.07305970170456419,-0.2034533473745408,-0.9506236511153168,17.0,1.0,9.0,2019.0,20.0,9.0
-0.1879720773099978,-0.17351860317279244,-0.19131864768090914,-0.026162895560017455,-0.20588523581008764,-0.9815913022239163,18.0,2.0,9.0,2019.0,2.0,12.0
-0.19087398388330726,-0.1950014372720226,-0.1871352135113954,0.17822477771394168,-0.20185580560869604,-0.06785133753526527,19.0,3.0,9.0,2019.0,3.0,16.0
-0.18683570954113313,-0.1772668651348835,-0.1923378380016582,-0.10399719290321963,-0.20672856410614138,-0.8073493900702777,20.0,4.0,9.0,2019.0,0.0,17.0
-0.19190760967027765,-0.18557972766569716,-0.20227526249612113,-0.17498915353796776,-0.21609015440270127,-0.7184928137098892,21.0,5.0,9.0,2019.0,1.0,22.0
-0.2016950819054124,-0.1905224144370795,-0.19916528685841411,-0.18722582513739539,-0.21307059083496108,-0.8025681544432569,22.0,6.0,9.0,2019.0,1.0,0.0
-0.19900500811319768,-0.20287617172055458,-0.2200969124270478,-0.08172014432706708,-0.23289086375501883,-0.30221772262613883,23.0,0.0,9.0,2019.0,3.0,3.0
-0.21978093104501445,-0.28863254363956253,-0.2881422000239121,0.4529454460115024,-0.2974134247687997,2.6206635137939784,24.0,1.0,9.0,2019.0,6.0,19.0
-0.28885538730688975,-0.29150333277455986,-0.29633970535324117,0.2762329290233894,-0.3051404576844334,0.06750616751038475,25.0,2.0,9.0,2019.0,1.0,8.0
-0.29595730363556294,-0.31867585159404566,-0.31892570648951224,0.14137154301906227,-0.3265244848521295,0.6968598389226174,26.0,3.0,9.0,2019.0,9.0,16.0
-0.3189374013973434,-0.31423148989552363,-0.3107708824207877,-0.013163806304541118,-0.3187379973472689,-0.21955184048738008,27.0,4.0,9.0,2019.0,22.0,15.0
-0.3104603928198521,-0.3041463402598173,-0.31113483577747936,-0.1361616959734525,-0.3190304021292131,-0.6922764088181903,28.0,5.0,9.0,2019.0,10.0,15.0
-0.31078164090126636,-0.31267773706096547,-0.3198328825430189,-0.1961761443740084,-0.32724507411759857,-0.3432752605331396,29.0,6.0,9.0,2019.0,0.0,20.0
-0.3194818644350625,-0.322777390103147,-0.3081919488304888,0.025156378541681707,-0.31614612266453695,0.3499171983854397,30.0,0.0,9.0,2019.0,18.0,7.0
-0.30748809948277483,-0.2973654599394023,-0.30515968426458506,-0.07301956367440911,-0.3132185608523333,-0.3681231698268494,1.0,1.0,10.0,2019.0,17.0,1.0
-0.3047585061853802,-0.29768057294627714,-0.30210557031393065,-0.19123606363546333,-0.310266928741409,-0.6818588667020113,2.0,2.0,10.0,2019.0,23.0,6.0
-0.3019019108653142,-0.3028182625120774,-0.31027093030840885,-0.16177939025774452,-0.3179739062796425,-0.36852272961899357,3.0,3.0,10.0,2019.0,0.0,15.0
-0.3099560367154014,-0.30251479145415106,-0.313588188233418,-0.19049064278922478,-0.3210765025195156,-0.8538326279466621,4.0,4.0,10.0,2019.0,0.0,9.0
-0.31298341704066573,-0.3075802079907851,-0.31692913371423787,-0.24141690136830482,-0.32419926327327125,-0.7395329275891609,5.0,5.0,10.0,2019.0,3.0,13.0
-0.3166811673421773,-0.3146786144701821,-0.3269537151933236,-0.18933137846272655,-0.3336773078246508,-0.5513720580222267,6.0,6.0,10.0,2019.0,0.0,23.0
-0.32654370851638775,-0.31803497333518893,-0.31115276965209576,0.07365875557508894,-0.31860837963234584,0.11029739716752407,7.0,0.0,10.0,2019.0,18.0,7.0
-0.3107318085462589,-0.30033182073316916,-0.3121862398700757,-0.057457869128958866,-0.31953790037456736,-0.7335614251583525,8.0,1.0,10.0,2019.0,2.0,20.0
-0.3117753351907422,-0.30137277581443156,-0.28966582811509634,0.14824537163820692,-0.29808226280341005,0.24746299616845605,9.0,2.0,10.0,2019.0,18.0,4.0
-0.2899688328414201,-0.282238335737431,-0.2902345136816157,0.05244767062188338,-0.2985661022986006,-0.7324861916978862,10.0,3.0,10.0,2019.0,7.0,13.0
-0.2899698782362969,-0.2920859578908379,-0.30648038129447286,0.16014705750397598,-0.31395938302392773,0.02845131023895054,11.0,4.0,10.0,2019.0,5.0,23.0
-0.30650994954029354,-0.29226552667753275,-0.30557218217801513,-0.11492854025907205,-0.31305052922187604,-0.8776821711925048,12.0,5.0,10.0,2019.0,16.0,0.0
-0.30520700646773213,-0.2945877654582889,-0.3065264685982485,-0.15421536380645492,-0.313910072638945,-0.5912328008242669,13.0,6.0,10.0,2019.0,16.0,20.0
-0.3061929135156394,-0.2941123710562115,-0.30323204289363115,-0.08136964080687657,-0.31073181464322175,-0.8648792444973815,14.0,0.0,10.0,2019.0,19.0,16.0
-0.30296426390057307,-0.30052506163892023,-0.31362316498774806,-0.07762594880835132,-0.3205630203120459,-0.4898511452014959,15.0,1.0,10.0,2019.0,0.0,21.0
-0.3133192866169646,-0.31301963422545126,-0.323310077298677,-0.031457607226612117,-0.32973134936917986,-0.4636200394281501,16.0,2.0,10.0,2019.0,6.0,16.0
-0.32294288729064513,-0.31201730932471144,-0.3198497166909365,-0.1268383937969937,-0.32638984567471424,-0.764185473568046,17.0,3.0,10.0,2019.0,16.0,5.0
-0.3196838774779424,-0.31826270154955055,-0.3278711168881257,-0.05424006898447047,-0.3339694215014083,-0.43978145811605773,18.0,4.0,10.0,2019.0,2.0,8.0
-0.32748339950651617,-0.3155684461460544,-0.326928891729065,-0.15478270484193782,-0.3330268799091457,-0.7473141591343816,19.0,5.0,10.0,2019.0,13.0,2.0
-0.32601077988492716,-0.3152736744577975,-0.3125977242594129,-0.06223151059351426,-0.31934153986521335,-0.11877064477811722,20.0,6.0,10.0,2019.0,20.0,3.0
-0.3120652346021729,-0.29965824821856607,-0.3112694842044662,-0.04246217959843952,-0.31802396289420276,-0.8792995409958346,21.0,0.0,10.0,2019.0,15.0,16.0
-0.31094331784895296,-0.30736890784806725,-0.32142743950415864,0.008229230815387685,-0.3276366937729565,-0.4970086844901938,22.0,1.0,10.0,2019.0,10.0,23.0
-0.32119955899565905,-0.3456296213182496,-0.35601178787568954,0.2869800102040563,-0.3605076446576508,0.8048531041175677,23.0,2.0,10.0,2019.0,1.0,22.0
-0.35595482312689436,-0.34704172479871526,-0.35731182208040946,-0.020769576598943348,-0.3617045963967833,-0.8988759029972481,24.0,3.0,10.0,2019.0,0.0,6.0
-0.35712202310829744,-0.34495552729871826,-0.28567913281744284,0.6537402713197138,-0.2934529939429742,2.9936225384850697,25.0,4.0,10.0,2019.0,20.0,5.0
-0.2849198244834674,-0.27018180891708626,-0.24982193863775573,1.510205999619208,-0.2592569222111348,2.8657938354800394,26.0,5.0,10.0,2019.0,2.0,2.0
-0.24969647577484352,-0.24173510930668604,-0.23099690069073098,0.8646169405714715,-0.24128522809789626,0.5899468484780612,27.0,6.0,10.0,2019.0,20.0,4.0
-0.22985593497582413,-0.2326554106985737,-0.24913604789947896,0.7754040096717144,-0.2585106580383995,0.2912904315472405,28.0,0.0,10.0,2019.0,1.0,23.0
-0.2492833707357935,-0.23414124571540307,-0.2386085560185909,0.6386469164074711,-0.2484327111168128,-0.40108779855782495,29.0,1.0,10.0,2019.0,5.0,19.0
-0.23860692929616795,-0.2434530578696471,-0.25223047423536105,0.599582854012308,-0.2613586945174271,-0.2564204943066617,30.0,2.0,10.0,2019.0,0.0,15.0
-0.25210446444677836,-0.24703500688528268,-0.25260739668949395,0.5386814146311467,-0.2616677763027916,-0.197566758278256,31.0,3.0,10.0,2019.0,8.0,10.0
-0.2526238360172348,-0.24050183432950478,-0.2488318966368667,0.41616219323678716,-0.25802191830846377,-0.7905157469748694,1.0,4.0,11.0,2019.0,22.0,4.0
-0.24858750255650838,-0.23307021645659895,-0.2449278928273041,0.24900316986531,-0.25425105429132666,-0.8373290594183469,2.0,5.0,11.0,2019.0,20.0,10.0
-0.24459946349216263,-0.23991987411203075,-0.2504121615021082,0.2430124002058378,-0.2594257533698346,-0.5325034154969803,3.0,6.0,11.0,2019.0,2.0,18.0
-0.25007071647732415,-0.2367437847526982,-0.2395337640669091,0.5162599578667777,-0.24900866047693856,-0.31577015794951124,4.0,0.0,11.0,2019.0,20.0,4.0
-0.23918720894145687,-0.23260586498257996,-0.24383491531217635,0.5177977600646636,-0.2530527014083154,-0.6434472511495536,5.0,1.0,11.0,2019.0,2.0,7.0
-0.24361309869955716,-0.22950921617122125,-0.24270859405314735,0.35157710955503585,-0.25192900724426337,-0.8697420707092602,6.0,2.0,11.0,2019.0,7.0,17.0
-0.24290577343446806,-0.23605668040534653,-0.2484356384531352,0.32806475205240626,-0.25733843939039414,-0.7350262978952288,7.0,3.0,11.0,2019.0,1.0,21.0
-0.24824483762822924,-0.263042830214275,-0.27683069065153487,0.41661489833466664,-0.2843629193786647,0.19474420776068757,8.0,4.0,11.0,2019.0,1.0,15.0
-0.27621462946346853,-0.26192818957032066,-0.27629665651598107,0.05027656262174435,-0.2838019397473271,-0.905013280025203,9.0,5.0,11.0,2019.0,7.0,0.0
-0.2760293294230315,-0.26110632209302576,-0.2614483941499932,0.2134911848891974,-0.26958298543432696,-0.32028635906160885,10.0,6.0,11.0,2019.0,23.0,0.0
-0.2610334577860643,-0.2677800724470395,-0.2797207736546783,0.1960047031231999,-0.2869543616463971,-0.10654477603881064,11.0,0.0,11.0,2019.0,2.0,10.0
-0.2792648270579274,-0.2687398869869562,-0.2761690021009956,0.19840513987193634,-0.28351897238154455,-0.6973506005066424,12.0,1.0,11.0,2019.0,12.0,15.0
-0.2760572995271959,-0.26392059718991523,-0.27662314313082675,0.04849351251426869,-0.2839042833576821,-0.9740552832536397,13.0,2.0,11.0,2019.0,11.0,4.0
-0.2760632687730348,-0.2682894801268288,-0.2827704985908909,0.13196331627845176,-0.28970801109916444,-0.8000677741389567,14.0,3.0,11.0,2019.0,0.0,18.0
-0.2825804592143279,-0.2814220498254168,-0.29603291041966695,0.27906019831836776,-0.30230673956177695,-0.46315569536341894,15.0,4.0,11.0,2019.0,9.0,21.0
-0.29574277631853185,-0.2821093263642846,-0.29242623979351895,-0.008475096466870946,-0.29881415513350795,-0.8350700067502906,16.0,5.0,11.0,2019.0,9.0,0.0
-0.29216574103028214,-0.2804026093059697,-0.2907560205966113,0.10939526978894488,-0.2971668007266505,-0.5079638206196837,17.0,6.0,11.0,2019.0,20.0,8.0
-0.2906620822610229,-0.29477993257945956,-0.3072457194523058,0.2672698592678445,-0.3128560582478994,-0.04814420891494578,18.0,0.0,11.0,2019.0,10.0,18.0
-0.30715599601446236,-0.3057566038946692,-0.31357550431610914,0.24037610386903802,-0.3188491395459515,-0.23289380466496729,19.0,1.0,11.0,2019.0,2.0,13.0
-0.31338440071838375,-0.31141228093399687,-0.3245533643196485,0.2230575253636606,-0.32928127238587596,-0.47929243204638866,20.0,2.0,11.0,2019.0,2.0,23.0
-0.32442561760922733,-0.3375329422878001,-0.3481515470166583,0.31796906392114727,-0.35176614391067157,0.45982245498834595,21.0,3.0,11.0,2019.0,8.0,18.0
-0.34774355148567254,-0.3793049170378971,-0.36939641108603005,0.954063747373822,-0.3720101322733033,1.382223607719835,22.0,4.0,11.0,2019.0,1.0,14.0
-0.36905713752216157,-0.3657295413371334,-0.36318450831844773,0.2363251799437163,-0.36602650171191864,-0.16270854816301789,23.0,5.0,11.0,2019.0,22.0,9.0
-0.36277054953450744,-0.3734512749520381,-0.38465690801673824,0.7474861967038094,-0.38649338341282985,0.1325831265367112,24.0,6.0,11.0,2019.0,0.0,23.0
-0.3847744472538267,-0.3995081905983519,-0.37862925419608656,1.411981592560969,-0.38070073074631205,1.389883226970827,25.0,0.0,11.0,2019.0,16.0,5.0
-0.37832144079422314,-0.36907076289919927,-0.3741959876151062,0.24286513038914673,-0.37643118166214856,-0.3916417957017537,26.0,1.0,11.0,2019.0,6.0,11.0
-0.3736758598176587,-0.3769359720022765,-0.35496899840617374,0.39808620202541406,-0.35802471903760036,1.1200852266223558,27.0,2.0,11.0,2019.0,20.0,10.0
-0.3542927112225867,-0.34659071691026566,-0.3591764257284572,0.13008545881910716,-0.36199332567315035,-0.24683555805133128,28.0,3.0,11.0,2019.0,6.0,23.0
-0.35859296373183047,-0.34617124757015355,-0.3408795004726648,0.16585898514728653,-0.3444725122896074,-0.08368792177294566,29.0,4.0,11.0,2019.0,16.0,0.0
-0.34035152232994825,-0.3426879103088744,-0.3526389665869235,0.02747341304200742,-0.35566724718906717,-0.12681828180414786,30.0,5.0,11.0,2019.0,6.0,20.0
-0.3521579420860219,-0.35688266868465784,-0.36155846225883553,0.11221936428380119,-0.36414832021881843,-0.23640583774733215,1.0,6.0,12.0,2019.0,0.0,9.0
-0.3612120978230135,-0.3605461479129712,-0.36783694652506527,0.023343049235857168,-0.37010515631276025,-0.3528871345283663,2.0,0.0,12.0,2019.0,2.0,6.0
-0.3673509108297778,-0.3608017349945235,-0.36795003100089524,-0.10056420491997388,-0.37016692566857745,-0.5249597194705773,3.0,1.0,12.0,2019.0,16.0,10.0
-0.36758713223440587,-0.3644963238616582,-0.37213004804797334,0.2718675374100422,-0.37411466082387895,0.10993605922606549,4.0,2.0,12.0,2019.0,13.0,8.0
-0.3716904706003819,-0.36059183196698835,-0.3600846276108955,0.1173923068358418,-0.3625544252696632,0.628588034337994,5.0,3.0,12.0,2019.0,12.0,0.0
-0.3595847387721623,-0.35050737373893787,-0.35402799718394723,0.07879627855561296,-0.3567200053889352,-0.6568882940093472,6.0,4.0,12.0,2019.0,23.0,12.0
-0.35365188096554656,-0.3420643815178059,-0.35346084930125893,-0.06498288937835374,-0.35612993650390595,-0.9745985397070119,7.0,5.0,12.0,2019.0,4.0,8.0
-0.3534019645255726,-0.34520167121623935,-0.35296329383146013,-0.06734829643939713,-0.3556087584347653,-0.6514024384618493,8.0,6.0,12.0,2019.0,16.0,4.0
-0.35276047002797434,-0.3521632594718146,-0.3629941030385653,0.06618917268577588,-0.36515771192420127,-0.3316283062233052,9.0,0.0,12.0,2019.0,15.0,22.0
-0.362862556027436,-0.3597467021576232,-0.37052917950670866,0.08663703477762147,-0.37232047604753177,-0.5719275268166994,10.0,1.0,12.0,2019.0,4.0,20.0
-0.37022076196169434,-0.36294065978548745,-0.3742539350668254,-0.016333980353939268,-0.37584438545702836,-0.7372794582619282,11.0,2.0,12.0,2019.0,13.0,20.0
-0.3739299619132889,-0.364887151352615,-0.3726762615821979,0.12341233487376164,-0.3742960844089267,-0.8293679858555751,12.0,3.0,12.0,2019.0,21.0,10.0
-0.3722168396504992,-0.3609430057513539,-0.3710468556738042,0.02571299899424759,-0.37269272609547666,-0.9575360488630776,13.0,4.0,12.0,2019.0,16.0,14.0
-0.3707296663027688,-0.3691569666198463,-0.37994626668165127,0.026325485282466327,-0.38116377749657243,-0.4410549078922359,14.0,5.0,12.0,2019.0,1.0,16.0
-0.3796048733172894,-0.3800845389754396,-0.37825072286926087,0.012446258034794166,-0.37950534363445104,-0.2619035945396302,15.0,6.0,12.0,2019.0,10.0,15.0
-0.37779970461113593,-0.3813928882776812,-0.3917413340051534,0.19317110452940411,-0.3923712192144501,-0.22669366625643053,16.0,0.0,12.0,2019.0,14.0,21.0
-0.3914409401602086,-0.4013539398833217,-0.4096594586576081,0.30980970552424947,-0.4095048227837774,0.2101830406552471,17.0,1.0,12.0,2019.0,12.0,23.0
-0.4088410639187283,-0.4043840549093675,-0.3706100055935303,0.8235809120826956,-0.37212956294110505,1.8628207588512182,18.0,2.0,12.0,2019.0,23.0,13.0
-0.37019663307304645,-0.37268668727136467,-0.37514888970723465,0.5018518503995245,-0.3763768741774721,-0.10890547476279279,19.0,3.0,12.0,2019.0,0.0,9.0
-0.37442702044048054,-0.36985782098789577,-0.37416867440451873,0.324454272150425,-0.37538078799140695,-0.5778403013064899,20.0,4.0,12.0,2019.0,22.0,17.0
-0.37369347345400744,-0.36817524049800004,-0.37586606201014516,0.14431915106777823,-0.3769546710882409,-0.7987473588811189,21.0,5.0,12.0,2019.0,0.0,9.0
-0.3754974854797817,-0.36473301377691186,-0.356200992134582,0.35161194005487895,-0.3580723787252129,0.06848203737660127,22.0,6.0,12.0,2019.0,23.0,2.0
-0.35600547603149807,-0.3546791996442701,-0.36577242447227937,0.6063763805059569,-0.3671960169386968,-0.056958063767434654,23.0,0.0,12.0,2019.0,16.0,22.0
-0.3654847758771593,-0.35826183494876773,-0.367803539564365,0.3438606225635725,-0.369104000612162,-0.2576938959458691,24.0,1.0,12.0,2019.0,15.0,18.0
-0.3672416764291372,-0.36133068686347003,-0.3707110858246981,0.26618699043801386,-0.3718516295549877,-0.7141544151295434,25.0,2.0,12.0,2019.0,9.0,16.0
-0.3703678978779538,-0.36263343085646116,-0.3729320142921938,0.3327630912741624,-0.373929885026581,-0.5260756206962688,26.0,3.0,12.0,2019.0,19.0,13.0
-0.3726169118892027,-0.36329431309619975,-0.36979464908270954,0.33223975699960556,-0.37088206972778653,-0.5739252420258546,27.0,4.0,12.0,2019.0,19.0,4.0
-0.3694947710793679,-0.35716318960634896,-0.3680823116571791,0.25567413049137716,-0.3691965360457564,-0.7966217138397644,28.0,5.0,12.0,2019.0,20.0,0.0
-0.36773912757957217,-0.3576082834273219,-0.36165909044275696,0.31422749274021206,-0.3629943980632174,-0.3666070874903179,29.0,6.0,12.0,2019.0,20.0,0.0
-0.36144298608441494,-0.35783319974338684,-0.3696162712800065,0.3374883017404162,-0.3705718447393132,-0.5719971545873398,30.0,0.0,12.0,2019.0,7.0,17.0
-0.369163000174901,-0.36456871626190296,-0.37571628608383867,0.24495002901726384,-0.376375726110753,-0.6074154753823573,31.0,1.0,12.0,2019.0,14.0,21.0
-0.37527028692556125,-0.3642420601962929,-0.3753127478678075,0.1038102812320778,-0.37593868190502117,-0.9092863157539488,1.0,2.0,1.0,2020.0,15.0,1.0
-0.37480039160043044,-0.37939574951310734,-0.3884893209762768,0.22510676096693794,-0.3885307367603238,-0.1994703459173196,2.0,3.0,1.0,2020.0,1.0,23.0
-0.3881823892161513,-0.38067760167689757,-0.36643179709936663,0.6215460706419053,-0.3673331299475922,0.6541484900097952,3.0,4.0,1.0,2020.0,17.0,2.0
-0.3660380108649204,-0.35573371844894747,-0.36239529554179833,0.09722625800418695,-0.36341085860022465,-0.7794544047477313,4.0,5.0,1.0,2020.0,18.0,0.0
-0.3620455184000682,-0.3499787711530547,-0.36235474417328273,0.1666930753548853,-0.36332299262684564,-0.6919290175247477,5.0,6.0,1.0,2020.0,18.0,23.0
-0.3620454892989142,-0.3494250599609453,-0.34039004177082727,0.3592985958054709,-0.3422134342621398,0.10700163694397632,6.0,0.0,1.0,2020.0,23.0,0.0
-0.34006779748289384,-0.3267309906866818,-0.31618091911290086,0.6571152099957536,-0.31893393967596145,0.17168405318180893,7.0,1.0,1.0,2020.0,23.0,0.0
-0.315941362478124,-0.31480991067200337,-0.3213255974917819,0.8146880338963846,-0.3238231569826896,0.20094401941235984,8.0,2.0,1.0,2020.0,13.0,20.0
-0.3208273061847016,-0.32204113027321474,-0.3336483105541519,0.40104632919226985,-0.3355949404139184,-0.4263674934847172,9.0,3.0,1.0,2020.0,0.0,21.0
-0.3333421727383515,-0.32935188958385375,-0.3160052820580518,0.6542565177355321,-0.31861708222627694,0.2505941185039411,10.0,4.0,1.0,2020.0,23.0,10.0
-0.3159256774898669,-0.31020275048987483,-0.32392313899489383,0.481055276928719,-0.32616208620637877,-0.5962630355026146,11.0,5.0,1.0,2020.0,1.0,23.0
-0.3238355969161422,-0.31150414965828527,-0.3144133326652931,0.3390778077889658,-0.31698510048483636,-0.5792780168504463,12.0,6.0,1.0,2020.0,19.0,0.0
-0.31423356472895286,-0.3070377329985,-0.3173775092563668,0.31626967524628613,-0.3197829784379518,-0.8216198350737239,13.0,0.0,1.0,2020.0,0.0,14.0
-0.3172298760599804,-0.30316624345772103,-0.2754263000317904,1.5289464058075868,-0.2794612479007438,1.1544731762857743,14.0,1.0,1.0,2020.0,23.0,0.0
-0.27524071651563387,-0.2705254391156948,-0.27669999817003904,1.2719203192826185,-0.28063010399159377,-0.5115156290507359,15.0,2.0,1.0,2020.0,14.0,5.0
-0.2760298227849557,-0.2733764105582416,-0.2818075501122703,0.79523989889734,-0.2854773416776753,-0.5063001283116234,16.0,3.0,1.0,2020.0,0.0,3.0
-0.2813840036631671,-0.269252765009715,-0.26921108296235463,1.0695788448220311,-0.2733243572422983,-0.36157202206611855,17.0,4.0,1.0,2020.0,10.0,1.0
-0.26899099458878395,-0.2597678225906836,-0.2683659322915033,0.8507671667832765,-0.2724652439469535,-0.6587462467596804,18.0,5.0,1.0,2020.0,19.0,5.0
-0.26811775841700086,-0.27287160263558025,-0.2828840323756038,0.9527080782228327,-0.2863556577275744,0.38138333868280605,19.0,6.0,1.0,2020.0,3.0,13.0
-0.2826464902732688,-0.27664026077513987,-0.2858667860590915,0.5299341759047296,-0.28916760074792347,-0.6442865725216922,20.0,0.0,1.0,2020.0,22.0,13.0
-0.2854465810119471,-0.2776489457802196,-0.28045070244951115,0.40383562872223716,-0.28391059655075823,-0.5634164477348865,21.0,1.0,1.0,2020.0,21.0,19.0
-0.28021828956519024,-0.2718177835192949,-0.2844409527328901,0.32263130755682423,-0.28768916546314305,-0.7322830053129527,22.0,2.0,1.0,2020.0,7.0,16.0
-0.2841177602256181,-0.2909822513329239,-0.3012786346504263,0.4945882429921218,-0.3038125368176347,-0.13860491203000494,23.0,3.0,1.0,2020.0,0.0,18.0
-0.30099432071619503,-0.2952055909312669,-0.29889019404497225,0.42013352967438095,-0.3014653750233647,-0.431485290624486,24.0,4.0,1.0,2020.0,20.0,11.0
-0.29887453569167927,-0.29334810435159636,-0.30365173751320257,0.1624765580657037,-0.3059863520602489,-0.6972386370136578,25.0,5.0,1.0,2020.0,0.0,2.0
-0.30351937763365844,-0.2914968994390982,-0.28959893300139916,0.2997148334022989,-0.2924292259721008,-0.33770316725365546,26.0,6.0,1.0,2020.0,22.0,0.0
-0.28923084784859143,-0.2743113401179676,-0.27039053704196253,0.6506093307032669,-0.27391866220573685,-0.0491148215713606,27.0,0.0,1.0,2020.0,20.0,0.0
-0.2698921107145906,-0.2546392551388814,-0.242849108243373,0.9625479559177716,-0.24738889198929007,0.11295826136232118,28.0,1.0,1.0,2020.0,4.0,0.0
-0.24259430068553595,-0.2318132534396065,-0.24542427547291146,0.7609955768967577,-0.2498046136575874,-0.815975973282611,29.0,2.0,1.0,2020.0,21.0,12.0
-0.24513750132649428,-0.23425194259584994,-0.2336187438138824,0.8529919779484639,-0.23839292171137283,-0.2992776507951307,30.0,3.0,1.0,2020.0,20.0,0.0
-0.23333997156621353,-0.23425959920287748,-0.24334381503684682,0.6931935309492427,-0.2476900806218444,-0.4026408967586608,31.0,4.0,1.0,2020.0,0.0,13.0
-0.2432760772325385,-0.22904580115635828,-0.2407450083618827,0.5028309398737797,-0.2451340461760253,-0.8456695379975847,1.0,5.0,2.0,2020.0,2.0,13.0
-0.24060958823788436,-0.23507851786552478,-0.2437221088759901,0.7693013574695163,-0.24794248238159208,-0.5028409705209822,2.0,6.0,2.0,2020.0,12.0,4.0
-0.24337877540318964,-0.23313050230718532,-0.24684245663596524,0.7746360785260225,-0.2508885693317914,-0.3865272603592571,3.0,0.0,2.0,2020.0,1.0,23.0
-0.24655931168536085,-0.24171806371542856,-0.2537502348905872,0.7181801606217793,-0.25748470871850215,-0.5862418356404483,4.0,1.0,2.0,2020.0,0.0,13.0
-0.25327269543076625,-0.23850030994105567,-0.2272097520652638,1.0072021166386949,-0.23188884837364568,0.3209915273556104,5.0,2.0,2.0,2020.0,21.0,0.0
-0.22662157052700607,-0.2147200518057962,-0.2200675485319375,1.1377375527758402,-0.2249630176869269,-0.42816495835779034,6.0,3.0,2.0,2020.0,13.0,1.0
-0.2199845078292084,-0.20294827591425174,-0.21600839146312134,0.9692719123188009,-0.221001350565943,-0.9055596573917071,7.0,4.0,2.0,2020.0,11.0,0.0
-0.2158698754184935,-0.20592581081591424,-0.2117630259469228,1.0044893418276009,-0.21686051310634824,-0.6718534522624106,8.0,5.0,2.0,2020.0,21.0,4.0
-0.211524735730754,-0.1950836277496557,-0.1963249463650747,1.0389754025176003,-0.20194075170741524,-0.46241385135972857,9.0,6.0,2.0,2020.0,4.0,4.0
-0.1960848903979632,-0.19924570848781847,-0.21228516692012928,1.2330711319396477,-0.2172531202286768,-0.21910033613517976,10.0,0.0,2.0,2020.0,6.0,5.0
-0.21201573705157734,-0.20273762306689744,-0.19070568544399766,1.1387808367027465,-0.19641802996443156,0.06809968906380225,11.0,1.0,2.0,2020.0,15.0,15.0
-0.19075792224911284,-0.17282829119558013,-0.18347508829712605,1.4531513609725328,-0.18939734302141698,-0.7096355502392812,12.0,2.0,2.0,2020.0,7.0,0.0
-0.1832993273306513,-0.17828004385536164,-0.1903286723734732,1.773787503996536,-0.19593825351808136,-0.3384763559581818,13.0,3.0,2.0,2020.0,7.0,12.0
-0.1901957808204682,-0.17768746945875072,-0.1843305006566199,1.4474000945155359,-0.19010638668599328,-0.6967872953670965,14.0,4.0,2.0,2020.0,21.0,8.0
-0.18391919505846732,-0.19356396724453587,-0.21027139968978115,1.4759716050173057,-0.21503025314202884,-0.022108647855205065,15.0,5.0,2.0,2020.0,16.0,16.0
-0.20997349072918725,-0.20317690187625959,-0.20750917747616823,1.4493806181824809,-0.21231270730503002,-0.3267010220182836,16.0,6.0,2.0,2020.0,3.0,5.0
-0.20706665423609125,-0.21675467689586858,-0.2225014894009417,1.5916721952713235,-0.2266921421201597,-0.07126877442036464,17.0,0.0,2.0,2020.0,0.0,14.0
-0.22211781202445385,-0.20886753831405183,-0.19477087828841846,1.6607009257808274,-0.19991720579424438,0.22005915966878642,18.0,1.0,2.0,2020.0,20.0,20.0
-0.19435242442865455,-0.21020535574471994,-0.22598463223399282,1.645568591182042,-0.2299342071864234,0.2868724219261087,19.0,2.0,2.0,2020.0,21.0,21.0
-0.2259157742565735,-0.2167381073758195,-0.22751343827739162,1.5334738950994482,-0.23135771763249788,-0.831106823761297,20.0,3.0,2.0,2020.0,0.0,18.0
-0.2269920697557002,-0.2115634508340674,-0.22272864841465054,1.3168129267654678,-0.22668628191700765,-0.835953256289119,21.0,4.0,2.0,2020.0,17.0,0.0
-0.22233402369730917,-0.21086889925074329,-0.2241560936747186,1.0406101303146569,-0.22800468525880704,-0.9343854624975242,22.0,5.0,2.0,2020.0,0.0,6.0
-0.22383025505008794,-0.20726106274081366,-0.2081178626818757,1.3306237245313668,-0.21248929340132397,-0.44567973954308676,23.0,6.0,2.0,2020.0,23.0,0.0
-0.20798549336285466,-0.21489549584120976,-0.22495434461865638,1.5418934420263435,-0.22866288971557508,-0.1125749884304564,24.0,0.0,2.0,2020.0,0.0,18.0
-0.2245668235374661,-0.2295653691231974,-0.243885362734582,1.4027628253137214,-0.24685696519903175,-0.26200845780757714,25.0,1.0,2.0,2020.0,0.0,21.0
-0.2437710157117645,-0.2675386897518366,-0.2758707609929385,1.831494483352321,-0.277644495890516,0.6085465863386633,26.0,2.0,2.0,2020.0,0.0,17.0
-0.27525606445468603,-0.2755827856173543,-0.2780818485316078,1.5630295233056448,-0.27972398706885526,-0.15124594467220373,27.0,3.0,2.0,2020.0,16.0,1.0
-0.277487085699845,-0.28091067827072674,-0.28495773707105404,1.5161283925678166,-0.2862992503176864,-0.023668713663213863,28.0,4.0,2.0,2020.0,2.0,12.0
-0.28469679045690344,-0.2741722525500461,-0.2894345338170152,1.0381351574675353,-0.2905676741449843,-0.6690233458081902,29.0,5.0,2.0,2020.0,6.0,23.0
-0.28908056500578444,-0.28228392158091664,-0.29170860115686126,1.0140958166837004,-0.2926990989101571,-0.4253654273108955,1.0,6.0,3.0,2020.0,12.0,19.0
-0.29131950749684143,-0.27840067426646853,-0.2728545037671204,1.4213343800632727,-0.2744597573178025,-0.019581181913123528,2.0,0.0,3.0,2020.0,22.0,0.0
-0.272783966568708,-0.267503046397557,-0.27787977871082553,1.395791030431838,-0.2792533139522322,-0.6207042605914505,3.0,1.0,3.0,2020.0,12.0,19.0
-0.27749851908030065,-0.2670325474438736,-0.2798768178898098,0.9814203458956073,-0.28112105774880447,-0.8092056671304056,4.0,2.0,3.0,2020.0,6.0,16.0
-0.27923211850379037,-0.2641986083568102,-0.2600223379484887,1.2499662904947744,-0.2619031345150374,-0.05747905803268876,5.0,3.0,3.0,2020.0,20.0,0.0
-0.25972111264623593,-0.2468224313732369,-0.2573353550843307,1.3111906252658712,-0.25925399863140847,-0.8081636996239003,6.0,4.0,3.0,2020.0,11.0,1.0
-0.2570651119979204,-0.2557585333119319,-0.270382284271354,1.0611607872820068,-0.27178727596787294,-0.4214370012533419,7.0,5.0,3.0,2020.0,16.0,20.0
-0.27015704353101677,-0.3054221729612054,-0.319591657665082,1.264884024714012,-0.3192322516946578,1.1570977625921646,8.0,6.0,3.0,2020.0,0.0,23.0
-0.3190573151803862,-0.3316708247333412,-0.3309128203939025,1.6425842634829884,-0.3301129936004786,0.36208167574990263,9.0,0.0,3.0,2020.0,0.0,15.0
-0.3306525826943854,-0.32378872599972314,-0.3317668136243845,1.3864202536337393,-0.3308941458471618,-0.1418269732710912,10.0,1.0,3.0,2020.0,13.0,16.0
-0.3313923040967659,-0.3346605236857358,-0.3316624381604877,1.1948999662085082,-0.3307551817744339,-0.186646379548612,11.0,2.0,3.0,2020.0,1.0,18.0
-0.33117594540645595,-0.5105848266543449,-0.5121319056100523,2.0245945891747357,-0.5049797268325122,8.847467868314089,12.0,3.0,3.0,2020.0,0.0,23.0
-0.508834800266774,-0.5582177488213748,-0.4757440127026851,3.0961069761180506,-0.46981286052431553,7.7394283404753095,13.0,4.0,3.0,2020.0,13.0,2.0
-0.47476994608399764,-0.49384786861663055,-0.4980425055168877,1.0577750813071523,-0.4913205507882452,1.1291245150327867,14.0,5.0,3.0,2020.0,3.0,23.0
-0.4975931284429716,-0.4910523823719603,-0.48626247182489063,0.9408068227471983,-0.47991701918296603,2.127908989715133,15.0,6.0,3.0,2020.0,22.0,0.0
-0.48629458516286916,-0.5286040391224741,-0.5094504893910857,1.557488175649588,-0.5022907420593339,2.6995938912091,16.0,0.0,3.0,2020.0,0.0,11.0
-0.5097705661803191,-0.5028993282466547,-0.4964921002212534,1.1916392596983392,-0.48974725764987653,0.8210107130801585,17.0,1.0,3.0,2020.0,7.0,0.0
-0.49599512319376393,-0.49737166715324066,-0.4957059785041574,1.1512955550150612,-0.48896614329025045,0.10549070289228318,18.0,2.0,3.0,2020.0,21.0,13.0
-0.4948722241351825,-0.48677289365188475,-0.4372347122217115,1.8629888420544016,-0.43244817045961054,4.2000910718995055,19.0,3.0,3.0,2020.0,22.0,2.0
-0.4368197889597654,-0.44701541948349255,-0.4367691994398607,2.049685617486663,-0.4319707383608772,2.8975638694417225,20.0,4.0,3.0,2020.0,10.0,20.0
-0.4359076291392685,-0.4427766446818188,-0.43761069636899025,1.4016309954481057,-0.4327527569354022,0.6630719866519535,21.0,5.0,3.0,2020.0,21.0,11.0
-0.43719377249550645,-0.44967521286506734,-0.45938576341421794,1.2717483930896591,-0.4537652744410646,1.0489858727333827,22.0,6.0,3.0,2020.0,6.0,23.0
-0.45892320477226584,-0.4521226751108407,-0.4234188144290217,1.6184444995136327,-0.41897609289769805,1.7312910354330702,23.0,0.0,3.0,2020.0,23.0,9.0
-0.4217895263877203,-0.41253914588323365,-0.40387289903443807,1.7122741055063528,-0.40004911058133547,0.32564277698326094,24.0,1.0,3.0,2020.0,10.0,5.0
-0.40325702333993724,-0.40458151625863176,-0.40717100415401003,1.5152962594435568,-0.40321188583371925,0.17150305822383854,25.0,2.0,3.0,2020.0,10.0,11.0
-0.4071556224074893,-0.4011649913149712,-0.40499986464416904,1.012503059173835,-0.4010695420519672,-0.6344172574544062,26.0,3.0,3.0,2020.0,4.0,8.0
-0.4044427917330913,-0.4090215373010215,-0.4201364986077941,0.9726823419280602,-0.41566279650471866,0.06578140317544379,27.0,4.0,3.0,2020.0,4.0,23.0
-0.41991147954023705,-0.43107888834224245,-0.434104746905316,0.9889332205864536,-0.42913388881054043,0.2051502917809784,28.0,5.0,3.0,2020.0,0.0,18.0
-0.4335086289557535,-0.44358198018405076,-0.4537526435533398,0.6357675314727926,-0.4480966475280442,0.17488385199693712,29.0,6.0,3.0,2020.0,0.0,22.0
-0.4531461800802566,-0.44464744737653633,-0.422588641300477,1.1091453497574428,-0.4179205434505517,1.4882553565124124,30.0,0.0,3.0,2020.0,22.0,0.0
-0.4221598352772963,-0.41487246735943545,-0.4220484047241144,0.8751030719416949,-0.41735627230626293,-0.6700731216949325,31.0,1.0,3.0,2020.0,1.0,12.0
-0.4217480063539727,-0.4257340126921896,-0.41173004558433374,1.2851319815454079,-0.40733521555766067,0.4552003109597169,1.0,2.0,4.0,2020.0,23.0,16.0
-0.41135167501082753,-0.40085166999464217,-0.40026302047424894,1.6818328375546472,-0.39620082728016415,0.7348019340236784,2.0,3.0,4.0,2020.0,17.0,5.0
-0.39965695942273904,-0.3959568563203005,-0.4039598239651461,1.2108316477063437,-0.3997404813693493,0.061791792747962676,3.0,4.0,4.0,2020.0,12.0,16.0
-0.4032774912182562,-0.3944932385164586,-0.3957275539322142,0.896771799228564,-0.39173131335067746,-0.49375730328378437,4.0,5.0,4.0,2020.0,20.0,3.0
-0.3956604904380168,-0.3932638282285247,-0.4004161500791202,0.6974196802361883,-0.39622119139091905,-0.5629898081599688,5.0,6.0,4.0,2020.0,0.0,17.0
-0.40023039270896543,-0.3890301732827564,-0.3709181861249706,1.6404098401011382,-0.36763498043776005,0.6701511536976756,6.0,0.0,4.0,2020.0,23.0,0.0
-0.3704387714072044,-0.3666591959609784,-0.3767709106663213,1.4964963704354473,-0.373250978474269,-0.1581450126115676,7.0,1.0,4.0,2020.0,10.0,21.0
-0.37622788460840173,-0.365610179099555,-0.3670937256132851,1.1341810110648962,-0.36384093575464266,-0.46305920407842277,8.0,2.0,4.0,2020.0,6.0,1.0
-0.3664925648762755,-0.36397965954256134,-0.36905813897648215,0.9851319316297641,-0.36569672780418144,-0.6220477108419238,9.0,3.0,4.0,2020.0,0.0,12.0
-0.3685877561998291,-0.38779187403125565,-0.39585237863505524,1.4628346691252845,-0.39159291165062443,0.5825797478301133,10.0,4.0,4.0,2020.0,0.0,15.0
-0.39535971027848066,-0.38858563249129846,-0.3962457903192829,0.7902557424952688,-0.39192989395094396,-0.6816092991047087,11.0,5.0,4.0,2020.0,6.0,17.0
-0.39593471649882983,-0.38724794313037036,-0.38937173498968386,1.03635483491375,-0.38522994670476757,-0.028686463527275604,12.0,6.0,4.0,2020.0,20.0,4.0
-0.3893365195222898,-0.3962777921390032,-0.3971077590957334,1.1914584181521506,-0.392674114026604,-0.08949587409683075,13.0,0.0,4.0,2020.0,0.0,14.0
-0.3968418651250246,-0.38833901823465694,-0.39726792672281,0.9469108865952169,-0.39278290182527253,-0.5716138121717987,14.0,1.0,4.0,2020.0,17.0,8.0
-0.39670198888654723,-0.39848167256133793,-0.40956159396247815,0.8480845214885269,-0.40464603387504194,-0.07803371316840656,15.0,2.0,4.0,2020.0,4.0,23.0
-0.4092855249389406,-0.4034068940231404,-0.3804292394060567,1.6342451488458898,-0.37637799485524814,1.0628148147824954,16.0,3.0,4.0,2020.0,23.0,0.0
-0.3800764720139351,-0.3721208246832484,-0.3816946775448343,0.8602939351677484,-0.3775684166401261,-0.7698062508363923,17.0,4.0,4.0,2020.0,23.0,15.0
-0.38156490982625524,-0.36966035549036014,-0.3717845139215144,0.8567015420340097,-0.3679180804485571,-0.5351757882259585,18.0,5.0,4.0,2020.0,23.0,0.0
-0.3712192541255594,-0.36474088906252405,-0.3759724571675551,0.7950895695481123,-0.371932044379218,-0.7903303784042387,19.0,6.0,4.0,2020.0,4.0,14.0
-0.37576221197826537,-0.38570362757158677,-0.3948418892774634,1.144153251588983,-0.3901760379005722,0.26358509298416144,20.0,0.0,4.0,2020.0,4.0,20.0
-0.3946024018598778,-0.3857706991956861,-0.39494224392083194,0.864433186382633,-0.39023119313953386,-0.81819180898799,21.0,1.0,4.0,2020.0,7.0,12.0
-0.39462350962002024,-0.3836627776300438,-0.38040449097431084,0.9001976904251295,-0.3761006086986278,-0.14819861076866203,22.0,2.0,4.0,2020.0,17.0,1.0
-0.37978484386978234,-0.3701441965374744,-0.36122507268227133,1.456214580852674,-0.35746371945482025,0.29666285303468604,23.0,3.0,4.0,2020.0,19.0,11.0
-0.36058967156669514,-0.3478514624850305,-0.35378838548815833,0.9754445160972259,-0.35020847189186327,-0.7072838756691754,24.0,4.0,4.0,2020.0,21.0,0.0
-0.3534544804163121,-0.3423197471217492,-0.3526201925311715,0.8835137361242321,-0.3490339414065703,-0.7845018259338915,25.0,5.0,4.0,2020.0,15.0,19.0
-0.3522485729705785,-0.33980742631832955,-0.345873632359419,0.8904893132278927,-0.3424489281276596,-0.718876297460977,26.0,6.0,4.0,2020.0,14.0,0.0
-0.3455441531935055,-0.3323460322580528,-0.33877097076271817,1.0581893819000838,-0.33551573135762364,-0.8032301484924325,27.0,0.0,4.0,2020.0,23.0,0.0
-0.3383322714088957,-0.32909698977559554,-0.33806780805317993,0.8968787185088285,-0.33478493635393686,-0.9169556342639755,28.0,1.0,4.0,2020.0,23.0,15.0
-0.3377345840507147,-0.3256042000237875,-0.277066535590722,2.361986007956533,-0.27555854793057194,2.4065824624502645,29.0,2.0,4.0,2020.0,21.0,2.0
-0.27693851701102323,-0.27836115862694516,-0.2858108625416054,2.7288217022364387,-0.28399450043122915,1.4760209641237834,30.0,3.0,4.0,2020.0,6.0,17.0
-0.28460050816369953,-0.2698567732936344,-0.27315543549538934,1.4869998808886489,-0.271664949517068,-0.059557410606362736,1.0,4.0,5.0,2020.0,11.0,0.0
-0.27255883023990685,-0.26077729316873793,-0.26555593036967173,1.2736317132858945,-0.2642369049443717,-0.6232396502385736,2.0,5.0,5.0,2020.0,17.0,6.0
-0.26553069173246363,-0.2595377480802383,-0.2711485069838415,1.6515219333709912,-0.269603156361183,-0.22410031866019345,3.0,6.0,5.0,2020.0,4.0,15.0
-0.27092154491450626,-0.27129447971505677,-0.2702165246609375,1.576512856453724,-0.26864189246591597,-0.2870791594189217,4.0,0.0,5.0,2020.0,22.0,5.0
-0.2698732256699648,-0.25790297759900943,-0.2646676516486031,1.4371058432709831,-0.2631981807961428,-0.5976719161924159,5.0,1.0,5.0,2020.0,5.0,11.0
-0.26406887887417035,-0.25095575568308015,-0.24836193595961972,1.7746452913937258,-0.24731102209556427,0.08370285554504757,6.0,2.0,5.0,2020.0,23.0,0.0
-0.24845792619829257,-0.24010509016235798,-0.2064606361536933,2.4114310193995174,-0.2065714520971887,1.1937995907073709,7.0,3.0,5.0,2020.0,23.0,2.0
-0.2070910582586837,-0.20034525848914014,-0.2131409899770881,1.9052945312298484,-0.21300308554777503,-0.5966859932949593,8.0,4.0,5.0,2020.0,0.0,7.0
-0.2129350991954169,-0.21213875293679818,-0.22840817310244443,1.6224691967976996,-0.22777532485215324,-0.3181345570958608,9.0,5.0,5.0,2020.0,1.0,11.0
-0.2282566814788923,-0.2870957631126623,-0.27980407835333054,2.531434507254909,-0.2776274114542142,2.0463837883489435,10.0,6.0,5.0,2020.0,0.0,17.0
-0.27952349824639694,-0.2884098866936632,-0.2892941431158185,2.194871526417195,-0.28679389549174966,0.7546079863457178,11.0,0.0,5.0,2020.0,12.0,18.0
-0.2884285364401394,-0.2760604799296088,-0.27685541746235975,1.3825573115469,-0.27468552096873794,-0.05134906929808502,12.0,1.0,5.0,2020.0,17.0,0.0
-0.2764650258276937,-0.2611552920692833,-0.2482867184078337,1.5677995709181745,-0.24691169927165837,0.31224052125731405,13.0,2.0,5.0,2020.0,21.0,0.0
-0.24787916824016237,-0.2327258157714209,-0.21982702177654087,2.157287980187992,-0.21924234424195732,0.3083968747899587,14.0,3.0,5.0,2020.0,10.0,1.0
-0.21947605557383137,-0.2323234977114935,-0.24471435550751477,1.708851302400781,-0.2433962072291683,0.12036030065072417,15.0,4.0,5.0,2020.0,0.0,20.0
-0.244080862416385,-0.232367998624883,-0.241718431121163,1.0583315739422485,-0.240461477616807,-0.3528681185930859,16.0,5.0,5.0,2020.0,5.0,0.0
-0.24152313921428126,-0.22675022951731086,-0.22369228153633627,1.270912380815171,-0.22292849732812609,0.11284274609130679,17.0,6.0,5.0,2020.0,16.0,0.0
-0.22307095640004104,-0.21278906653164953,-0.2202656175617685,1.36544134820805,-0.2195737630473214,-0.29659691770709484,18.0,0.0,5.0,2020.0,1.0,10.0
-0.2199194485637771,-0.21473231956584315,-0.22011445496299364,1.2258978028598984,-0.21940457419774062,-0.40583436670677764,19.0,1.0,5.0,2020.0,11.0,5.0
-0.2200258455399378,-0.22057584456269366,-0.23276031640805275,1.0790215156671807,-0.23166973821087636,-0.24280916752384496,20.0,2.0,5.0,2020.0,6.0,17.0
-0.2324548667003682,-0.2570744643392429,-0.259838272856714,1.2297958968259024,-0.2579572174363,0.6686847749085445,21.0,3.0,5.0,2020.0,0.0,19.0
-0.2595968030631429,-0.24830453657622778,-0.25365114863551275,0.7137104940184024,-0.2519242435787659,-0.5553288572092958,22.0,4.0,5.0,2020.0,17.0,4.0
-0.25317165368045114,-0.2413831267807346,-0.2520119409976422,0.6007400116911574,-0.2503090576071848,-0.6751347479138569,23.0,5.0,5.0,2020.0,3.0,10.0
-0.25150164248464096,-0.262302013856869,-0.27772134731673853,0.8605857153425641,-0.2752732445217344,0.21379399531390664,24.0,6.0,5.0,2020.0,10.0,23.0
-0.2776478771390601,-0.26657500781659077,-0.2705675558694379,0.7938392481709174,-0.2682981412480381,-0.513157780931451,25.0,0.0,5.0,2020.0,19.0,11.0
-0.2700723758124315,-0.2641960938638419,-0.2749789909356074,0.7014211234089875,-0.27256396631599955,-0.5129096287350928,26.0,1.0,5.0,2020.0,8.0,16.0
-0.27450220413080106,-0.2593362983896017,-0.25374686065711166,0.8726118660074981,-0.2519012729500038,-0.1132263952442488,27.0,2.0,5.0,2020.0,17.0,0.0
-0.25317887649251786,-0.23946431933367834,-0.23259032319484133,0.9608302023644864,-0.2313119970308406,-0.07324369852307364,28.0,3.0,5.0,2020.0,23.0,8.0
-0.23211034828060817,-0.2248665390385427,-0.2379066704310205,0.8810785302078615,-0.2364555697547641,-0.666863125198365,29.0,4.0,5.0,2020.0,0.0,11.0
-0.23759766614206426,-0.2256637916879511,-0.2218711224238662,0.8716593699371162,-0.2208368950061432,-0.26958790499811225,30.0,5.0,5.0,2020.0,23.0,3.0
-0.22157333859881181,-0.2215182151249204,-0.2365605316595421,0.6032036423257997,-0.23508848836274032,-0.4794000167542325,31.0,6.0,5.0,2020.0,0.0,23.0
-0.2360828126722426,-0.22034206122318792,-0.19321993280545657,1.0059459997772262,-0.1929263533094398,0.8537013535879727,1.0,0.0,6.0,2020.0,23.0,23.0
-0.19317603521706642,-0.21973052094350762,-0.23234158416310885,1.2195500832106587,-0.23093572796070005,0.6441798580460452,2.0,1.0,6.0,2020.0,14.0,14.0
-0.23177875535920164,-0.2190176432403396,-0.22455279824117483,0.45319344836165776,-0.22333652819717165,-0.62183936134967,3.0,2.0,6.0,2020.0,23.0,5.0
-0.22428818929048322,-0.2156413465341214,-0.2157203893316135,0.5027847612360721,-0.21471830184892085,-0.22316028206966307,4.0,3.0,6.0,2020.0,18.0,11.0
-0.21543152023868167,-0.20691804840086625,-0.2240118134729322,0.37195570886398127,-0.2227454587275243,-0.6506164010200645,5.0,4.0,6.0,2020.0,9.0,15.0
-0.22373294449238687,-0.2114824622341485,-0.22473927343229755,0.2053827276065178,-0.22341430161228804,-0.7062660835345498,6.0,5.0,6.0,2020.0,12.0,2.0
-0.22446310833688218,-0.21988358531694377,-0.21828471635668348,0.453616039957732,-0.21710569047985873,-0.3624240214220753,7.0,6.0,6.0,2020.0,23.0,14.0
-0.21789489263867082,-0.2061169995437796,-0.21750916991443536,0.262219079466835,-0.21631955255669266,-0.9126541649841837,8.0,0.0,6.0,2020.0,12.0,15.0
-0.2170177791727871,-0.20682296907065956,-0.21602334002553825,0.3832486051522748,-0.21484267063947934,-0.7402444615019312,9.0,1.0,6.0,2020.0,0.0,9.0
-0.21580551280955984,-0.2028036154284978,-0.21145770738226063,0.4911109408145705,-0.2103691208829717,-0.7174793285187826,10.0,2.0,6.0,2020.0,20.0,9.0
-0.21114536379922633,-0.2322178095074609,-0.2451081059424169,0.7373778506355216,-0.24306597848322536,0.5766428583658816,11.0,3.0,6.0,2020.0,2.0,20.0
-0.24485075513252547,-0.2307774016888158,-0.2353463189391492,0.32319322739331463,-0.23353859951316017,-0.48759255580014516,12.0,4.0,6.0,2020.0,14.0,0.0
-0.2350318675335305,-0.2238125298756603,-0.23568793630903376,0.04950052480960284,-0.23384055832234607,-0.9295149401678604,13.0,5.0,6.0,2020.0,19.0,4.0
-0.23522706825908452,-0.22687366464550673,-0.24111860144641142,0.1269188893818,-0.2390915165547524,-0.8270265523788815,14.0,6.0,6.0,2020.0,0.0,22.0
-0.2408418195585868,-0.24947183933188471,-0.23719614446183154,0.5449756553362441,-0.23524921833224124,0.22504822084816362,15.0,0.0,6.0,2020.0,21.0,6.0
-0.2366557823105937,-0.22353208278510756,-0.23183710261874726,0.26651415087775565,-0.23000547619905803,-0.7047504770851335,16.0,1.0,6.0,2020.0,6.0,0.0
-0.23177732848300633,-0.2281542612898366,-0.2353824309213254,0.19124265230014362,-0.23342859391746282,-0.6162162000086321,17.0,2.0,6.0,2020.0,0.0,20.0
-0.23498086581447258,-0.22808749386345717,-0.2395811060340207,0.06066035353247507,-0.23749068153772063,-0.7733499484757461,18.0,3.0,6.0,2020.0,0.0,21.0
-0.23935350616391496,-0.23150799840367348,-0.24718014148742146,0.16165712253977235,-0.24485840945649415,-0.7365994736772935,19.0,4.0,6.0,2020.0,12.0,23.0
-0.24667475065584302,-0.23320982335952514,-0.24446006355493538,0.025973586694516475,-0.24218581533665057,-0.7836376947452526,20.0,5.0,6.0,2020.0,22.0,16.0
-0.24422279112365863,-0.22985562023819545,-0.24622208257119196,-0.07199135312311027,-0.24387286334223887,-0.9156084105222582,21.0,6.0,6.0,2020.0,6.0,23.0
-0.2460639921683827,-0.23008063236598975,-0.2250437739142098,0.24148230398603865,-0.22323347269249527,-0.19766175891018556,22.0,0.0,6.0,2020.0,21.0,0.0
-0.2250108107071595,-0.2142503443772026,-0.22621345432735127,0.019242333880722533,-0.22434085711801258,-0.8639487890173694,23.0,1.0,6.0,2020.0,16.0,1.0
-0.22574250299538076,-0.2312590499189343,-0.2456095633765943,0.12529087725228866,-0.2431936425311402,-0.11384281734383236,24.0,2.0,6.0,2020.0,6.0,15.0
-0.24525345988576813,-0.24282369013331948,-0.2486042914227044,0.10654293478451056,-0.24608255460361625,-0.5142783995093094,25.0,3.0,6.0,2020.0,21.0,3.0
-0.24851314590366846,-0.24241816529645294,-0.25485769262694696,0.09165040629225374,-0.25213917781671896,-0.61120738859056,26.0,4.0,6.0,2020.0,1.0,14.0
-0.2542292468745425,-0.2489634529589241,-0.26207039304201735,0.03370514764246494,-0.25913536058464515,-0.6029680960705577,27.0,5.0,6.0,2020.0,8.0,23.0
-0.2615522934023946,-0.2503981090768884,-0.25604432173163194,-0.11339747741942402,-0.25324077504622905,-0.5595913994656014,28.0,6.0,6.0,2020.0,16.0,4.0
-0.2559345060139862,-0.246203024899873,-0.2531431860664049,-0.0103648593165718,-0.25038962085900546,-0.6405454120925421,29.0,0.0,6.0,2020.0,22.0,13.0
-0.25313984120737465,-0.24348674886188593,-0.2563873101054144,-0.04967304074463846,-0.2535204224215958,-0.8200618213223959,30.0,1.0,6.0,2020.0,2.0,13.0
-0.2555691014210214,-0.24222871258003245,-0.2508435543698591,-0.03688654204863132,-0.2480924284691383,-0.6145066607278098,1.0,2.0,7.0,2020.0,17.0,3.0
-0.25034479590903347,-0.24653513708048558,-0.2572822950863032,-0.01696171283290665,-0.2543315310995141,-0.5263867226653709,2.0,3.0,7.0,2020.0,13.0,16.0
-0.2568662058139726,-0.2451333306598971,-0.25949816291119054,-0.19377117622764753,-0.2564592758496695,-0.7876208329755464,3.0,4.0,7.0,2020.0,1.0,23.0
-0.25935759637177935,-0.24545990103249996,-0.2567251837763077,-0.23653387876785362,-0.2537297679435288,-0.825379092333605,4.0,5.0,7.0,2020.0,17.0,11.0
-0.25678963034936964,-0.2503039159055966,-0.26031814027925226,-0.2032932756072593,-0.25719892927885946,-0.6695765703248833,5.0,6.0,7.0,2020.0,1.0,21.0
-0.26005599339373936,-0.24514157053184385,-0.2418128970829937,0.06712432478495643,-0.23914710858335195,-0.2907366074960483,6.0,0.0,7.0,2020.0,23.0,0.0
-0.24310406503154075,-0.23609068065087271,-0.24937360707269074,-0.15251413909749753,-0.2464809953085758,-0.7551461938119273,7.0,1.0,7.0,2020.0,0.0,11.0
-0.24900240894312609,-0.23307576638538258,-0.23856894112992158,0.16546112616888028,-0.23592746087900981,-0.6329327645318638,8.0,2.0,7.0,2020.0,22.0,0.0
-0.23826762533276769,-0.2339925772584363,-0.24779696737678314,0.07316844917785711,-0.244885641377369,-0.6556062862391604,9.0,3.0,7.0,2020.0,0.0,19.0
-0.24775472683008104,-0.24138985708779312,-0.24774541833991393,0.011302173339479872,-0.24480550312702182,-0.7217612236992672,10.0,4.0,7.0,2020.0,23.0,7.0
-0.24749981609795926,-0.23623798956293338,-0.25010583256965163,-0.18449994489497828,-0.2470754500093756,-0.9325061364546471,11.0,5.0,7.0,2020.0,0.0,9.0
-0.2497364784460526,-0.23636666694728062,-0.24788706311344605,-0.11928266488493951,-0.24488502079749638,-0.8532217242397466,12.0,6.0,7.0,2020.0,13.0,19.0
-0.2475186693763508,-0.2346695161266021,-0.24990530183809118,0.047086924389924,-0.2468242134213853,-0.9658141224871302,13.0,0.0,7.0,2020.0,18.0,20.0
-0.2498807643283955,-0.2379972203252368,-0.24992987706619138,0.07774256643167433,-0.24682099063835033,-0.8805719054665225,14.0,1.0,7.0,2020.0,20.0,11.0
-0.24968482375229004,-0.23797999523224916,-0.2530214937790356,-0.043764803786449424,-0.2498075659461693,-0.905309994675904,15.0,2.0,7.0,2020.0,0.0,19.0
-0.25274725891269334,-0.24322689484406157,-0.2567411455504404,-0.05085704500699392,-0.2534072147743292,-0.8418284968010786,16.0,3.0,7.0,2020.0,0.0,10.0
-0.25643862147409,-0.24321076885458873,-0.255565013063533,-0.14682370011096474,-0.25223955277876897,-0.9311401843593935,17.0,4.0,7.0,2020.0,12.0,5.0
-0.2552501388513823,-0.24247595670436584,-0.2550956699590815,-0.23859092513117638,-0.2517576476402129,-0.8266877869923978,18.0,5.0,7.0,2020.0,15.0,23.0
-0.25483160426240686,-0.24267773201818701,-0.25345234450909604,-0.20136262297530194,-0.2501315118127564,-0.901598936053654,19.0,6.0,7.0,2020.0,23.0,17.0
-0.2530392804997365,-0.24015648993375713,-0.2547770661172442,-0.1570726692320835,-0.25139660137767145,-0.9786528767887616,20.0,0.0,7.0,2020.0,1.0,14.0
-0.2545550073066378,-0.23940534380766046,-0.2418489359099889,0.07690425831863872,-0.23877198917469933,-0.4661680066737163,21.0,1.0,7.0,2020.0,13.0,0.0
-0.2415139072839166,-0.22864023003727613,-0.23261411324903758,-0.0064756477901140195,-0.22974308392341247,-0.6125450152294202,22.0,2.0,7.0,2020.0,23.0,8.0
-0.23218480566169925,-0.218312189696211,-0.22919523613478943,0.08107057934160375,-0.22638408654205502,-0.8491496142431104,23.0,3.0,7.0,2020.0,17.0,14.0
-0.2286035854036956,-0.2184101962467866,-0.2319065552198251,-0.005363061697243043,-0.22899636498468684,-0.8117029412403484,24.0,4.0,7.0,2020.0,21.0,7.0
-0.23142752048708648,-0.21532739572798681,-0.2233010965338743,-0.002255143951270903,-0.22057903387865171,-0.7217281782667567,25.0,5.0,7.0,2020.0,21.0,1.0
-0.2227924327514314,-0.20757364920317306,-0.20930526311583345,0.20915652120075653,-0.20690251552772806,-0.20261003699971594,26.0,6.0,7.0,2020.0,10.0,10.0
-0.20898953328620257,-0.1916961004821263,-0.14267464436555014,1.0146699303523221,-0.14190787014605905,2.450248295693864,27.0,0.0,7.0,2020.0,1.0,1.0
-0.14075231902389285,-0.14562559195260247,-0.14746465412497012,0.6570750646208329,-0.146545612947928,0.14877773368531375,28.0,1.0,7.0,2020.0,0.0,10.0
-0.14716414894201818,-0.1314939253767484,-0.13594873206106872,0.4320296790784536,-0.1352836734244344,-0.13128553039135019,29.0,2.0,7.0,2020.0,21.0,1.0
-0.1356989095940129,-0.1290082461526818,-0.13528923170300525,0.33657257775826643,-0.1346102063094135,-0.5559848776263583,30.0,3.0,7.0,2020.0,23.0,13.0
-0.13506220752284995,-0.12321684306219054,-0.12226315575193099,0.3530184019221509,-0.12187272533759486,-0.19549796168012357,31.0,4.0,7.0,2020.0,16.0,3.0
-0.1220337717727713,-0.10724405783311595,-0.09549774737674804,0.5111299395265383,-0.09573971769159555,0.0745911707018301,1.0,5.0,8.0,2020.0,20.0,1.0
-0.09527289654038322,-0.12125199423757688,-0.13882421171849346,0.5835035426670511,-0.13796115160297748,1.0426173723945016,2.0,6.0,8.0,2020.0,4.0,13.0
-0.13913848309231092,-0.12161335113554954,-0.12699592478267113,0.19634111735463614,-0.12638824552411215,-0.16168818494108608,3.0,0.0,8.0,2020.0,16.0,0.0
-0.1267189663943009,-0.11644583216677692,-0.12947873173476881,0.2494110672317721,-0.12877689287915353,-0.5243840450965689,4.0,1.0,8.0,2020.0,0.0,13.0
-0.12931902375386237,-0.11239051559600222,-0.09626917419828455,0.42085712876337567,-0.09635344018083446,0.2573371215792311,5.0,2.0,8.0,2020.0,21.0,1.0
-0.09581850993811873,-0.08454388533816515,-0.09425925544032761,0.3660499410497826,-0.09435586930297121,-0.5258325492963274,6.0,3.0,8.0,2020.0,19.0,4.0
-0.09403792776837691,-0.09656443658781688,-0.10520169641313007,0.3514912580507758,-0.10499451188337695,-0.11893017307967506,7.0,4.0,8.0,2020.0,2.0,18.0
-0.10473388930061958,-0.0870907741944873,-0.09583816839166176,0.04992007581321991,-0.09582575728586326,-0.6557898465100584,8.0,5.0,8.0,2020.0,12.0,5.0
-0.0965882234920359,-0.0877007291276121,-0.10064389648702249,0.045448294660415514,-0.10047720365573691,-0.6273846507627656,9.0,6.0,8.0,2020.0,0.0,18.0
-0.10119372623463813,-0.08052629416951265,-0.08822417284059479,0.5132149301844267,-0.08832763096728248,-0.34479743971586785,10.0,0.0,8.0,2020.0,4.0,0.0
-0.08773392984693057,-0.11002433315677902,-0.11692026243422177,0.5634204362316276,-0.1162901037076287,0.41134006400837936,11.0,1.0,8.0,2020.0,1.0,21.0
-0.11700138525483209,-0.10661668260683825,-0.1062166546426462,0.45628979282466137,-0.10580964858832756,-0.062388561104555,12.0,2.0,8.0,2020.0,15.0,6.0
-0.10572457243110032,-0.10868625998432369,-0.09399142530839512,0.5895852472367303,-0.09384492646341529,0.10006368230485875,13.0,3.0,8.0,2020.0,23.0,9.0
-0.09442044386075658,-0.0790595380576554,-0.09492835869701764,0.4114580915339309,-0.09471958198188699,-0.17094856579945072,14.0,4.0,8.0,2020.0,18.0,15.0
-0.09466353068246987,-0.0737964834051927,-0.08898595314730112,0.3635650249705931,-0.08888249099074742,-0.7670153924506473,15.0,5.0,8.0,2020.0,21.0,0.0
-0.08865185854635471,-0.07578864921995279,-0.08732246826033614,0.2132447110643693,-0.08722238309930405,-0.7635522197415066,16.0,6.0,8.0,2020.0,4.0,12.0
-0.08687439034242553,-0.07139396733704782,-0.06513093134823666,0.6278487274546833,-0.06553294013661998,0.007479107967028357,17.0,0.0,8.0,2020.0,16.0,6.0
-0.06501888035464094,-0.06204724560279674,-0.08128179388776516,0.5093703507110775,-0.08126281427463976,-0.3893137042356772,18.0,1.0,8.0,2020.0,3.0,16.0
-0.08103213418117314,-0.07894084033825934,-0.09557809267086984,0.4258250499680126,-0.09518366849146587,-0.45728110343625356,19.0,2.0,8.0,2020.0,1.0,20.0
-0.09510509773666127,-0.07750367438204012,-0.08820819828784118,0.19110885333882655,-0.08795485914688005,-0.7759090869122729,20.0,3.0,8.0,2020.0,21.0,6.0
-0.08795608740874933,-0.0866767887566632,-0.1057530311082896,0.38566666207162703,-0.10504488150059181,-0.46621050403554576,21.0,4.0,8.0,2020.0,0.0,21.0
-0.10590420633807673,-0.09402198421958885,-0.1002703805621172,0.1937636623545754,-0.09966062949611694,-0.6572085419683837,22.0,5.0,8.0,2020.0,23.0,1.0
-0.10012382753469018,-0.08699659059690763,-0.10131230689230739,0.09927594673263694,-0.10064070017905191,-0.8546568350620407,23.0,6.0,8.0,2020.0,20.0,11.0
-0.10110583389665126,-0.08299252696604739,-0.09457699742855698,0.21856732110962646,-0.0940290845899419,-0.7856407188722219,24.0,0.0,8.0,2020.0,12.0,0.0
-0.0943633897887948,-0.11039472633790957,-0.11964454732231594,0.5233787884711542,-0.11847465873395721,0.09932538049510829,25.0,1.0,8.0,2020.0,2.0,18.0
-0.1193144309523038,-0.1036205236128644,-0.1121432962456682,0.3153883397063955,-0.11111754895138404,-0.6640485532455042,26.0,2.0,8.0,2020.0,16.0,0.0
-0.11203126110804475,-0.1106418925587045,-0.12226741416508573,0.3573543903612515,-0.12097367239096726,-0.3272990519417763,27.0,3.0,8.0,2020.0,13.0,17.0
-0.12186658447733978,-0.10239209742313649,-0.10882091347625081,0.17114340519575238,-0.10780483271529231,-0.6709401269402941,28.0,4.0,8.0,2020.0,23.0,0.0
-0.10862960719134537,-0.09291632732729849,-0.11100782487416332,0.0452307462985169,-0.1099063794490295,-0.927223124654847,29.0,5.0,8.0,2020.0,7.0,14.0
-0.1106137146504596,-0.09126685622188116,-0.09844885947075138,0.16859428869242543,-0.09761163662721867,-0.6934914149989797,30.0,6.0,8.0,2020.0,23.0,0.0
-0.0980618068309109,-0.08456887904340568,-0.10033206258883581,0.3055859518799445,-0.09941534082812754,-0.817937869162903,31.0,0.0,8.0,2020.0,13.0,10.0
-0.10014709759879781,-0.08439120613119382,-0.08255551377335867,0.5781605542595867,-0.08201577438002067,-0.1618448962905076,1.0,1.0,9.0,2020.0,22.0,0.0
-0.08263105811799618,-0.10401246971641444,-0.11670497041006957,0.6175284300325095,-0.11533738090131543,0.2638705607906779,2.0,2.0,9.0,2020.0,0.0,15.0
-0.11684222894291958,-0.1740879196321868,-0.18843125875008337,0.8285023050725211,-0.18537175958242708,1.666758909404971,3.0,3.0,9.0,2020.0,0.0,23.0
-0.18904147887187783,-0.17247722358508707,-0.17207489423518155,0.7220823267081398,-0.16936580727633857,-0.04075783733611504,4.0,4.0,9.0,2020.0,11.0,14.0
-0.17173041906942488,-0.18899601160812848,-0.19307883406113518,1.5330023079305943,-0.18985497658176545,0.36901431704035337,5.0,5.0,9.0,2020.0,19.0,19.0
-0.19291568568208672,-0.18202782470395432,-0.18627990547606757,1.1075078634704913,-0.18318146928829668,-0.4384234284312438,6.0,6.0,9.0,2020.0,21.0,5.0
-0.18593513527447036,-0.19090433011388605,-0.18080489448564635,0.9248182504419716,-0.17779617117302624,0.020764610528572296,7.0,0.0,9.0,2020.0,13.0,12.0
-0.1805172833087583,-0.18909497131906247,-0.19541402703173913,0.91005653288718,-0.19203767296763427,-0.022045599392867602,8.0,1.0,9.0,2020.0,22.0,11.0
-0.19494426675250617,-0.1845337749707099,-0.18861223535312602,0.40551015297771603,-0.18536060574260255,-0.3433217175647473,9.0,2.0,9.0,2020.0,19.0,3.0
-0.18830741780223675,-0.17056806580075012,-0.1811991831568993,2.0477041854530476,-0.17808430858368052,-0.523025877221567,10.0,3.0,9.0,2020.0,14.0,0.0
-0.18053437438079986,-0.17671992544802886,-0.17888086285111976,1.5484357789857959,-0.17578936351635238,-0.46053312548967973,11.0,4.0,9.0,2020.0,15.0,3.0
-0.17802921139725292,-0.1671380049241216,-0.1763489555606443,1.0900770431596525,-0.17327933930746064,-0.4824060967576657,12.0,5.0,9.0,2020.0,20.0,12.0
-0.17541951608567513,-0.1714409661800114,-0.18361616294114746,1.0768852902728492,-0.18034753661532227,-0.32070792149475735,13.0,6.0,9.0,2020.0,4.0,19.0
-0.18300646186658467,-0.16880576929957472,-0.16170178929212878,1.0197591092568232,-0.15889213341709907,0.1438748528597679,14.0,0.0,9.0,2020.0,15.0,1.0
-0.16159374883927063,-0.1441189974187907,-0.1545758115291065,0.8600785254641368,-0.15189242196158487,-0.510665608997617,15.0,1.0,9.0,2020.0,12.0,9.0
-0.15423120918341585,-0.14105733119979832,-0.14365464395922753,0.7657352524307319,-0.14118330294337267,-0.24708985815562867,16.0,2.0,9.0,2020.0,16.0,0.0
-0.1434647382924903,-0.13664772580135787,-0.14524506591768682,1.166102753472733,-0.14269886522426803,-0.5748280386074119,17.0,3.0,9.0,2020.0,0.0,13.0
-0.14477962246291284,-0.13316844143856962,-0.1455153495669435,0.5255696341027748,-0.14292580128007834,-0.7096816110596224,18.0,4.0,9.0,2020.0,9.0,18.0
-0.14588807079910648,-0.1281127758321738,-0.13632443463865732,0.3315261623165158,-0.1339073602830916,-0.6633485654653456,19.0,5.0,9.0,2020.0,12.0,8.0
-0.1359420490670108,-0.1341282003621858,-0.14590287619848682,0.4364919725151271,-0.14324010350373262,-0.5382718740358824,20.0,6.0,9.0,2020.0,0.0,16.0
-0.14581611324174637,-0.16158205201068487,-0.17511607728801445,0.6634993264451023,-0.17177133646923923,0.245004518437865,21.0,0.0,9.0,2020.0,4.0,15.0
-0.17497622702404,-0.1614261628913867,-0.17043958175198937,0.37803887762313737,-0.1671715139484507,-0.7361156173173221,22.0,1.0,9.0,2020.0,21.0,8.0
-0.17032166609602414,-0.1731142462207022,-0.18837665062414766,0.3870896151015749,-0.18469745213486904,-0.3593676246665016,23.0,2.0,9.0,2020.0,0.0,20.0
-0.18791131076110698,-0.17098825267295445,-0.15683945563895116,1.6538321950065864,-0.15382683688216706,0.16837814316578853,24.0,3.0,9.0,2020.0,23.0,0.0
-0.1564798539933288,-0.14902194292097565,-0.1609727181163211,1.231012454290992,-0.15783546220468064,-0.7166497548520784,25.0,4.0,9.0,2020.0,0.0,14.0
-0.16050046285892758,-0.14343485252136695,-0.1574128229326926,1.6380028525965915,-0.15432191073214832,-0.9390545735710729,26.0,5.0,9.0,2020.0,6.0,0.0
-0.15735208070832593,-0.1462395149637326,-0.15590642854441483,2.0118822967102536,-0.15281353839212566,-0.7587351151816186,27.0,6.0,9.0,2020.0,23.0,12.0
-0.15552867988317062,-0.14111999459918248,-0.15993340606356418,1.6873513699440246,-0.15671920995110258,-0.6147905570671477,28.0,0.0,9.0,2020.0,13.0,23.0
-0.15963695356167143,-0.14455936193529914,-0.15164903997832388,1.6233518899260015,-0.14858924385472191,-0.6860019472617955,29.0,1.0,9.0,2020.0,23.0,17.0
-0.1514024000825037,-0.14330586103112092,-0.15534045495697513,1.492569130072365,-0.1521679539118862,-0.7700843326591768,30.0,2.0,9.0,2020.0,0.0,9.0
-0.15438503266437736,-0.1557591839690576,-0.1654690660198412,1.267597605831427,-0.16204607654952982,-0.08847252808695984,1.0,3.0,10.0,2020.0,9.0,16.0
-0.1651480256336506,-0.15927881703354793,-0.16813727459442465,1.7361135832900716,-0.16462844398865,-0.6069697347310329,2.0,4.0,10.0,2020.0,4.0,5.0
-0.1678916704417237,-0.1533076977058924,-0.16977256877010347,1.5191017220385823,-0.1661950385257088,-0.9799899512424721,3.0,5.0,10.0,2020.0,19.0,8.0
-0.16940457980549797,-0.15183692606665855,-0.1623925104890664,2.9613434335326554,-0.15894200804841546,-0.8228898574104369,4.0,6.0,10.0,2020.0,20.0,1.0
-0.16166895851408905,-0.14550113370425025,-0.15479745564790892,1.6751580003562327,-0.1514781232732985,-0.8095791105982055,5.0,0.0,10.0,2020.0,23.0,6.0
-0.1543204846980132,-0.15218473380157943,-0.16639245172830236,1.4086440710997905,-0.16279280573370522,-0.5505257652889115,6.0,1.0,10.0,2020.0,0.0,20.0
-0.16615821309019804,-0.15005930297023387,-0.16243016684755576,1.1469922567513586,-0.1588871273020818,-0.9068279205896824,7.0,2.0,10.0,2020.0,19.0,1.0
-0.16210809534829626,-0.15005304516147078,-0.14728896922976745,2.530865836269614,-0.14403422375369038,-0.26507446854854216,8.0,3.0,10.0,2020.0,17.0,9.0
-0.14624634273996126,-0.132081354462583,-0.13815872606166713,0.3334197692007424,-0.13506956847847007,-0.5887781875861993,9.0,4.0,10.0,2020.0,16.0,6.0
-0.1381952872475147,-0.1187981541095188,-0.12392660991669033,0.33769694665517663,-0.12111056793108045,-0.29283964490149533,10.0,5.0,10.0,2020.0,3.0,0.0
-0.12365887659156961,-0.10414945584185432,-0.11853699696765026,0.17990264134175443,-0.11580123542403838,-0.8736406152492149,11.0,6.0,10.0,2020.0,15.0,0.0
-0.11773518184962227,-0.10718056227062991,-0.1080314918254251,0.5159191876057908,-0.1054739498528446,-0.15442227961313298,12.0,0.0,10.0,2020.0,22.0,10.0
-0.10815932644065095,-0.10208848052953821,-0.11597676525801347,0.4116458414547437,-0.11320987278262253,-0.6842918931787725,13.0,1.0,10.0,2020.0,0.0,14.0
-0.11550130068017893,-0.10293530989348523,-0.11575537107411238,0.4041614954592518,-0.11295746299512799,-0.6690040126028931,14.0,2.0,10.0,2020.0,14.0,18.0
-0.1156513159628017,-0.10320258964404914,-0.11171455020456396,0.4249779743142048,-0.10896805848629834,-0.5914631011135782,15.0,3.0,10.0,2020.0,20.0,9.0
-0.11097481634019168,-0.1082980357843814,-0.12234562176934917,0.48725540920402166,-0.11933973818015145,-0.48123115128573063,16.0,4.0,10.0,2020.0,1.0,9.0
-0.12206124560207396,-0.10435697365441407,-0.12013757025661224,0.13444141257742095,-0.11714155947199381,-0.9642027104270029,17.0,5.0,10.0,2020.0,15.0,0.0
-0.1199839321283654,-0.10042221391211154,-0.11245038192202113,0.08849644745723416,-0.10958614427754615,-0.8853813560194703,18.0,6.0,10.0,2020.0,23.0,0.0
-0.11145275084224522,-0.09658365260324443,-0.09657514925462753,0.39100053519550815,-0.09401466538616977,-0.31458723154656454,19.0,0.0,10.0,2020.0,16.0,4.0
-0.09605755726885372,-0.07931089129553234,-0.08587834799963583,0.7736449030876764,-0.08350718290278084,-0.4929449814137742,20.0,1.0,10.0,2020.0,17.0,3.0
-0.08580567628043148,-0.06543598894105909,-0.030193334569450413,1.451546424799522,-0.028969002001424625,1.5954057701128808,21.0,2.0,10.0,2020.0,23.0,0.0
-0.03129191078252226,-0.013832982010650119,-0.021466282635045908,0.9805012050528169,-0.020423840532795626,-0.29582078681640395,22.0,3.0,10.0,2020.0,22.0,4.0
-0.020867599758347777,-0.011585064740742059,-0.023574507644046644,0.6683793357147487,-0.022398977213387784,-0.669331371635848,23.0,4.0,10.0,2020.0,11.0,16.0
-0.023320072430124236,-0.0031696816748968543,-0.012741119684854982,0.42796560940586914,-0.011750572698515536,-0.6757055663346276,24.0,5.0,10.0,2020.0,15.0,0.0
-0.012492311379355558,-0.0016323705580947897,-0.01745981365250277,0.4206220715299306,-0.016339974689596293,-0.3669796638594132,25.0,6.0,10.0,2020.0,4.0,11.0
-0.017207852639987562,-0.007175966111097728,-0.014754996172964847,0.6947646986569576,-0.013660997401708617,-0.3943051795410775,26.0,0.0,10.0,2020.0,14.0,17.0
-0.014505885433619407,0.007900683923955067,0.020776882120256263,0.9273554404513517,0.02116506502428459,0.18909688245327352,27.0,1.0,10.0,2020.0,23.0,0.0
0.021014526856308502,-0.00022941295899053487,-0.0027240139831969635,1.0421989329785175,-0.0018235618492464464,0.5222809488343897,28.0,2.0,10.0,2020.0,2.0,14.0
-0.0024776568528790716,0.0027933496172829943,0.007500225161402177,2.161225145548143,0.008218778558937089,0.03821572044644564,29.0,3.0,10.0,2020.0,17.0,12.0
0.007741831025301892,0.012665452063956658,0.0141674855765723,0.7555115224628165,0.014781203111467193,-0.2019181150599515,30.0,4.0,10.0,2020.0,20.0,7.0
0.014408158040258955,0.03298200147401556,0.028557238511500223,0.7405952548764293,0.0289060736589061,-0.10403780889946894,31.0,5.0,10.0,2020.0,10.0,4.0
0.02879260654920049,0.04378409689136067,0.025863990167095802,0.4231678081068837,0.026303232128169457,-0.7559441849610904,1.0,6.0,11.0,2020.0,0.0,4.0
0.026095464780923616,0.019428201603158377,0.01441095044759412,0.7658149272052112,0.01511116671534447,-0.12957635135879017,2.0,0.0,11.0,2020.0,0.0,12.0
0.014648544879308839,0.024630549752861237,0.038947686385149435,0.7169201228221522,0.03918806993463222,0.06546596798785,3.0,1.0,11.0,2020.0,23.0,3.0
0.03919114942605946,0.040755172842198616,0.05020347194174208,1.00146949445138,0.05025970113550001,-0.010120019676762173,4.0,2.0,11.0,2020.0,17.0,7.0
0.05043344274115974,0.07373503868621176,0.13895427238654495,1.3127871321201692,0.1372597315646018,1.7445576150852367,5.0,3.0,11.0,2020.0,23.0,0.0
0.1391464619322204,0.14484873362782708,0.1380970529181908,1.2575479290022917,0.1364662426980043,-0.07036050948038443,6.0,4.0,11.0,2020.0,1.0,20.0
0.13829683538177195,0.0940378471270365,0.09316589010044318,0.9965116282318429,0.09248628548645227,0.9909178849211349,7.0,5.0,11.0,2020.0,1.0,20.0
0.0933802650063644,0.1143275786324965,0.13279992466416,0.5413076256470449,0.13136724776151573,0.3643658731843778,8.0,6.0,11.0,2020.0,18.0,0.0
0.13300318738001304,0.12200446551827353,0.12376299086749418,0.9490088532886641,0.12254609287488032,0.3434668165850941,9.0,0.0,11.0,2020.0,12.0,16.0
0.12396956252741854,0.13840727905873795,0.12122144847408249,0.48397176268710734,0.12005544850479954,-0.645461215136935,10.0,1.0,11.0,2020.0,8.0,15.0
0.12142708692078545,0.14884257029897016,0.14641028487293023,0.7116278627430525,0.14473984240936633,-0.13438277259107134,11.0,2.0,11.0,2020.0,18.0,0.0
0.14660487216197562,0.16431813210671556,0.18169873437991285,0.9504538758865745,0.17932159021714678,0.07536833040956556,12.0,3.0,11.0,2020.0,23.0,0.0
0.18189027661030616,0.1932365974660212,0.18424342662484472,0.8107250988688045,0.18181532135810305,-0.445587316786156,13.0,4.0,11.0,2020.0,2.0,16.0
0.18442822957895053,0.17787516879075368,0.16892101907542814,0.5873892284126311,0.16679976694653048,-0.2926061406559929,14.0,5.0,11.0,2020.0,0.0,17.0
0.16911086851436863,0.18067867883749927,0.162013661492862,0.37977878646965485,0.16003073908383272,-0.6638463440441765,15.0,6.0,11.0,2020.0,8.0,22.0
0.16220503412761658,0.18619021884400058,0.20868759522428923,0.806780690925503,0.20576996050201166,0.3233263057277038,16.0,0.0,11.0,2020.0,21.0,0.0
0.2069981327281302,0.2294267845510567,0.26571910750542377,1.2124774276887589,0.26211374437800916,0.6959660260640599,17.0,1.0,11.0,2020.0,18.0,4.0
0.2658642287418159,0.2792718993930974,0.2754525027639581,1.7579898529860971,0.27171948747975044,0.3328730252283274,18.0,2.0,11.0,2020.0,4.0,15.0
0.2755988434473505,0.28114639058522395,0.27625551563811773,1.102821531044801,0.2725537373122629,-0.1230087235698454,19.0,3.0,11.0,2020.0,15.0,9.0
0.27641001902780293,0.3053773146297611,0.3256113664052649,1.10324558709774,0.3210110666781787,0.26927885090106646,20.0,4.0,11.0,2020.0,16.0,1.0
0.32575033512885065,0.34828028907583186,0.32689514443476186,1.2473713846078727,0.3223325917924147,-0.5104256791340644,21.0,5.0,11.0,2020.0,2.0,12.0
0.3270336175049564,0.299408068822331,0.3101881658110232,1.33578970916226,0.3060174655304387,0.21856875162759792,22.0,6.0,11.0,2020.0,0.0,11.0
0.3103329604901055,0.3202354948004873,0.3098272484876284,1.4150124091449219,0.3057186347142318,-0.19321364453477774,23.0,0.0,11.0,2020.0,10.0,1.0
0.3100260435362198,0.3283196016544074,0.3554467694559321,1.8884169177505066,0.3505086721030755,0.5247981323037494,24.0,1.0,11.0,2020.0,16.0,6.0
0.3553885379179081,0.3569288506112362,0.3324116405947112,1.467581289193104,0.32797606088662673,-0.09726824750148277,25.0,2.0,11.0,2020.0,13.0,23.0
0.33240841643237395,0.21592734842852299,0.23535394531044232,2.426841639980677,0.23283463224621245,2.2827400156960755,26.0,3.0,11.0,2020.0,0.0,17.0
0.23572395424779224,0.22701650899672982,0.23276275799288276,1.2059497673378814,0.2303447148534017,0.19178100651788466,27.0,4.0,11.0,2020.0,1.0,16.0
0.23320986540827726,0.25130986277239714,0.27013836998632895,0.8650460215840956,0.26706350492616265,0.23245912903493354,28.0,5.0,11.0,2020.0,20.0,9.0
0.2704314386934339,0.29230983939338423,0.29837312084793594,0.7854759368952907,0.29481340777106296,-0.13615741730405054,29.0,6.0,11.0,2020.0,21.0,1.0
0.2985722990532477,0.331459790887086,0.38725956924637406,1.685511960609139,0.3820594790987867,1.0429687878440923,30.0,0.0,11.0,2020.0,15.0,0.0
0.3878652660877289,0.3405389991146348,0.3367614484628049,1.7888429900499556,0.3325756335777413,0.8152216447785756,1.0,1.0,12.0,2020.0,11.0,13.0
0.3368197257172104,0.34217003971879906,0.3611927122384118,1.1246595866655487,0.3565968438146065,0.12810437284009663,2.0,2.0,12.0,2020.0,8.0,4.0
0.3616166164010465,0.37871899787829705,0.37618603989846694,0.8286680450328461,0.3713673451314824,-0.33150493015912236,3.0,3.0,12.0,2020.0,16.0,5.0
0.3764046836047453,0.3642660231547245,0.3304259793790819,0.9340000018433945,0.32652444663127395,-0.11075542818076993,4.0,4.0,12.0,2020.0,0.0,23.0
0.33047860704311277,0.35750086716539364,0.3583168765280524,0.5744127670113649,0.3539461271318685,-0.4052260692075484,5.0,5.0,12.0,2020.0,9.0,0.0
0.3584420291704739,0.37695559609514184,0.37003193156503056,0.46872237469127154,0.3654941058198792,-0.5290060056853488,6.0,6.0,12.0,2020.0,23.0,13.0
0.37003415888508906,0.3790577945958847,0.36061215276646397,0.5556415095958355,0.35631207722032004,-0.5514722068977421,7.0,0.0,12.0,2020.0,0.0,18.0
0.36073341341653775,0.3372527862423441,0.30718973698863594,0.8157581010341943,0.30393658917455335,0.17264198696560346,8.0,1.0,12.0,2020.0,6.0,23.0
0.3073186373435547,0.31611009289748393,0.32147503857471443,0.9637210285547934,0.3180089139535053,-0.2186362854768306,9.0,2.0,12.0,2020.0,23.0,7.0
0.3215774877080467,0.31747055607129815,0.3037435960371958,0.48246365714873557,0.30065405184998995,-0.362787715202464,10.0,3.0,12.0,2020.0,0.0,15.0
0.3038243681851967,0.2961296359404815,0.2910957709086536,0.6111412547936698,0.288291241006812,-0.274896081138706,11.0,4.0,12.0,2020.0,0.0,11.0
0.2907806127334004,0.3230961400992617,0.33680186545511764,0.27665882178730167,0.3332050575189007,0.05814832891056811,12.0,5.0,12.0,2020.0,22.0,0.0
0.33712788394568477,0.3666142428692565,0.35758971901793934,0.47722091833552044,0.3536711363331632,-0.30381986895514307,13.0,6.0,12.0,2020.0,13.0,0.0
0.3578476541192128,0.3842149342493819,0.36398834607997177,0.3157862610914446,0.36000823261910414,-0.7995045764566063,14.0,0.0,12.0,2020.0,23.0,1.0
0.36413166803329056,0.3884594972800452,0.37444786965104615,0.547268672100736,0.3703319177223044,-0.5960477689521143,15.0,1.0,12.0,2020.0,20.0,5.0
0.37467777902032606,0.40227283648683704,0.4906547720701496,1.5054741455684637,0.4844785520281999,1.6863680974254642,16.0,2.0,12.0,2020.0,23.0,0.0
0.49060220227116585,0.5247014870505161,0.5823772711017782,2.9682222701185115,0.5745922605809964,1.7315287565247965,17.0,3.0,12.0,2020.0,17.0,0.0
0.582533048945,0.5983686340467507,0.602801405077136,1.2873811876626744,0.5947196398089666,-0.24258125765814187,18.0,4.0,12.0,2020.0,8.0,15.0
0.6025376380032341,0.6253446873385814,0.647716914014204,1.184312047639988,0.6388993958611628,0.21485001576593854,19.0,5.0,12.0,2020.0,17.0,8.0
0.6472562980273004,0.645655402026892,0.6236266317435155,1.1494204435082023,0.6153144444386579,-0.04249332462132115,20.0,6.0,12.0,2020.0,20.0,4.0
0.6234944867647957,0.5831662252230325,0.5822496147873676,1.5837761421314336,0.5747484793933512,0.9017461655884785,21.0,0.0,12.0,2020.0,4.0,12.0
0.5817504103326148,0.6003154884077498,0.6423897190525687,1.4925994474556843,0.6338762267843941,0.34932483860977065,22.0,1.0,12.0,2020.0,23.0,8.0
0.6423610321653693,0.6238382302794081,0.6091461790148129,1.8708765250892934,0.6012978102908995,0.13549031371165873,23.0,2.0,12.0,2020.0,13.0,22.0
0.6091229446550801,0.6222544837112757,0.6395004585312319,1.3249599758641417,0.631171543054284,-0.09101678921886043,24.0,3.0,12.0,2020.0,23.0,3.0
0.6393913549462075,0.6656325594009997,0.6965041147933062,1.3785263311229004,0.6872310181111934,0.16502846105367802,25.0,4.0,12.0,2020.0,23.0,3.0
0.6972725839717944,0.732590074079559,0.8052682859699126,1.7182801203727158,0.7941383960675802,1.1089088238758438,26.0,5.0,12.0,2020.0,21.0,1.0
0.8053946677582954,0.8211118396245078,0.7951578853471809,2.7025312199771445,0.7842839039189735,1.1225251795998246,27.0,6.0,12.0,2020.0,11.0,21.0
0.7956673782906565,0.8391230996919171,0.8450224505109202,1.7575528451176439,0.83335551013388,-0.03080137248450867,28.0,0.0,12.0,2020.0,13.0,0.0
0.8448086783817902,0.8251917198908709,0.8620607348441407,1.5519516881786999,0.8501744774108089,0.12788120607776562,29.0,1.0,12.0,2020.0,23.0,5.0
0.8618813868842271,0.9119881276940045,0.952798447920168,1.8785391624239207,0.9394221494219487,0.29826942577265103,30.0,2.0,12.0,2020.0,21.0,0.0
0.9527716669980049,0.9652184156712347,0.9626648052634504,1.632711462412821,0.9492109021454578,-0.25860903926630713,31.0,3.0,12.0,2020.0,0.0,14.0
0.9621236908999561,1.0032548603767817,0.9855212466647194,1.3059521894281805,0.9717594072445132,-0.4831172213294302,1.0,4.0,1.0,2021.0,12.0,0.0
0.9855871277850315,1.0214384757687551,1.154482088830151,2.7776778559493795,1.1378753314438343,2.3875937040188613,2.0,5.0,1.0,2021.0,19.0,0.0
1.1544829961446006,1.2086598656681757,1.1946649987150906,3.0961069761180506,1.177464882491413,0.8653744217939455,3.0,6.0,1.0,2021.0,7.0,0.0
1.1962960603783697,0.9981443023295791,1.1449478691439834,3.0961069761180506,1.1287205285721233,2.5284010215001067,4.0,0.0,1.0,2021.0,4.0,10.0
1.1451352014610778,1.0928844402692313,1.2689484738013843,2.760425305233547,1.2506885074761394,2.2197088017395648,5.0,1.0,1.0,2021.0,22.0,6.0
1.2700806755499876,1.3010786659295006,1.4427464994085681,3.0961069761180506,1.4216281662638774,1.3675159998730808,6.0,2.0,1.0,2021.0,23.0,0.0
1.4431059643384947,1.4893129513326642,1.5990380767118002,3.0961069761180506,1.5753743229726536,1.3987659592590345,7.0,3.0,1.0,2021.0,18.0,8.0
1.5994212287209881,1.5112806557226228,1.6865876707985947,3.0961069761180506,1.6615502146800345,2.164032273388164,8.0,4.0,1.0,2021.0,15.0,2.0
1.6857341619249309,1.646726422574774,1.6532594032687262,2.458696460847525,1.6289058289386176,0.36398256044774774,9.0,5.0,1.0,2021.0,14.0,7.0
1.6529468826889409,1.457284913979493,1.5367711223649052,3.0961069761180506,1.5145198634520367,2.3018986885505712,10.0,6.0,1.0,2021.0,1.0,20.0
1.5359086171912943,1.1136486872395515,1.3655599666394054,3.0961069761180506,1.3463181075932973,4.070609769546433,11.0,0.0,1.0,2021.0,0.0,16.0
1.3622754313519094,1.2494824696742464,1.2646851226228482,3.0961069761180506,1.2472510329803794,1.627235322091725,12.0,1.0,1.0,2021.0,7.0,14.0
1.2640379282379255,1.2423183745801658,1.472940609034557,2.858973335970383,1.4521180221870695,2.634597256166684,13.0,2.0,1.0,2021.0,22.0,1.0
1.4732435349853659,1.5131728421533852,1.5877633934821618,2.547201763941515,1.5651281958444636,0.9543430918066231,14.0,3.0,1.0,2021.0,15.0,4.0
1.5856137479209744,1.3735078267046552,1.4428079586238096,2.772001262030825,1.4227137264368732,2.057689722173829,15.0,4.0,1.0,2021.0,0.0,16.0
1.442355912047301,1.4350878932257995,1.4030871446100142,2.2266722173616498,1.383766681978216,0.37393754987528377,16.0,5.0,1.0,2021.0,10.0,22.0
1.401987094799554,1.336187447922956,1.3793451897660391,1.9367034807954882,1.3605091067002577,0.7048368527051126,17.0,6.0,1.0,2021.0,21.0,10.0
1.3792006246574227,1.3876865756996912,1.4308228513016816,1.782228455252625,1.4112428588654633,0.5526478243250715,18.0,0.0,1.0,2021.0,12.0,5.0
1.4313485905209813,1.4626704762399165,1.3964386955947072,2.201615166853853,1.3775396660458095,-0.0033727024820697795,19.0,1.0,1.0,2021.0,16.0,23.0
1.395021533879547,1.3046474098243275,1.3643997489246014,2.721767843003837,1.346132478251792,0.8220388759160578,20.0,2.0,1.0,2021.0,1.0,16.0
1.364302233915676,1.0947535903029797,1.0746037751075659,3.0961069761180506,1.0611821026864146,2.667352567010435,21.0,3.0,1.0,2021.0,0.0,22.0
1.074004068048046,1.0127253708457,1.208396038546328,3.0961069761180506,1.1928789631194328,2.8877379196393362,22.0,4.0,1.0,2021.0,20.0,1.0
1.2070207546313947,1.173306463762321,1.1508228533753906,1.71947825110704,1.1363414622318833,0.27140189615790294,23.0,5.0,1.0,2021.0,6.0,13.0
1.150493287659064,1.148871185160404,1.1644309128432229,1.7351577485312837,1.1498224098019287,0.2889102982517961,24.0,6.0,1.0,2021.0,5.0,19.0
1.1640777484536324,1.210902555505949,1.1691573800904533,2.345498123111472,1.1545638673603615,0.9827033982479504,25.0,0.0,1.0,2021.0,14.0,22.0
1.1685449639559822,1.144039450807035,1.1816436619238426,2.364934830321919,1.166953905418733,0.2169618373383152,26.0,1.0,1.0,2021.0,23.0,14.0
1.1811474721030844,1.038886255053234,1.0504757706821757,2.4908372230728593,1.0379919168953646,1.3473664606327576,27.0,2.0,1.0,2021.0,0.0,14.0
1.0509003643542787,1.080366921708014,1.236647015068999,3.0961069761180506,1.221264051028856,2.067625500092329,28.0,3.0,1.0,2021.0,23.0,0.0
1.288796186315263,1.209450010608239,1.2888300433845001,3.0961069761180506,1.27271213299676,3.5902948072617575,29.0,4.0,1.0,2021.0,13.0,7.0
1.2874012739713236,1.2647965077284962,1.2859538343741794,2.629958579569422,1.269973730247443,0.23554471562176016,30.0,5.0,1.0,2021.0,1.0,3.0
1.2858639784638166,1.222434260650508,1.215060546936152,1.958110165779532,1.2003153381599045,0.33001640020454115,31.0,6.0,1.0,2021.0,0.0,18.0
1.214923989134735,1.229645341162124,1.241009277465205,2.427034990490224,1.225932324918824,0.5676988889533315,1.0,0.0,2.0,2021.0,9.0,0.0
1.2406068850532865,1.2995097031785996,1.3621006865787717,2.5185969557347607,1.345206199498933,0.6643767806086178,2.0,1.0,2.0,2021.0,20.0,0.0
1.3619355521937768,1.4231020196057569,1.4824979216834089,2.4143661918951067,1.4638078534579477,0.2899291023230263,3.0,2.0,2.0,2021.0,23.0,0.0
1.482445938691174,1.4783311280173452,1.4489879097371563,2.8304316059800536,1.4309438378378774,0.3768907995862624,4.0,3.0,2.0,2021.0,8.0,15.0
1.4490981793506468,1.4999080023797122,1.5237523794133978,2.2750449737196394,1.504664493908961,-0.09611343297208917,5.0,4.0,2.0,2021.0,14.0,2.0
1.5231389834959197,1.593459066215608,1.5925922058016238,2.9653708869657516,1.5725512700446262,0.6439008055705903,6.0,5.0,2.0,2021.0,16.0,0.0
1.5913489727200505,1.5496917073963585,1.5703410527114314,2.649419460853121,1.5507709853356277,0.24048340079160116,7.0,6.0,2.0,2021.0,9.0,16.0
1.569056336352578,1.5895348980168282,2.0179194174116275,3.0961069761180506,1.9915373052109129,4.217668092992648,8.0,0.0,2.0,2021.0,23.0,4.0
2.0168047860986715,2.0378489945805787,2.035388024077519,3.0961069761180506,2.008862017404303,0.3956249700167783,9.0,1.0,2.0,2021.0,7.0,13.0
2.034275646540955,1.9565522670333604,1.9394704414621435,3.0961069761180506,1.9145666377400907,0.624204324181293,10.0,2.0,2.0,2021.0,10.0,15.0
1.937890445870525,1.9759380386237133,2.123039407229675,3.0961069761180506,2.0954227961715555,1.2711650847631824,11.0,3.0,2.0,2021.0,20.0,1.0
2.1206130275775066,2.117388686487716,2.098216158899759,3.0961069761180506,2.071121304467427,0.060294329844215754,12.0,4.0,2.0,2021.0,0.0,14.0
2.0969419241512948,2.1153214750310965,2.073708742996241,2.907034861746774,2.0471301161758153,-0.29229575940421737,13.0,5.0,2.0,2021.0,3.0,11.0
2.0738314968406217,2.160985164711547,2.1726244713306575,2.961175203227123,2.144690391112428,0.10940003509243565,14.0,6.0,2.0,2021.0,12.0,0.0
2.170890175227843,2.1124886095496835,2.1252319169861225,3.0961069761180506,2.098164851295056,0.14943321938517348,15.0,0.0,2.0,2021.0,0.0,2.0
2.124749523594918,2.1664728307438725,2.2022408453150684,3.0961069761180506,2.174121841842354,0.5009360382887393,16.0,1.0,2.0,2021.0,12.0,0.0
2.2022244855826867,2.2847737036184967,2.3832315938438002,3.0961069761180506,2.3525132686528063,0.626739005468867,17.0,2.0,2.0,2021.0,21.0,1.0
2.38220919565324,2.407646718178618,2.3544357648745144,1.9201541241929219,2.324300134719481,-0.4707035596812553,18.0,3.0,2.0,2021.0,0.0,12.0
2.3536815841137972,2.40268416703867,2.6127046313548665,2.540666586868533,2.578856413668818,1.399093060335632,19.0,4.0,2.0,2021.0,21.0,2.0
2.612051685300962,2.6359436037388893,2.6256776032105624,2.7928663266936438,2.5918019443943554,0.1388965943612175,20.0,5.0,2.0,2021.0,12.0,22.0
2.623170452056102,2.7020813607721204,2.714077476231582,1.9116314198892994,2.6790449979308355,0.03264416896042321,21.0,6.0,2.0,2021.0,19.0,0.0
2.712998538791574,2.278146841455919,2.5095517500371165,3.0961069761180506,2.4777176568584545,2.660709267543056,22.0,0.0,2.0,2021.0,0.0,14.0
2.508834678767826,2.0456656646471076,2.179199530148027,3.0961069761180506,2.1523937659446184,3.063933619325995,23.0,1.0,2.0,2021.0,0.0,11.0
2.179390394529076,2.167243836843681,2.233261434001763,2.5515153007709475,2.2058163791480303,0.9668114823572447,24.0,2.0,2.0,2021.0,4.0,0.0
2.2330107010967732,2.1596791283118355,2.072992886551912,2.0531345357673705,2.048061946288965,1.334368606373449,25.0,3.0,2.0,2021.0,13.0,23.0
2.0778778583397512,1.9928244789831997,2.0267136250682345,3.0961069761180506,2.002598546552695,0.9544221566836535,26.0,4.0,2.0,2021.0,17.0,7.0
2.026607469472158,2.0443022229593995,2.017427687579019,1.5869344889865746,1.9935987492642662,0.47255230456303554,27.0,5.0,2.0,2021.0,6.0,23.0
2.0173584703561267,1.9161169345486577,1.9529466011222574,1.9954981127323324,1.9301778398353828,0.753016466279435,28.0,6.0,2.0,2021.0,1.0,18.0
1.9538902179521762,2.0345696453278035,2.2287143545113914,2.019764403489811,2.2020610414411776,1.4824181385893778,1.0,0.0,3.0,2021.0,23.0,0.0
2.227061180330975,2.1682141810710256,2.1518626086740698,1.6747956819806875,2.1264657557631885,0.31805719198146687,2.0,1.0,3.0,2021.0,0.0,20.0
2.1536676662891048,2.23431560921161,2.2843777651175623,1.983399182964711,2.2572154371124395,1.0840473560957768,3.0,2.0,3.0,2021.0,13.0,0.0
2.2829025851607545,2.1952802896501518,2.1630430182766323,1.935833647487641,2.137756855880771,0.8953966565191831,4.0,3.0,3.0,2021.0,2.0,20.0
2.1604909220046613,2.1248201129135644,2.1855132125722188,1.7341868143550245,2.1600474625562476,0.3280093109649281,5.0,4.0,3.0,2021.0,20.0,1.0
2.1833256284181677,2.170027607436613,2.1845973874107845,0.9606399145820308,2.1592983833123838,-0.1942408090412931,6.0,5.0,3.0,2021.0,0.0,13.0
2.1845188703826475,2.2750560331850167,2.3254010256466144,1.4365090588103984,2.298236024058249,0.11028909837820791,7.0,6.0,3.0,2021.0,23.0,0.0
2.3228917890178877,2.3121934121593264,2.3892161502707734,1.7326410164486077,2.361305819987297,0.22599854275079814,8.0,0.0,3.0,2021.0,23.0,8.0
2.390307325534745,2.468727454861313,2.5474051618308606,1.8581886341173222,2.51740937155975,0.2131052217130346,9.0,1.0,3.0,2021.0,23.0,0.0
2.546815840859339,2.5514943440906377,2.6200946363200623,2.2044019759263422,2.589235703303494,0.6790358745004602,10.0,2.0,3.0,2021.0,19.0,5.0
2.6167048008665494,2.6269675886398054,2.7303517362740704,2.176023367242817,2.698095803286644,0.4738824097222183,11.0,3.0,3.0,2021.0,23.0,8.0
2.7306970198689235,2.6833689689670854,2.701321273734312,2.1173173704975223,2.6696467079584805,-0.021585097964697562,12.0,4.0,3.0,2021.0,0.0,13.0
2.701380616461704,2.7365625862773504,2.941342083721413,2.3874110681035425,2.9064807610813657,1.2734601509790338,13.0,5.0,3.0,2021.0,20.0,1.0
2.9392846701123894,2.9315739956396705,2.822235677034688,1.4779333946491893,2.78922642212827,-0.22396368678850193,14.0,6.0,3.0,2021.0,0.0,23.0
2.8194232262110503,2.684413167116498,2.613874759772762,2.699248490775995,2.583934613857673,1.0543430713151085,15.0,0.0,3.0,2021.0,4.0,12.0
2.6091958531656227,2.5681946972767067,2.6689673585319946,2.337511396256142,2.638436101394037,0.3252767891939546,16.0,1.0,3.0,2021.0,22.0,1.0
2.669629023667522,2.6297516963257883,2.7957588773207527,2.3650916683884518,2.7636348135130704,0.8289541871393051,17.0,2.0,3.0,2021.0,22.0,12.0
2.796456481160466,2.6123615075637563,2.733653341499787,2.1203598616860857,2.7025581115027766,1.3829809637730819,18.0,3.0,3.0,2021.0,16.0,13.0
2.7324898073015556,2.7634798226846713,2.7635858446364105,1.757939602881046,2.73225972346247,0.08289010036175859,19.0,4.0,3.0,2021.0,20.0,0.0
2.762049961583313,2.8627194163016125,2.7615599732338363,1.8283314103287618,2.73043899854463,-0.387913150244918,20.0,5.0,3.0,2021.0,13.0,0.0
2.7606788212250732,2.723136161628143,2.7130634666241185,1.91411706323153,2.6827885846327577,0.03178473803137549,21.0,6.0,3.0,2021.0,0.0,10.0
2.7120876399257856,2.614547744827514,2.529302491811901,2.1624159378165535,2.5016922998120688,0.6884968961069994,22.0,0.0,3.0,2021.0,10.0,22.0
2.5276529593437336,2.5628625559151774,2.542178036838157,2.1577281821345426,2.514565873397393,-0.00033085168210046927,23.0,1.0,3.0,2021.0,18.0,6.0
2.539851164562511,2.5023955419151696,2.4216040432899315,2.924215366706174,2.3957792755824325,1.052462500770337,24.0,2.0,3.0,2021.0,13.0,22.0
2.41814684792773,2.3975813672769837,2.355931077758289,2.7849668700131613,2.3311572997610974,0.050461325911852206,25.0,3.0,3.0,2021.0,6.0,12.0
2.3541128071273976,2.443312021013523,2.566626235151367,2.1695070373865293,2.539180143265105,0.5875363511531272,26.0,4.0,3.0,2021.0,23.0,0.0
2.5660527648949554,2.6116868631645205,2.6179442930732333,1.6604578510280108,2.58999513225618,-0.10286985408098619,27.0,5.0,3.0,2021.0,22.0,12.0
2.617426354046207,2.6640509541952486,2.6165471834486955,1.683239461229132,2.588802610935077,-0.4829065528581954,28.0,6.0,3.0,2021.0,9.0,19.0
2.6157672913016,2.668364863448841,2.7269810605987423,2.2223006745261515,2.6979423289709756,0.28746610940254924,29.0,0.0,3.0,2021.0,12.0,5.0
2.7263358404170126,2.8019118168191537,2.798631011507339,2.0481203574577425,2.768832747439934,-0.21041027915896077,30.0,1.0,3.0,2021.0,12.0,4.0
2.7987387153243115,2.8319359299118014,2.798700953845906,2.6505142378176965,2.7690822114639353,-0.2266413182899402,31.0,2.0,3.0,2021.0,6.0,8.0
2.798510880626987,2.881180311011446,2.809562061461997,2.4416118786116825,2.7799860298205004,-0.7200387946391115,1.0,3.0,4.0,2021.0,8.0,11.0
2.809082544649367,2.9041947081357495,2.8272678577950794,2.282084614082233,2.7976214755696622,-0.5824635635246176,2.0,4.0,4.0,2021.0,2.0,0.0
2.827397571422279,2.8241888480361594,2.718001860938217,2.331629177631417,2.6899258555006673,-0.10224924303781899,3.0,5.0,4.0,2021.0,8.0,23.0
2.7174219187214623,2.7966719561309996,2.7888646669520027,1.849371638743302,2.76005001529429,-0.4105023854698218,4.0,6.0,4.0,2021.0,14.0,1.0
2.7883456067839694,2.829938439969907,2.8072343289132413,2.3893875867260315,2.7783735423973126,-0.22699516269611028,5.0,0.0,4.0,2021.0,16.0,6.0
2.8135644040819874,2.8269024988935874,2.7541166858267463,2.679650414080781,2.726104653878269,-0.3928977529210603,6.0,1.0,4.0,2021.0,1.0,14.0
2.753107852466679,2.697744933155956,2.622573304094426,3.0961069761180506,2.5964150560113786,0.19676681757182343,7.0,2.0,4.0,2021.0,6.0,19.0
2.625093485642825,2.7151359717136145,2.7621927654381535,1.9743439834246026,2.734426435287524,-0.05958639448050875,8.0,3.0,4.0,2021.0,23.0,0.0
2.761700348614942,2.837085392609549,2.757347507912302,1.6273009864699668,2.729809096001067,-0.6936674742613859,9.0,4.0,4.0,2021.0,11.0,8.0
2.7572348171481647,2.851680684194731,2.852363717519555,2.2555415960564607,2.8238212458295746,0.24443446715206274,10.0,5.0,4.0,2021.0,5.0,0.0
2.8549331947346084,2.930782318387194,2.8776318727379726,1.606964524718712,2.848950782252596,-0.545606089487424,11.0,6.0,4.0,2021.0,3.0,13.0
2.8751614214569985,2.9497551200126697,2.858514079623683,1.9078946757211404,2.8302488318603816,-0.4792726426176385,12.0,0.0,4.0,2021.0,7.0,10.0
2.857619563939611,2.9674636764163282,3.080062917334648,2.8925535032466305,3.049207913843154,0.47941635517565045,13.0,1.0,4.0,2021.0,16.0,0.0
3.080552359723989,3.0739897438588044,3.0558974418628666,3.0961069761180506,3.025515858008425,0.15369282604729698,14.0,2.0,4.0,2021.0,11.0,19.0
3.053032913111504,3.115350284591944,3.068436404514389,2.402844283260756,3.038117531357746,-0.5328882108934511,15.0,3.0,4.0,2021.0,21.0,11.0
3.064279070056034,2.9897557059638076,2.9615763221919327,3.0961069761180506,2.9327196505348874,0.18550254367165864,16.0,4.0,4.0,2021.0,0.0,11.0
2.9582289913176516,2.998532774342879,2.907019652093634,2.6840290273552,2.8789484791254445,-0.26451886034042577,17.0,5.0,4.0,2021.0,3.0,18.0
2.9074283604100613,2.522324602133734,2.6328373923166986,3.0961069761180506,2.6082639121274847,2.315247634118964,18.0,6.0,4.0,2021.0,0.0,3.0
2.6307175777532423,2.619633384409927,2.6026480134881558,2.640970649150531,2.5785546257649017,0.25739714115155315,19.0,0.0,4.0,2021.0,8.0,15.0
2.5994414386408033,2.561430798737764,2.6486003066547736,2.7768048143219004,2.6240894079987984,0.4858659537369677,20.0,1.0,4.0,2021.0,22.0,7.0
2.647867810999877,2.577074350131473,2.4910649714817756,2.0759165707510703,2.4685830997770135,0.20941099865187676,21.0,2.0,4.0,2021.0,0.0,23.0
2.487495456599357,2.3803361266691985,2.3594973407462567,3.0961069761180506,2.3387607066150897,1.1257566093751497,22.0,3.0,4.0,2021.0,12.0,21.0
2.3575973405564628,2.198930534980248,2.3184635365452326,3.0961069761180506,2.2983601965414193,1.0103633598543131,23.0,4.0,4.0,2021.0,0.0,8.0
2.320996620568348,2.2678864615930694,2.2544671756110626,1.7552614370775483,2.2352688176284614,0.0011505199519010907,24.0,5.0,4.0,2021.0,0.0,11.0
2.2541000022564717,2.1638288426709784,2.190235613784009,1.5981164014050453,2.1719564354574157,0.5364606032790269,25.0,6.0,4.0,2021.0,15.0,21.0
2.1942805301027715,2.270890474322003,2.4981635280640075,2.258013135115052,2.4763383294981534,1.6730054478534753,26.0,0.0,4.0,2021.0,19.0,0.0
2.4981212259597894,2.5532833603149645,2.5602316644153063,1.7787855124631498,2.5378262259186286,-0.18954462053416032,27.0,1.0,4.0,2021.0,21.0,4.0
2.5598606365390446,2.589242074440299,2.547441191606895,1.70026942644502,2.52535187968464,-0.09428806843571072,28.0,2.0,4.0,2021.0,20.0,6.0
2.548906695218291,2.496306544999905,2.469525087207872,1.5965877627030378,2.44848250859509,0.07854724290675281,29.0,3.0,4.0,2021.0,0.0,20.0
2.46979921926,2.541296570784283,2.726979678170676,1.938660221816045,2.703073278335748,1.1115209436571045,30.0,4.0,4.0,2021.0,23.0,0.0
2.724159850039366,2.789312324070835,2.731758821455871,1.4201820052716578,2.7079545662294784,-0.5685989343802549,1.0,5.0,5.0,2021.0,1.0,15.0
2.7309819375589917,2.7317532300723233,2.6582996575263693,1.1674909375948421,2.635568855261238,-0.40650848230544695,2.0,6.0,5.0,2021.0,0.0,9.0
2.6570179748691523,2.760139434170874,2.6932327453495293,1.90162762580123,2.670287801292926,-0.10533833396828167,3.0,0.0,5.0,2021.0,8.0,0.0
2.6934546112004627,2.5452054776233495,2.4559271211543368,2.8156049951671465,2.435929197103366,0.6258168320688177,4.0,1.0,5.0,2021.0,0.0,23.0
2.4503817529391854,2.531145886872858,2.7069622895070657,2.8523022347806246,2.6842672069364446,1.2084812504968006,5.0,2.0,5.0,2021.0,16.0,0.0
2.707389122954973,2.683739222625681,2.6439043311635526,2.867595333911387,2.622114977037268,0.14885918156169087,6.0,3.0,5.0,2021.0,10.0,19.0
2.6443601281825653,2.6799039592469756,2.7028133758407384,2.8085171179327104,2.680550751367105,0.31287638739551893,7.0,4.0,5.0,2021.0,17.0,4.0
2.7019570508190083,2.7844398898289593,2.791639823392802,2.64303791563523,2.7685863529189696,-0.07095736751955299,8.0,5.0,5.0,2021.0,20.0,0.0
2.7954939258837053,2.7532562752372303,2.7565689056403895,2.671442324534053,2.7341352041028806,0.005268706554336393,9.0,6.0,5.0,2021.0,1.0,13.0
2.757056637279238,2.600846458301187,2.6109656208673946,2.9898053113465477,2.5903623418574835,1.2270038827391263,10.0,0.0,5.0,2021.0,4.0,20.0
2.6095918438174746,2.6348113919990594,2.6628101416501777,2.4220449574947143,2.6418264559978697,-0.14522696495341644,11.0,1.0,5.0,2021.0,20.0,2.0
2.662800937939556,2.2897152575008084,2.199212967058997,3.0961069761180506,2.1835443230343587,2.818164249346168,12.0,2.0,5.0,2021.0,4.0,23.0
2.2346272734478916,2.1524818193829507,2.2339278153465147,3.0961069761180506,2.2180401726437524,1.070445187867443,13.0,3.0,5.0,2021.0,7.0,0.0
2.231409409437446,2.271888275089216,2.244013598669645,2.119896485853913,2.2281486721932326,0.14434305833900182,14.0,4.0,5.0,2021.0,15.0,4.0
2.2419932130466496,2.132510122381498,2.052515520254324,2.3055793406883507,2.0388643620843467,0.8700406269845342,15.0,5.0,5.0,2021.0,2.0,23.0
2.0494217429208774,1.9617493087175375,2.0338509464987857,2.57062569332541,2.0205284633193217,1.9961784002894685,16.0,6.0,5.0,2021.0,10.0,20.0
2.0309711711825726,1.8507201644071896,1.8547374749090628,3.0961069761180506,1.8434696733224316,1.2689799460998301,17.0,0.0,5.0,2021.0,0.0,17.0
1.8513456713604854,1.860870711284031,1.8161898543079378,2.1442959266538324,1.8054242489494812,0.8562540408058409,18.0,1.0,5.0,2021.0,6.0,23.0
1.818027105225981,1.1219881064666384,1.453675163442733,3.0961069761180506,1.446872150468952,6.562761539651962,19.0,2.0,5.0,2021.0,0.0,13.0
1.4381853423160416,1.3982309225167255,1.6856749366838255,3.0961069761180506,1.6763760593989208,4.027847823101437,20.0,3.0,5.0,2021.0,13.0,0.0
1.673973685802558,1.307554303048664,1.4722244902160861,3.0961069761180506,1.4652219227254693,4.26275838316921,21.0,4.0,5.0,2021.0,0.0,21.0
1.4760609045860769,1.4192895441488653,1.4864588528576084,2.208832896197583,1.479303151433901,1.1939170156713357,22.0,5.0,5.0,2021.0,13.0,5.0
1.485902715990601,1.1564996585838343,1.3167043983483826,3.0961069761180506,1.3113749232121854,3.677768643223914,23.0,6.0,5.0,2021.0,0.0,16.0
1.3122133007369026,1.3666472019154774,1.5582226067200309,2.750242826278882,1.5502948675070565,2.748518698994747,24.0,0.0,5.0,2021.0,20.0,4.0
1.5634705246138965,1.4950184276453073,1.5395809426943208,2.1456274823782238,1.5324431562552867,0.9376673607521339,25.0,1.0,5.0,2021.0,0.0,12.0
1.5387365318510537,1.5787555914007738,1.594322041944373,1.8817550034365413,1.586708598174175,0.7451028111681077,26.0,2.0,5.0,2021.0,8.0,0.0
1.59544102200457,1.537157098712402,1.5417132505623545,1.4404959801494752,1.5347424715921774,0.8677673179666251,27.0,3.0,5.0,2021.0,13.0,3.0
1.5457587125564287,1.3810601770497004,1.373596496109529,2.0907546831408386,1.3684648277162796,1.5475074372403013,28.0,4.0,5.0,2021.0,0.0,21.0
1.3725698397854285,1.3124527896996454,1.3072216563518861,1.550057005527677,1.3028581256475897,1.3744853498649536,29.0,5.0,5.0,2021.0,5.0,18.0
1.3065102752499897,1.30150254817939,1.3724011662681452,0.8132519297573106,1.3674679194523367,0.9600660760241696,30.0,6.0,5.0,2021.0,12.0,0.0
1.371001471721042,1.347101642720907,1.4739528761786702,1.2126400554779764,1.4680823009463784,1.1480918759590124,31.0,0.0,5.0,2021.0,23.0,4.0
1.4713223176894321,1.4447951359652074,1.4341889662735527,0.9756016411205264,1.4288295067838754,0.2699361301800746,1.0,1.0,6.0,2021.0,0.0,17.0
1.4348879321023797,1.4561266120623821,1.4888246015933173,0.8905279678366966,1.4830353092072697,0.4032867587197322,2.0,2.0,6.0,2021.0,15.0,1.0
1.4900722098638417,1.5369086229693787,1.5890790522286524,1.0201479060251977,1.5823870996541132,0.3443497997008839,3.0,3.0,6.0,2021.0,10.0,2.0
1.5908763104607062,1.4404095347072634,1.4470449643436922,1.3656555998777422,1.4418842361407198,1.1310632833335523,4.0,4.0,6.0,2021.0,0.0,12.0
1.4459453798523556,1.3887341194271667,1.3646579873138855,1.0471971106909401,1.360421573776019,0.9237196026280116,5.0,5.0,6.0,2021.0,7.0,21.0
1.363640339472309,1.41428811894658,1.383708639366835,0.6650418975788558,1.3793932492317695,-0.37024874007360764,6.0,6.0,6.0,2021.0,6.0,22.0
1.3818404799518753,1.298967384778029,1.2424533940853917,0.9237789760948135,1.2396354563236751,1.1969740038925505,7.0,0.0,6.0,2021.0,1.0,23.0
1.2440621753238676,1.1493616119067576,1.2370480969544697,1.8033997344468589,1.2343863247503493,1.0431173888675334,8.0,1.0,6.0,2021.0,0.0,15.0
1.2334765182532448,1.2354392595099881,1.4747057603110172,2.024191162094433,1.4697876102275687,2.7274980892903002,9.0,2.0,6.0,2021.0,23.0,2.0
1.477195020410048,1.4486208067637094,1.4352736858555633,1.4602959392550583,1.430835705243332,0.5273649984655163,10.0,3.0,6.0,2021.0,10.0,20.0
1.4347105283760897,1.4610672820043864,1.474047745367303,1.19582060456449,1.4693093899389293,-0.09113590028121657,11.0,4.0,6.0,2021.0,10.0,2.0
1.4741659576050676,1.377845167018935,1.364692258136245,1.1537594051373534,1.3611143154023684,0.6641936015969169,12.0,5.0,6.0,2021.0,0.0,10.0
1.3646944333106077,1.3864388628677018,1.5822727213459895,1.3026335116968035,1.5766816569846074,2.0524657414006797,13.0,6.0,6.0,2021.0,20.0,4.0
1.5770407108985527,1.6325894989509975,1.6510458432645085,1.4371303589072901,1.644826880672144,0.27919714576549864,14.0,0.0,6.0,2021.0,14.0,3.0
1.663557639496305,1.686469928718507,1.662570728682279,1.6145520875747459,1.6563722938677061,-0.11512315126344787,15.0,1.0,6.0,2021.0,18.0,9.0
1.6476997038005812,1.595839269639658,1.5361956928771674,1.2235843885441717,1.5313576426387217,0.3140757235828059,16.0,2.0,6.0,2021.0,6.0,23.0
1.5355953782144651,1.549282015681221,1.5181797487224016,1.1088751696371852,1.5136147837478215,0.20582561361091745,17.0,3.0,6.0,2021.0,9.0,20.0
1.5207517437504685,1.4112074119050244,1.3790976729024358,1.0602906590206982,1.3759443235093263,0.7975256941900395,18.0,4.0,6.0,2021.0,0.0,18.0
1.3830223247942413,1.3907984559476967,1.368580226392967,0.7894526981044638,1.3655999905783445,-0.0937346400296446,19.0,5.0,6.0,2021.0,12.0,3.0
1.3651453174255792,1.2958967915965194,1.3736388451984052,1.085410320094554,1.3706868894371111,0.7182607340438211,20.0,6.0,6.0,2021.0,20.0,12.0
1.3699310903477118,1.160836729579131,1.1268300044167365,1.96106585749878,1.1262664732246448,2.020734839969434,21.0,0.0,6.0,2021.0,0.0,23.0
1.1233762668314495,1.0089475359090605,1.1777042888540077,2.2949112387227792,1.1767233489880617,2.4074081307166404,22.0,1.0,6.0,2021.0,18.0,13.0
1.1781832490760236,1.1909764617016791,1.252415166881568,1.608963499811583,1.250789960863081,1.1790189199138317,23.0,2.0,6.0,2021.0,13.0,0.0
1.2497849532359335,1.2297077194543091,1.3100672893073124,0.8933754570911216,1.3079936051493357,0.9913201436076969,24.0,3.0,6.0,2021.0,18.0,2.0
1.309682022524747,1.1643109039910318,1.1244418422252875,1.2788664203598987,1.124159819840191,1.8956568178231665,25.0,4.0,6.0,2021.0,2.0,22.0
1.121676019671599,1.0905649903288064,1.1581035612941013,1.1896185318202483,1.1575677512699916,0.8156944314533332,26.0,5.0,6.0,2021.0,5.0,8.0
1.1641835355491403,1.209888987717317,1.3092822770509325,1.0229080488970015,1.3074021255900248,0.8778473812503215,27.0,6.0,6.0,2021.0,23.0,0.0
1.3109101264741574,1.3256130992016253,1.2960685819245084,0.9350921001564685,1.294364049714326,-0.21092731080424523,28.0,0.0,6.0,2021.0,7.0,12.0
1.2984213960243507,1.3477681310981595,1.384040041997941,1.1525245112074847,1.3816020969160596,0.5248846396292202,29.0,1.0,6.0,2021.0,17.0,3.0
1.3863266089429371,1.337251525556423,1.3332900705141688,0.9441232192465769,1.3313792992852922,0.23916077944195144,30.0,2.0,6.0,2021.0,0.0,16.0
1.332803814724419,1.2612301900426202,1.2431536231630531,1.1491345420436927,1.2421216745455226,0.3957945475601556,1.0,3.0,7.0,2021.0,0.0,19.0
1.2416130084263746,1.2540792778579821,1.2630948838211453,1.1974063816898968,1.2619483227013752,-0.2927387403185249,2.0,4.0,7.0,2021.0,0.0,6.0
1.2603140419135541,1.2940392367483518,1.3104424186230264,0.41937668676316797,1.3089529206685635,-0.04257033129443632,3.0,5.0,7.0,2021.0,17.0,3.0
1.3100783713955215,1.3568722348299012,1.3484451220718818,0.4486835740651237,1.3466993466043322,-0.04374363004832539,4.0,6.0,7.0,2021.0,21.0,1.0
1.3480410129344547,1.2820872389889189,1.2538250668372546,0.5461607059527069,1.2530119903372245,0.32476606970624816,5.0,0.0,7.0,2021.0,0.0,17.0
1.2522824997093043,1.3065086860614414,1.2838470931495203,0.5342126125639471,1.2828679943597157,-0.09027207327116545,6.0,1.0,7.0,2021.0,8.0,17.0
1.2830910890542875,1.3216433321246448,1.2605343910341307,0.4417260366731998,1.2598462039503553,-0.3185316143763672,7.0,2.0,7.0,2021.0,12.0,23.0
1.262472670095718,1.2137726940660394,1.2005165885355178,0.7191137534210542,1.2004454561039741,0.1611530539152935,8.0,3.0,7.0,2021.0,0.0,11.0
1.1994079985569885,1.2255136508880733,1.257016822395441,0.5849111913403933,1.2565412177949067,0.16313648325039248,9.0,4.0,7.0,2021.0,22.0,1.0
1.2576650147186865,1.2759133308945731,1.2399870327846212,0.3427895170162815,1.2397729347546893,-0.357817831020085,10.0,5.0,7.0,2021.0,0.0,20.0
1.2391268938027562,1.2905011732167506,1.284153551728335,0.18750136101758152,1.283643167618277,-0.23827592847647913,11.0,6.0,7.0,2021.0,22.0,4.0
1.2848295422225295,1.2494402364376813,1.2176068435614367,0.41598909637216064,1.2177535642256678,0.23754152414603477,12.0,0.0,7.0,2021.0,4.0,20.0
1.215592188721591,1.2218806810137997,1.1897554268598798,0.13392217502238138,1.1902289360923626,-0.3618880763836721,13.0,1.0,7.0,2021.0,10.0,20.0
1.1909523051760076,1.182535241541678,1.197139730131671,0.25626304506552366,1.1976625694483403,-0.06945892312694321,14.0,2.0,7.0,2021.0,18.0,9.0
1.1973345401021198,1.1532353094280734,1.1332148742168262,0.25214065993262597,1.1343668136597729,0.37005347392763843,15.0,3.0,7.0,2021.0,1.0,17.0
1.136822788921687,1.148491044066822,1.11117092940386,0.38225249696570873,1.1126027547987483,-0.28595912475667784,16.0,4.0,7.0,2021.0,16.0,11.0
1.1095681278419107,1.1562879418404783,1.1180155544830486,0.12167342923912507,1.1194825783743227,-0.6077933001353926,17.0,5.0,7.0,2021.0,8.0,4.0
1.1179471865602562,1.1557506099745045,1.1342016403002073,0.11586832684560912,1.1356283003094505,-0.2230762095071845,18.0,6.0,7.0,2021.0,1.0,14.0
1.1342743557455057,1.114542489401715,1.0741209805032184,0.2051858650195961,1.0761458073202408,-0.1183197796717526,19.0,0.0,7.0,2021.0,5.0,14.0
1.0752715800152897,1.0384953034226787,1.0121068039362122,0.3523565745615812,1.014721152880374,0.18659535809675545,20.0,1.0,7.0,2021.0,0.0,14.0
1.0113440390464028,1.048942035056196,1.1534648883000087,0.6265111108164317,1.1550154960027152,1.6089506949188146,21.0,2.0,7.0,2021.0,18.0,1.0
1.1550637095157368,1.189248292722281,1.1658871329900153,0.1574812805686223,1.1674327391446322,-0.5253351632726861,22.0,3.0,7.0,2021.0,16.0,11.0
1.1653145774804357,1.2090124443350636,1.2437325309034193,0.3200193730089305,1.2447442580316288,0.026371110317917126,23.0,4.0,7.0,2021.0,23.0,17.0
1.2443203737323905,1.2954404855852422,1.2873607201924318,0.2718928089443217,1.2881215061441509,-0.3736158034136864,24.0,5.0,7.0,2021.0,17.0,0.0
1.2870550308336397,1.3243334992109612,1.3522751002211335,0.2280681963459851,1.3526267766908426,-0.07494876549531489,25.0,6.0,7.0,2021.0,23.0,14.0
1.3541567985773244,1.413196305516366,1.4742400683308243,1.864149209509144,1.4737400959281801,2.619852173688968,26.0,0.0,7.0,2021.0,19.0,0.0
1.470232951152439,1.4861855617005486,1.6012412031861605,1.0004392963502298,1.5998660554652406,0.8650307945503893,27.0,1.0,7.0,2021.0,23.0,3.0
1.606870437734446,1.6392378484621986,1.6373864664172666,1.1959652929770435,1.6358586271713078,0.08572112047278119,28.0,2.0,7.0,2021.0,11.0,18.0
1.637071384960894,1.6701949070458533,1.6381544833814392,0.570328235759219,1.6367479789877788,-0.3914680177641601,29.0,3.0,7.0,2021.0,9.0,1.0
1.6390365336703325,1.6098325148520154,1.7748349659305687,0.8906318733511762,1.7725137584324606,1.288229705457763,30.0,4.0,7.0,2021.0,23.0,9.0
1.7720954815281906,1.781395436207807,1.7374385646488981,0.4963327503403673,1.735535071690396,-0.5072711026907448,31.0,5.0,7.0,2021.0,0.0,17.0
1.726974410013997,1.6821370927138093,1.636097039446221,0.5443645866235699,1.635098783080459,0.6792901499696027,1.0,6.0,8.0,2021.0,3.0,23.0
1.631660907716205,1.6318979967638354,1.5886604541432727,0.4850742527380623,1.5881336165167124,-0.10946815289994256,2.0,0.0,8.0,2021.0,7.0,20.0
1.5869447836895478,1.5709292996067599,1.524284784751626,0.5173216358228326,1.5243721872226166,0.10582024985678695,3.0,1.0,8.0,2021.0,0.0,18.0
1.5277368376142517,1.5587337970738733,1.622141878924929,0.47299554053369974,1.6216066267116225,0.4064693915288866,4.0,2.0,8.0,2021.0,22.0,8.0
1.6216761397620039,1.5504409448048326,1.6910029051325297,1.0051937306975296,1.6900900475519376,1.3357121958851117,5.0,3.0,8.0,2021.0,19.0,12.0
1.690472065974537,1.706873672055703,1.8104883899958188,1.1701527621156327,1.80882595184479,0.9212427547035759,6.0,4.0,8.0,2021.0,17.0,4.0
1.8111448421304042,1.876723714562263,1.9172306682126372,1.2680167511140361,1.9149355532565477,0.0573011885585256,7.0,5.0,8.0,2021.0,23.0,16.0
1.917996025725994,1.9218257295821362,1.8707310825971504,1.0658107571527873,1.8689151336862853,-0.06184395493910832,8.0,6.0,8.0,2021.0,6.0,19.0
1.8699883142674447,1.891273443465616,2.028287206345858,1.197683212793648,2.0254800407127704,0.938719992103489,9.0,0.0,8.0,2021.0,18.0,1.0
2.0226856442934618,2.008676203450069,1.980395308804165,0.9162987730287064,1.9780818778113316,-0.1137043755071472,10.0,1.0,8.0,2021.0,0.0,16.0
1.9808969142546078,2.049530105957963,1.980923413970728,0.9582613219936457,1.978742003624383,-0.40906548552696265,11.0,2.0,8.0,2021.0,15.0,2.0
1.9794966617219119,1.9553063593443505,1.9094051469128734,0.9259313234111165,1.9078508142490775,0.1501873628047691,12.0,3.0,8.0,2021.0,3.0,16.0
1.9097292586313301,1.9819227194062274,2.1159197836454537,0.818576836902666,2.113063808863615,0.8734766627036444,13.0,4.0,8.0,2021.0,23.0,0.0
2.116542701205046,2.1017500325030465,2.073182684413406,0.7896736985929422,2.070783603447656,-0.15446888298595102,14.0,5.0,8.0,2021.0,9.0,11.0
2.0727369353930305,2.0639380290628266,2.070117759599033,0.7776116217661768,2.067905974277511,-0.2176190959932066,15.0,6.0,8.0,2021.0,1.0,13.0
2.0680308821828577,2.0715714395355986,2.006137479707557,0.8745828202991845,2.004523806480326,0.07051882102933194,16.0,0.0,8.0,2021.0,3.0,20.0
2.001556948945021,1.996464754402252,1.9257953854948806,0.9111648720811767,1.9248825016186255,0.2860603800038407,17.0,1.0,8.0,2021.0,11.0,22.0
1.9248864741674667,1.9870826123068626,1.9322903210907014,0.8429760556148177,1.9314570791683416,-0.2747181639493458,18.0,2.0,8.0,2021.0,16.0,1.0
1.9282689012712293,1.9639600336650733,2.0499006459590667,1.1147133553094264,2.0484168874909736,0.525464409627405,19.0,3.0,8.0,2021.0,23.0,4.0
2.049819490201674,2.1316607821012896,2.2107900811126386,0.9792596052343221,2.208401008612042,0.296758084809115,20.0,4.0,8.0,2021.0,23.0,0.0
2.2095741497349812,2.2367104372221154,2.184174472559697,1.2980826248142057,2.1821309451693303,-0.45748317742270733,21.0,5.0,8.0,2021.0,17.0,11.0
2.1814773401092933,2.229612876030316,2.2097147433116104,0.4729094477445089,2.2076607958806953,-0.521132634600717,22.0,6.0,8.0,2021.0,23.0,15.0
2.207402553692327,2.284914588088494,2.2234920911622895,0.9574664605307579,2.2215544663880094,-0.4555614138104813,23.0,0.0,8.0,2021.0,11.0,20.0
2.2240083439770757,2.1971890224823003,2.1105680917666576,1.0147469057687228,2.109502226727231,-0.049850088872983464,24.0,1.0,8.0,2021.0,7.0,23.0
2.1114240420871795,2.1640898706995664,2.18756807309643,0.8675034535018463,2.1861724394792565,-0.0885062176837039,25.0,2.0,8.0,2021.0,22.0,9.0
2.189669980909997,2.1161750350612265,2.063686921104607,0.8685990198909552,2.063213535540222,0.3596731632867842,26.0,3.0,8.0,2021.0,0.0,12.0
2.0603371041201566,2.1154479753265996,2.1935751940770385,0.9686405312491823,2.1924259401242936,0.30624736273117203,27.0,4.0,8.0,2021.0,23.0,0.0
2.1939610675827423,2.2485363472035353,2.183984936361058,0.6463118676865609,2.183041288575302,-0.7811456213760007,28.0,5.0,8.0,2021.0,1.0,14.0
2.184062917001129,2.212283494360146,2.179531283997279,0.5010407817769852,2.1787736071693953,-0.2852556348628284,29.0,6.0,8.0,2021.0,1.0,4.0
2.179375978089533,2.1506010628423358,2.070607513756924,0.8241495449974598,2.0706469198861925,-0.1475048373340142,30.0,0.0,8.0,2021.0,0.0,23.0
2.068299619656453,2.13794454647734,2.0774628218049958,0.980533954889926,2.0775962028935333,-0.4022921695645744,31.0,1.0,8.0,2021.0,14.0,0.0
2.072927509677441,2.126079737548379,2.1805866447975912,1.2196665307730266,2.1802147025717753,0.20631568525793506,1.0,2.0,9.0,2021.0,17.0,1.0
2.177719271507707,2.258215070740616,2.210087210751952,1.2396621258229756,2.2097021720483423,-0.29773828540676234,2.0,3.0,9.0,2021.0,14.0,0.0
2.2071922269109834,2.241382128334435,2.2529026132137364,1.4402362339482462,2.2524160283245314,0.16906935801644385,3.0,4.0,9.0,2021.0,14.0,1.0
2.251430838977791,2.314894877863011,2.247947064987934,1.1291954569445066,2.247643645718034,-0.678837942603814,4.0,5.0,9.0,2021.0,10.0,17.0
2.2470462740988935,2.3142511041973157,2.3589535880686863,0.7414745223403513,2.3581686980369243,0.013326952748962012,5.0,6.0,9.0,2021.0,22.0,6.0
2.3593886248090286,2.4100438738132435,2.4129674894800535,1.2058201834128675,2.412055091161519,-0.3709925553473932,6.0,0.0,9.0,2021.0,23.0,12.0
2.4140813602844045,1.91887298780247,2.0556419292937536,2.6336592135454953,2.0569266438500153,3.510570998403099,7.0,1.0,9.0,2021.0,3.0,15.0
2.056239377891546,1.9995613798338243,2.0114709198725373,1.7548962981498697,2.0131441723843704,0.33834032110151124,8.0,2.0,9.0,2021.0,2.0,8.0
1.9916356533961028,2.0696378420283557,2.029884216373247,1.194351869922035,2.031582596919738,-0.2942309220145077,9.0,3.0,9.0,2021.0,16.0,3.0
2.02979097855617,1.9858470441372889,1.9373669962017528,1.2204945916299481,1.939709378923192,0.30491773379795933,10.0,4.0,9.0,2021.0,1.0,23.0
1.9361191644624878,2.0158024188991663,1.9568552141145,0.968030813210795,1.9592224629820574,-0.53069875986352,11.0,5.0,9.0,2021.0,16.0,0.0
1.9567814505836751,2.014044454411101,2.009745238676127,0.6090986471535621,2.01195603688307,-0.29310299749251273,12.0,6.0,9.0,2021.0,23.0,1.0
2.0089656135839573,1.9382273008344126,1.9422252610749586,1.318949630889686,1.9449437195140233,0.4959603614249964,13.0,0.0,9.0,2021.0,13.0,14.0
1.9416535677610358,2.011633594912186,2.0729094722731114,1.1932397886356259,2.0750831995798205,0.22528179993746683,14.0,1.0,9.0,2021.0,22.0,0.0
2.07281850483123,2.139413455010223,2.1394263345835403,0.7502511509366949,2.141385059830049,-0.27283840711851,15.0,2.0,9.0,2021.0,23.0,6.0
2.1379061604369447,2.158775253025145,2.1153083237197303,0.8196634313010852,2.117529570741597,-0.4382748730629179,16.0,3.0,9.0,2021.0,7.0,20.0
2.1141079210584577,2.1431563235379336,2.083650963692761,0.6549686414652572,2.086176531845355,-0.47488968109218954,17.0,4.0,9.0,2021.0,5.0,18.0
2.0835872747504514,2.1592638064488554,2.14568720358919,0.6467201118201116,2.148041585032723,-0.26127794614670874,18.0,5.0,9.0,2021.0,9.0,0.0
2.144651697736848,2.14867471687594,2.083202791911924,0.5595121232674943,2.0860391739788544,-0.439306393922827,19.0,6.0,9.0,2021.0,0.0,22.0
2.0828437447465835,1.875481301101787,1.8121640250516997,1.478400921263171,1.8165242162217663,1.3964165191577123,20.0,0.0,9.0,2021.0,0.0,23.0
1.8221535001772597,1.6977330832442734,1.6802091905029333,1.7382633276067174,1.6853382894963924,1.104954896237185,21.0,1.0,9.0,2021.0,10.0,21.0
1.6789435027361543,1.750718186817917,1.8570080732042884,1.1654464172892745,1.861367328773395,0.9396172548739699,22.0,2.0,9.0,2021.0,18.0,0.0
1.8557774950680208,1.9077533757829672,1.9380535199353481,0.9541585885451308,1.9421599637442157,-0.10538100882587764,23.0,3.0,9.0,2021.0,22.0,1.0
1.9376199200956725,1.7703766673724572,1.811915427727884,1.4203402878765412,1.8167659427893963,1.1953953923983176,24.0,4.0,9.0,2021.0,7.0,11.0
1.8116414075605047,1.8224348028948618,1.8043570931645248,0.8110084902946759,1.809375990312736,-0.4476645061770104,25.0,5.0,9.0,2021.0,10.0,8.0
1.8043245938478225,1.7648067224835218,1.8345481936546058,0.7598362061422098,1.8395410381295711,0.6664695028557647,26.0,6.0,9.0,2021.0,22.0,7.0
1.8357703477919283,1.8496670984473096,1.7748462666148357,0.777127319213619,1.7802553748981,0.07641422148190334,27.0,0.0,9.0,2021.0,1.0,23.0
1.7723772491615246,1.770067195981774,1.7011284886232494,0.7356312646470377,1.7070132749355964,-0.06374678373458406,28.0,1.0,9.0,2021.0,4.0,23.0
1.7026880615468285,1.763618551351585,1.7336438754649186,0.7566437024045161,1.7394924754798513,-0.11310934947748899,29.0,2.0,9.0,2021.0,12.0,0.0
1.7325221669119422,1.8024971253974926,1.8702878597013015,0.7858948749651529,1.8756440197258406,0.45537462777694593,30.0,3.0,9.0,2021.0,19.0,0.0
1.8715106260229641,1.9210741696157057,2.135780593479182,1.4209529410751265,2.140071882376817,1.8287002692465446,1.0,4.0,10.0,2021.0,22.0,2.0
2.1365908923302563,2.183176688998691,2.110897524424992,0.7572938181155644,2.115480117566058,-0.7557294851894664,2.0,5.0,10.0,2021.0,13.0,3.0
2.1085265474254156,2.1636898565906786,2.1408750016227445,0.5416352628532964,2.1454696262415838,-0.1231815610031584,3.0,6.0,10.0,2021.0,18.0,0.0
2.140973728322877,2.1565905741362816,2.1969034259980518,0.907466477385376,2.2014046398157796,0.10054531850638847,4.0,0.0,10.0,2021.0,18.0,15.0
2.2002418219613586,2.2848029209856544,2.3443106541593917,1.0425561017025835,2.3483402330024337,0.2622460010756909,5.0,1.0,10.0,2021.0,21.0,0.0
2.342066917870306,2.3742902275600164,2.580381615087509,1.7563589424250972,2.5835506784343476,1.3602933147704996,6.0,2.0,10.0,2021.0,23.0,9.0
2.5783877490630385,2.56632576924989,2.4849215809162204,1.093211020730343,2.488644189931877,-0.3465131090525667,7.0,3.0,10.0,2021.0,0.0,16.0
2.484123562192554,2.576605524786112,2.4948551515507855,0.9843582280119869,2.4986726708848255,-0.11926541096488211,8.0,4.0,10.0,2021.0,8.0,5.0
2.4919541022080063,2.579582694807982,2.5562490967211913,0.8590892160908771,2.5599689882470784,-0.39654759792515804,9.0,5.0,10.0,2021.0,13.0,0.0
2.5547184447759053,2.613036534814341,2.544180825990596,1.2407317890415286,2.548130290532908,-0.18791742561199123,10.0,6.0,10.0,2021.0,20.0,2.0
2.5413012379092637,2.629191407981067,2.7106926205377118,1.4093836671054725,2.714133499466994,0.3537074915594243,11.0,0.0,10.0,2021.0,19.0,0.0
2.7126361484625265,2.6265491183012455,2.622089642639534,1.3251226452650189,2.626044799157736,0.22298413725415211,12.0,1.0,10.0,2021.0,6.0,20.0
2.6213108189028205,2.6197838357730583,2.7055563821644424,1.3576915893945518,2.709373034896989,0.3381898911006818,13.0,2.0,10.0,2021.0,21.0,9.0
2.7031881243588747,2.7832933131430715,2.7006729723352176,1.0827937846004738,2.7046633034721284,-0.5081750175969985,14.0,3.0,10.0,2021.0,2.0,18.0
2.701535940315661,2.7776703888653738,2.962874955807645,1.9052583963458565,2.9660349132782824,1.4644197930448384,15.0,4.0,10.0,2021.0,20.0,1.0
2.963112894842373,2.9887180364520276,2.9198068318167283,0.9545328129065541,2.9232922243210826,-0.3256063686719365,16.0,5.0,10.0,2021.0,5.0,17.0
2.918825318027157,2.9228583514590802,2.960399708572915,0.6714921293333808,2.963929780878297,-0.13976689919842072,17.0,6.0,10.0,2021.0,23.0,20.0
2.9593874445437445,2.976492418715599,2.989394968292588,1.160882532801632,2.993002969381983,-0.10025446557145401,18.0,0.0,10.0,2021.0,7.0,13.0
2.9897169895365394,3.0782977896519914,3.1266146850538257,1.2918991280878889,3.1299180901306554,-0.021448496781882737,19.0,1.0,10.0,2021.0,23.0,14.0
3.12722999473933,3.2039751305563673,3.2328380210879533,1.3091334146199614,3.2359536644621425,0.1423267896075228,20.0,2.0,10.0,2021.0,14.0,5.0
3.2326090081445433,3.109561568008948,3.000693034552722,1.5867812689904854,3.004828359264514,0.5640157543509908,21.0,3.0,10.0,2021.0,9.0,23.0
3.001663544639572,2.983449886875093,2.9075378177358893,1.1814123348083994,2.9121980523247206,0.2996980952529275,22.0,4.0,10.0,2021.0,9.0,16.0
2.906983068907571,2.964717474275925,2.9505803740827194,0.5548924049087355,2.9552761940315158,-0.3769299953384116,23.0,5.0,10.0,2021.0,12.0,11.0
2.9483160571437694,2.9531359278374576,2.92217916479053,0.5784115919900298,2.9271590605704394,-0.40907817124816587,24.0,6.0,10.0,2021.0,0.0,16.0
2.9192102652786,3.019425670505651,3.051609440605577,0.7817310886852069,3.056381657392295,0.09678352635288927,25.0,0.0,10.0,2021.0,16.0,0.0
3.0504295697574073,2.9751269704785064,2.8873792158445797,0.9885936803627114,2.8928831598429148,0.13525957639041586,26.0,1.0,10.0,2021.0,0.0,22.0
2.8859624725109274,2.86239643722315,2.7719160035639168,1.4646915194390082,2.7779744348899276,0.18968499789737014,27.0,2.0,10.0,2021.0,4.0,8.0
2.770545050223491,2.8623160641920444,2.903234025548376,1.551470957636955,2.9090658525718434,0.5419354164160641,28.0,3.0,10.0,2021.0,20.0,18.0
2.902703405875408,2.996548286427242,3.0017849136602544,1.095869788639256,3.007515055466355,-0.0853886280600576,29.0,4.0,10.0,2021.0,16.0,0.0
3.001753800509384,3.0337518646480577,2.9809720385156857,0.8410135214909885,2.9869651851166297,-0.607608572038436,30.0,5.0,10.0,2021.0,0.0,14.0
2.9778961332152427,2.9803854249244544,2.9459984679520783,0.8455293597132713,2.9522777766680166,-0.2186709831945217,31.0,6.0,10.0,2021.0,1.0,13.0
2.9453777400029932,2.9564134299300435,2.926694308994232,1.0575617585349792,2.933204999189741,-0.04468774115106913,1.0,0.0,11.0,2021.0,11.0,4.0
2.923463508493393,3.0182405876081795,3.063059727132749,1.1441289377824073,3.0693642781894104,0.3213988908725961,2.0,1.0,11.0,2021.0,16.0,0.0
3.064023219082669,3.050560861172064,3.0473271058530385,1.0561602038339932,3.053893290479086,-0.23998926943864507,3.0,2.0,11.0,2021.0,7.0,18.0
3.044849191418704,3.0262454717895158,2.954177523108329,0.8658490626995322,2.961184759142262,-0.238979344382318,4.0,3.0,11.0,2021.0,0.0,18.0
2.9539441290836885,3.0290871820305005,2.9341365115530014,0.7567924494345989,2.941386189050599,-0.48002875164299214,5.0,4.0,11.0,2021.0,6.0,20.0
2.929943340171436,2.9860411328187717,2.9587957473027626,0.6748855558711759,2.9661742203280443,-0.5899290247944567,6.0,5.0,11.0,2021.0,6.0,12.0
2.959762811687883,3.0662566997486542,3.0692328855560578,0.43796887207992174,3.0765067867767906,-0.39797985214606035,7.0,6.0,11.0,2021.0,23.0,0.0
3.0695283729298617,3.1871185325676112,3.3294351810854046,1.3273924273638111,3.3362118836292227,0.575089896988107,8.0,0.0,11.0,2021.0,23.0,0.0
3.327549629007383,3.379199356048457,3.2929194528852124,1.3942331233593126,3.299992678587032,-0.3714215499243826,9.0,1.0,11.0,2021.0,3.0,19.0
3.29096022505271,3.1785227891587984,3.1716140752597592,1.7398762412792939,3.1791938282944168,0.9638731011518378,10.0,2.0,11.0,2021.0,14.0,21.0
3.1698261299425696,3.240002304328973,3.168835975562718,1.0429210619906166,3.176636174633525,-0.6376489507206844,11.0,3.0,11.0,2021.0,9.0,2.0
3.162776308819,3.1232503196133528,3.12010635476699,1.0539995333737404,3.128207348217369,0.053400492177897725,12.0,4.0,11.0,2021.0,2.0,16.0
3.1194713532307667,3.18456840486825,3.1393514407839334,0.7496942629577429,3.147607283646272,-0.5443740138408806,13.0,5.0,11.0,2021.0,16.0,10.0
3.1377078244323164,3.2063229254523913,3.200557242668753,0.4594107868805197,3.2088698835665124,-0.4527817804759001,14.0,6.0,11.0,2021.0,23.0,16.0
3.203102763076981,3.200021496290424,3.083402320947433,0.754279169709552,3.092183685462487,-0.11464466942040123,15.0,0.0,11.0,2021.0,9.0,22.0
3.0926654880664532,2.9134925763795883,2.8749488731413684,1.6375586574818468,2.8843883810846735,0.7170948271373042,16.0,1.0,11.0,2021.0,0.0,10.0
2.87293287406226,2.88182084552877,2.8876381861433242,1.2217814352138905,2.8972356068783327,-0.2010751822597485,17.0,2.0,11.0,2021.0,12.0,10.0
2.8864618112749314,2.757605485780183,2.677389576431745,1.3416421169044888,2.6876021020397203,0.6917865652058063,18.0,3.0,11.0,2021.0,1.0,23.0
2.6739419738723607,2.704140712394089,2.749649968613782,1.1959654598510707,2.7598717072854986,0.009311842625278883,19.0,4.0,11.0,2021.0,17.0,3.0
2.748725673681161,2.815706198020799,2.8464697749218013,0.7578317601546716,2.8566673188226477,-0.1299286552843566,20.0,5.0,11.0,2021.0,23.0,16.0
2.8478335038895524,2.8883661197688486,2.7871413971486794,0.5137212338910213,2.7976164420682177,-0.5943229923465828,21.0,6.0,11.0,2021.0,17.0,10.0
2.7850311969253756,2.7025385425436563,2.6373237377382868,0.9971173505073408,2.648255850238832,0.3870844975909723,22.0,0.0,11.0,2021.0,13.0,21.0
2.6376484597452827,2.6995618216606543,2.715865280783989,1.1299805964972691,2.726805047081259,-0.16347510050109929,23.0,1.0,11.0,2021.0,21.0,9.0
2.715029941165112,2.7205188533614324,2.636779979588414,1.083866342896503,2.6478957295244574,-0.3677850288348886,24.0,2.0,11.0,2021.0,0.0,14.0
2.690463053248998,2.795281575154372,2.6977980076892916,0.9563254526055625,2.7090111078448023,-0.18873749065651935,25.0,3.0,11.0,2021.0,16.0,0.0
2.8005796942375536,2.569126413080382,2.47042450474311,1.3645523140543636,2.4822850361311324,1.270694638871853,26.0,4.0,11.0,2021.0,0.0,23.0
2.4800919222059403,2.575359964226074,2.5468504617622,0.7543927508434762,2.5587280954821296,-0.39458838427760035,27.0,5.0,11.0,2021.0,8.0,0.0
2.5461418100958646,2.5695672169932062,2.696188800443536,0.6218392388884583,2.70797370985083,0.6084208516721231,28.0,6.0,11.0,2021.0,23.0,18.0
2.6982231643881023,2.7728893947648467,2.730440306319726,0.8525606590125748,2.742340605413421,-0.2546616341302324,29.0,0.0,11.0,2021.0,18.0,9.0
2.731242739931867,2.726402757775415,2.681273684957768,1.0878271483982107,2.693403519358969,0.17354895141699075,30.0,1.0,11.0,2021.0,15.0,6.0
2.67466824832269,2.757750218841694,2.6950455565703355,1.0959410310273812,2.707316206457705,-0.06253435303457695,1.0,2.0,12.0,2021.0,16.0,21.0
2.6936504606823606,2.7161506680420566,2.648893977861252,0.8530557516152564,2.6614160378526437,-0.536886003006797,2.0,3.0,12.0,2021.0,15.0,3.0
2.6502014517154895,2.5012734008633872,2.472172498040893,1.2549061696492814,2.4851318545675696,1.0897834256893772,3.0,4.0,12.0,2021.0,13.0,20.0
2.479567161645281,1.8929128301390246,2.2022919839679056,2.426236449733157,2.2157899365932576,4.121543517466537,4.0,5.0,12.0,2021.0,0.0,5.0
2.2018712255665527,2.2079614325044945,2.21261101695062,1.1143819059512885,2.2262620666455755,-0.18935679962214713,5.0,6.0,12.0,2021.0,0.0,15.0
2.214875190911045,2.1715139589596117,2.2871015213820605,1.1419942997550518,2.3008312228079144,0.7171140619400416,6.0,0.0,12.0,2021.0,22.0,11.0
2.2865544946555123,2.3545394210969812,2.294310066548161,0.9233927108711061,2.3081891120035056,-0.2944573082337,7.0,1.0,12.0,2021.0,15.0,22.0
2.2918194779379233,2.2654018122423314,2.282325043346667,0.6415171082735834,2.2963915475377554,0.034412386550822315,8.0,2.0,12.0,2021.0,15.0,12.0
2.278471645319955,2.176402475911515,2.1084817211316915,0.7024727940140719,2.1229016575589488,0.5701956140582136,9.0,3.0,12.0,2021.0,0.0,20.0
2.1062022800840405,2.155243493892093,2.0821649112008815,0.7763667038774462,2.096762057490957,0.4311153062207383,10.0,4.0,12.0,2021.0,13.0,23.0
2.083041797779477,2.150100029300737,2.2122220022211985,0.4948696503799836,2.2268384099377623,0.18346346072365138,11.0,5.0,12.0,2021.0,23.0,0.0
2.211278549627319,2.2628642980827665,2.257380256918578,0.2867817547644117,2.272094972604362,-0.14611708888156852,12.0,6.0,12.0,2021.0,18.0,10.0
2.257898191955166,2.083870550717249,2.0511221389204195,0.8414902186006665,2.0661630837457863,1.0322796078404868,13.0,0.0,12.0,2021.0,0.0,19.0
2.0490036045723596,2.1173582243658533,2.0434600762478974,0.9755580227904164,2.058611817243449,-0.08234554265791452,14.0,1.0,12.0,2021.0,23.0,0.0
2.151455309212672,2.1330048594745867,2.1836362658855313,1.0787822666417552,2.1988451693401725,0.304849766360245,15.0,2.0,12.0,2021.0,20.0,16.0
2.1834012205274513,2.187247508789065,2.1080707632579077,0.5758064328917991,2.1234556088798002,-0.19108791586978874,16.0,3.0,12.0,2021.0,11.0,23.0
2.106913109195036,2.0663802022399613,2.018267982481108,0.8814084689345215,2.0338622577338064,0.10200164470457211,17.0,4.0,12.0,2021.0,1.0,15.0
2.0189069079779616,2.0651300006394706,2.057952369027041,0.5123569084289052,2.0736387181445943,-0.23387653022469249,18.0,5.0,12.0,2021.0,11.0,2.0
2.05784091864712,2.122318859280155,2.0492523332707706,0.4611442898489241,2.0650782007073394,-0.31801733797130133,19.0,6.0,12.0,2021.0,14.0,1.0
2.0488343984927084,2.0639519402431175,2.05988568307389,0.7761441700978414,2.075849352182377,-0.18485273907443386,20.0,0.0,12.0,2021.0,21.0,14.0
2.0598169954933905,2.1346997878197786,2.1860845496539154,0.5642893817600596,2.202127028750468,0.24224996179419633,21.0,1.0,12.0,2021.0,12.0,1.0
2.185648711871652,2.2454825733633856,2.167175957133922,0.4228489848899145,2.1833762335294007,-0.6161664336678883,22.0,2.0,12.0,2021.0,2.0,13.0
2.16658378372619,2.2211340218056383,2.299493063585808,0.6276421433763456,2.3157865959674013,0.5446327739271896,23.0,3.0,12.0,2021.0,19.0,7.0
2.3003106061947824,2.3759533008581637,2.301804185043594,0.41850637842005395,2.318254515025847,-0.5326210420129259,24.0,4.0,12.0,2021.0,19.0,15.0
2.3033087090906497,2.3583898325439323,2.2777260567042976,0.12902969149775959,2.2943336957087066,-0.7164007858969724,25.0,5.0,12.0,2021.0,2.0,17.0
2.277159390516062,2.3195940870597913,2.3010259110340425,0.23390884364389303,2.3177628530634196,-0.3870879021202964,26.0,6.0,12.0,2021.0,22.0,11.0
2.3000994629973786,2.3750032882202583,2.290648347111334,0.41614346666906704,2.3075320022246686,-0.4523786431331912,27.0,0.0,12.0,2021.0,17.0,1.0
2.2925686755321926,2.179934080321978,2.103371523861598,0.9100266711792537,2.1204398523328414,0.47370668954619866,28.0,1.0,12.0,2021.0,0.0,22.0
2.1050812108042662,2.103258675853809,2.033154512026541,0.7266434318393121,2.0503738405418486,-0.15191185616923827,29.0,2.0,12.0,2021.0,3.0,23.0
2.0355544952822835,2.0943323237893483,2.0781647743713805,0.5442589820530815,2.0954924544473053,-0.18140579067336343,30.0,3.0,12.0,2021.0,19.0,0.0
2.0771974042732073,2.0791353604264544,2.024669121797357,1.1022312728943555,2.042135584601528,0.2613037335064321,31.0,4.0,12.0,2021.0,9.0,20.0
2.02458120028523,2.108758832593427,2.109383203567622,0.430154018922165,2.1270189205920866,-0.3345280141003676,1.0,5.0,1.0,2022.0,17.0,0.0
2.1085816538260858,2.144699783441526,2.0884195054599806,0.6128729620710363,2.1062049170226236,-0.638602580207874,2.0,6.0,1.0,2022.0,17.0,18.0
2.087882934429366,2.080147515396063,2.0339772772648703,0.8905692514588187,2.051891600920054,-0.27892252360129755,3.0,0.0,1.0,2022.0,12.0,20.0
2.0336063238255027,2.0748681610557282,1.9995764383518018,1.4016465628120764,2.017622348536801,-0.27300419101986645,4.0,1.0,1.0,2022.0,15.0,19.0
1.9992809804670366,1.8880828158594112,1.8566701605378455,1.0955553821169322,1.8748299486507927,1.135654120473711,5.0,2.0,1.0,2022.0,10.0,22.0
1.8560975227401786,1.8784292294809046,1.8316262894285174,0.735257449517379,1.849905287415599,-0.5392514207681683,6.0,3.0,1.0,2022.0,1.0,9.0
1.8308246084686404,1.7792845464770226,1.7332472779014618,3.0961069761180506,1.7516209758786159,0.050890701414065986,7.0,4.0,1.0,2022.0,0.0,16.0
1.7331476403998334,1.7536671366334458,1.7440511065617414,0.6190986188861505,1.7625506325968368,-0.2250595064238456,8.0,5.0,1.0,2022.0,22.0,18.0
1.7437773896865123,1.7957684724589125,1.7549541410366394,0.25180765250901477,1.7735729542842211,-0.37234943095066975,9.0,6.0,1.0,2022.0,20.0,15.0
1.7545446611006374,1.6982997108441134,1.7494100043510974,0.8381006572780044,1.7681504160832795,0.28978288556786463,10.0,0.0,1.0,2022.0,5.0,14.0
1.7489786769482296,1.8001686476354608,1.8055391538268504,0.5247964859666533,1.8244365938040559,-0.20829493669057683,11.0,1.0,1.0,2022.0,20.0,14.0
1.8055853378595708,1.8710599301513617,1.879997025571777,0.913799490178645,1.8990597062442833,-0.22173169110462182,12.0,2.0,1.0,2022.0,21.0,2.0
1.8794863001365565,1.865879029773105,1.7966844654009708,1.6834864651115111,1.8158556237251586,-0.11582159349904933,13.0,3.0,1.0,2022.0,14.0,20.0
1.796793425055523,1.836515040623146,1.8278686438523413,0.37563160361795567,1.84719720733382,-0.3657656699233921,14.0,4.0,1.0,2022.0,21.0,12.0
1.8276545333323455,1.879914682961503,1.8326369659469954,0.09327113935017521,1.8521086717920967,-0.5607624058958817,15.0,5.0,1.0,2022.0,20.0,12.0
1.8319576368086767,1.881304964901473,1.828738898838987,0.0678204337323482,1.8483679012947603,-0.7476627393125278,16.0,6.0,1.0,2022.0,16.0,13.0
1.8286496739472062,1.8174020688004546,1.775755629579194,0.2733136753563204,1.795483257955824,-0.2946708945899039,17.0,0.0,1.0,2022.0,0.0,22.0
1.7753942702762044,1.7991862910377938,1.7834320979946994,0.31270622947852017,1.8032811482683393,-0.4949241249500023,18.0,1.0,1.0,2022.0,22.0,14.0
1.782999777635971,1.7897463918138943,1.744688548975716,0.3492800394654548,1.7646517050026918,-0.44000962499042917,19.0,2.0,1.0,2022.0,14.0,8.0
1.7443479828759023,1.7537018098833632,1.6793955811914625,0.20232456277671207,1.6994377726661414,0.5049412314736772,20.0,3.0,1.0,2022.0,16.0,23.0
1.680271880168807,1.445069574545964,1.4202205860384631,1.4297040946803516,1.44011259485832,2.1577098677778648,21.0,4.0,1.0,2022.0,0.0,22.0
1.420879517322768,1.3538861709311683,1.3326404314137468,1.2508520234030638,1.3525361763089119,0.4662140768143775,22.0,5.0,1.0,2022.0,0.0,10.0
1.3335018385726933,1.381434965323874,1.4091423399693424,0.5080007747938015,1.4292247344892095,0.022968203178165832,23.0,6.0,1.0,2022.0,23.0,19.0
1.4088635240950538,1.2802156504311133,1.4323113071767934,1.367042352035248,1.4525299615701233,1.7058753551571197,24.0,0.0,1.0,2022.0,20.0,11.0
1.432119966863801,1.4443110026889612,1.4507024585003863,0.5302495048676658,1.4710569109291325,-0.018579400909334635,25.0,1.0,1.0,2022.0,18.0,7.0
1.4502619543916333,1.4819608875265742,1.4444500404667708,0.7958156837637119,1.4648896287146114,0.5224354121413503,26.0,2.0,1.0,2022.0,19.0,22.0
1.4435971545454827,1.4348176562733344,1.462008936101787,0.4550357341962427,1.4825720475770117,-0.12724982824431122,27.0,3.0,1.0,2022.0,23.0,21.0
1.4611780694273004,1.471604453389701,1.5016605237598544,0.30303151557519914,1.522393492652865,0.0198620236193106,28.0,4.0,1.0,2022.0,21.0,12.0
1.501195351786949,1.5471828790253621,1.5233762811358562,0.02942530745127223,1.5442511751519596,-0.39318288952125335,29.0,5.0,1.0,2022.0,21.0,16.0
1.5239690899337137,1.5491577825755052,1.5098393732521533,-0.10891329338799084,1.5308100068827408,-0.6325610331081539,30.0,6.0,1.0,2022.0,5.0,20.0
1.5097579160197017,1.504637913050076,1.544545988544749,0.22145374077037394,1.5656773528438266,0.11190296096312807,31.0,0.0,1.0,2022.0,19.0,2.0
1.5442054501573859,1.5918957827481328,1.5605113639199526,0.19725158648084132,1.581786576768268,-0.5210662920736029,1.0,1.0,2.0,2022.0,17.0,10.0
1.5602761816044028,1.5109071577086997,1.450640039467954,0.13578427793091155,1.4718628419517605,0.14308204355588597,2.0,2.0,2.0,2022.0,0.0,21.0
1.4499116663114409,1.4820006842721776,1.4630133256871858,0.10521337835118184,1.484367242211214,-0.6489287741559312,3.0,3.0,2.0,2022.0,23.0,10.0
1.462455390241336,1.5274029320230662,1.729747562156852,0.6920936641169317,1.7516433942829788,1.8960790434745196,4.0,4.0,2.0,2022.0,23.0,1.0
1.729467492552727,1.7767965734294267,1.7260830792188118,0.16277565663876736,1.7480787102110118,-0.690165100962756,5.0,5.0,2.0,2022.0,15.0,17.0
1.7257643696870906,1.7898724976985405,1.7856906276808182,-0.02763659690952138,1.8079227990506492,-0.4102096505029991,6.0,6.0,2.0,2022.0,23.0,15.0
1.78500844772782,1.821690939389599,1.873319020197334,0.6503119785095638,1.8958217128675476,0.4255538716421328,7.0,0.0,2.0,2022.0,19.0,0.0
1.8738366183954096,1.88869051320363,1.890389893180997,0.8909906999269099,1.9130666487743462,0.27303215764282057,8.0,1.0,2.0,2022.0,6.0,17.0
1.888686641221692,1.915569960569717,1.9039130334858894,0.35765118699031634,1.9267400092949374,-0.31713965776660075,9.0,2.0,2.0,2022.0,20.0,5.0
1.90409148823151,1.9263083679392616,1.856431356157594,0.8401516923596847,1.8792966340187771,0.12376029947340249,10.0,3.0,2.0,2022.0,17.0,14.0
1.8564422368918563,1.844856030909392,1.7854146864325495,0.5588180604382488,1.8082594208033576,-0.18681018523359896,11.0,4.0,2.0,2022.0,13.0,22.0
1.7853470420577457,1.8282928561774532,1.7753825329791644,0.0813955292048848,1.798363116328922,-0.49895048196053715,12.0,5.0,2.0,2022.0,18.0,21.0
1.7745656218617487,1.8345123557866503,1.7725008903428858,-0.10359587348154216,1.795614062218666,-0.7400058513427594,13.0,6.0,2.0,2022.0,15.0,18.0
1.7697086437265608,1.8175054151777437,1.7963989334949475,0.22650062556173364,1.8197035161507074,-0.5230956625499389,14.0,0.0,2.0,2022.0,16.0,1.0
1.7960321669068666,1.8686603258472185,1.9184214249263045,0.3292186543187794,1.9421446519700882,0.12832866752019337,15.0,1.0,2.0,2022.0,23.0,0.0
1.9182314669589908,1.9297152925549292,1.880780036861786,0.1703526344586585,1.9045584370763207,-0.5434583587162503,16.0,2.0,2.0,2022.0,0.0,16.0
1.8788930314823111,1.7269286191508437,1.6706559495889322,0.5204040489209308,1.6940844175505905,1.0940297063632245,17.0,3.0,2.0,2022.0,1.0,21.0
1.671224202353501,1.6882497090398851,1.6395386858333878,0.36112888108828806,1.6630040702588196,-0.3702346855650576,18.0,4.0,2.0,2022.0,9.0,16.0
1.6389469115260207,1.6930194766307312,1.645134421173843,-0.15810568120174945,1.66873116171097,-0.7383561110958163,19.0,5.0,2.0,2022.0,6.0,13.0
1.644595980584058,1.5918420941926428,1.5413701622275424,0.09160216879722921,1.5648297919840943,0.10058862226229125,20.0,6.0,2.0,2022.0,0.0,14.0
1.5406130216791636,1.5183518571331283,1.4581453417955912,0.6849448026982093,1.4814923792398922,0.45219954729890177,21.0,0.0,2.0,2022.0,5.0,22.0
1.4575170957405454,1.4891702147005705,1.5324498582636596,0.4795358490052636,1.556100194746443,0.11204663542579514,22.0,1.0,2.0,2022.0,23.0,3.0
1.5321510695601697,1.5342431506105447,1.471726241155899,0.2818923084587098,1.49533428816994,0.10410346101544994,23.0,2.0,2.0,2022.0,13.0,23.0
1.4703881099940985,1.3608390641648305,1.535308676889101,1.612580732722153,1.5591854602019994,1.937784410866996,24.0,3.0,2.0,2022.0,20.0,5.0
1.5351244088711469,1.591749021659813,1.589413807061896,0.5366174396422135,1.6135424620467442,-0.16884729008630642,25.0,4.0,2.0,2022.0,13.0,9.0
1.5890724438960016,1.629127837840426,1.582719925142911,0.04425211513394304,1.606930465104113,-0.3346197533885081,26.0,5.0,2.0,2022.0,0.0,9.0
1.582054836754954,1.5384895177175617,1.4970853631526624,0.36872855522295866,1.5211619182938456,0.4674597926482092,27.0,6.0,2.0,2022.0,12.0,21.0
1.4966116764910093,1.5542478333049419,1.8336089096851031,1.0325824648264066,1.858759916688677,3.0922682714930585,28.0,0.0,2.0,2022.0,22.0,0.0
1.8333359026918878,1.8978424000989815,1.904885131080601,0.8584294905383946,1.93037960552727,-0.09124902810683969,1.0,1.0,3.0,2022.0,13.0,3.0
1.9046937331868385,1.9282079066846884,1.878463723077898,0.6796680823368882,1.90400566443823,-0.23479191148837922,2.0,2.0,3.0,2022.0,15.0,13.0
1.8781643950453322,1.8322240325650188,1.788105895717871,0.45104150750561195,1.8135090987031608,0.04710657348778427,3.0,3.0,3.0,2022.0,0.0,21.0
1.7881594138433659,1.6356601063059697,1.5847117638893848,0.6435006603578783,1.609617338003797,1.0457738308278173,4.0,4.0,3.0,2022.0,0.0,22.0
1.585107089382944,1.6338383616080001,1.6008510786957115,0.01758724924972476,1.6259053890307253,-0.6728966417781804,5.0,5.0,3.0,2022.0,20.0,1.0
1.6007975169617066,1.598090994262899,1.540670858418387,0.167786264534318,1.565640905757815,-0.2561712021046721,6.0,6.0,3.0,2022.0,1.0,11.0
1.540986826849095,1.5379346569685874,1.5187036116133752,0.6451208301511439,1.5437209483776584,0.2673363242903425,7.0,0.0,3.0,2022.0,16.0,20.0
1.5183239218419962,1.5820150081404165,1.5601428893042013,0.49490838720818214,1.5854107175036676,-0.2784468742330866,8.0,1.0,3.0,2022.0,18.0,0.0
1.5602211287249539,1.6293529910320392,1.7593313998142284,0.8478572689150995,1.7853535537406267,1.3180222809427302,9.0,2.0,3.0,2022.0,16.0,0.0
1.758461200774458,1.6373730131248503,1.6031141647156824,0.7824444723247953,1.628743233172445,0.7619050606975923,10.0,3.0,3.0,2022.0,0.0,13.0
1.6029920735074428,1.606676177409545,1.5636842674114957,0.5268163542414157,1.5892930989425351,-0.056281321564645694,11.0,4.0,3.0,2022.0,12.0,3.0
1.563389721836937,1.6335538096702191,1.5703761517771035,-0.11038299424351755,1.5961280755890468,-0.8371804148133559,12.0,5.0,3.0,2022.0,17.0,0.0
1.568927349844526,1.5675208952686324,1.505669847423901,0.03520491629433302,1.5313158958498176,-0.20854559407398746,13.0,6.0,3.0,2022.0,4.0,23.0
1.5052201292005487,1.564523347836141,1.6171862387661904,0.4160248674451078,1.6433436322194446,0.2157831348658829,14.0,0.0,3.0,2022.0,22.0,0.0
1.6167518686112645,1.604322861150243,1.5970584484237056,0.3949723568193531,1.6232553222557562,-0.22583615158843884,15.0,1.0,3.0,2022.0,20.0,7.0
1.596587038721729,1.6493484248094605,1.7078414301927947,1.2455655922181892,1.7345624884871476,0.41343006737062593,16.0,2.0,3.0,2022.0,2.0,4.0
1.707342188592884,1.753072503805991,1.6960246017349743,0.290598814207811,1.7228302422479307,-0.8018169675095798,17.0,3.0,3.0,2022.0,5.0,7.0
1.6953172329632773,1.730281191667022,1.7481759215231594,0.9637856719666782,1.7752982776238146,0.002495233210120757,18.0,4.0,3.0,2022.0,20.0,11.0
1.7474535482093516,1.8124923525932817,1.7720797715802676,0.1634268780163486,1.799421455057762,-0.7526837251125915,19.0,5.0,3.0,2022.0,21.0,3.0
1.771794949897675,1.774688846000624,1.7142175709211063,0.18854364909960958,1.7414692878946514,-0.4361192615300771,20.0,6.0,3.0,2022.0,0.0,17.0
1.713801697077915,1.753399452565825,1.7037952525805844,0.43193712679739843,1.7311339441096418,-0.7012914181833272,21.0,0.0,3.0,2022.0,13.0,2.0
1.7032476157771992,1.7711179045161964,1.782399570587562,0.8326997458778979,1.8101724424126986,0.17720899095055292,22.0,1.0,3.0,2022.0,4.0,0.0
1.7824069715859192,1.8298695077489757,1.8151807076121682,0.465965367950283,1.8432050860456428,-0.5739527043427998,23.0,2.0,3.0,2022.0,23.0,5.0
1.8144490491685517,1.8835266261579813,1.8807231873210803,0.7805422518442814,1.909138364608696,-0.34619782723369735,24.0,3.0,3.0,2022.0,17.0,2.0
1.8805786214617615,1.9454961173153569,1.9045226383563258,0.7551279498528246,1.9331705264622732,-0.433267975536055,25.0,4.0,3.0,2022.0,14.0,8.0
1.9042178463341788,1.9745794840077868,1.9138569791641187,0.01620629802296537,1.9426834232785348,-0.8623521251052809,26.0,5.0,3.0,2022.0,20.0,1.0
1.9137578191704228,1.9917149560130374,2.0562166011125598,0.624225846472028,2.0857579108714996,0.19583566407748268,27.0,6.0,3.0,2022.0,23.0,13.0
2.055876602647068,2.134157940397014,2.0750888297510217,1.069038448791648,2.1048574600013428,-0.4225496150330291,28.0,0.0,3.0,2022.0,19.0,0.0
2.072968229983875,2.160095509487809,2.0958152550068223,0.7997457481137527,2.1258151789150492,-0.6881682832449952,29.0,1.0,3.0,2022.0,12.0,0.0
2.094837251605446,2.1376990654353905,2.0710788027864417,0.6878454570363195,2.1011063386022677,-0.6990216230936661,30.0,2.0,3.0,2022.0,18.0,1.0
2.070618981672529,2.051984926762444,1.9775505375028182,0.9044429909674587,2.0073020962280363,-0.027620504045851226,31.0,3.0,3.0,2022.0,13.0,23.0
1.9781029842024163,1.9895556142548227,2.0231469953789456,1.1666903436059126,2.0532314969487397,0.06310489921337019,1.0,4.0,4.0,2022.0,15.0,2.0
2.0229709492563916,2.0767680742000896,1.9978195976199047,0.6879924517410468,2.0279175674998475,-0.498008712559631,2.0,5.0,4.0,2022.0,0.0,18.0
1.9968128340790035,2.0673847222888595,2.033698047483965,0.4752645364800729,2.064081253219427,-0.24666577129221626,3.0,6.0,4.0,2022.0,22.0,1.0
2.0327731902664046,2.0422024545952384,2.0440762943968154,0.8595542457807108,2.0746600628319647,-0.32783027787609553,4.0,0.0,4.0,2022.0,23.0,18.0
2.0437694347393105,2.06173885631658,1.9786132632669435,0.7044810143259473,2.00903080011331,-0.3277988195587195,5.0,1.0,4.0,2022.0,12.0,23.0
1.9775012434228574,1.9131033063352332,1.8344376383943692,1.2334425308990715,1.8643295935199071,0.14144614240981537,6.0,2.0,4.0,2022.0,0.0,23.0
1.834133135847099,1.8945118051390162,1.8526715984799595,0.5125565229251547,1.882767010260135,-0.619160926418751,7.0,3.0,4.0,2022.0,12.0,0.0
1.852393470850036,1.8492026731936753,1.7780333527019965,0.5729776756738041,1.8078968127336743,-0.17132669208677112,8.0,4.0,4.0,2022.0,15.0,23.0
1.777357880365826,1.8492005732509635,1.8083794664079,-0.0325897760551641,1.8385195255715336,-0.8253540494069376,9.0,5.0,4.0,2022.0,23.0,3.0
1.8079726249888588,1.8389549493970117,1.7731241487229947,0.054390161566669676,1.80321517930016,-0.3746841307068654,10.0,6.0,4.0,2022.0,20.0,22.0
1.7723859374512707,1.6715225662904911,1.6082964075409711,0.9382046717404846,1.6377017744831663,0.6775851250939987,11.0,0.0,4.0,2022.0,1.0,22.0
1.6087433321458073,1.6724879746862122,1.645442951608333,0.7777495141716428,1.6751556288344167,-0.38978228450263896,12.0,1.0,4.0,2022.0,13.0,2.0
1.6449315169040628,1.6929997805962762,1.7092409151525225,0.5987461761101723,1.7393818079927623,-0.08661549287443458,13.0,2.0,4.0,2022.0,19.0,1.0
1.7085308198498674,1.6919247845627232,1.633680318393361,0.41710108564073084,1.6635595341754457,-0.09035327786924424,14.0,3.0,4.0,2022.0,2.0,19.0
1.6336327915886717,1.7027419011835394,1.6716041547817517,0.2768906820111429,1.701803728247615,-0.7081420263937032,15.0,4.0,4.0,2022.0,14.0,0.0
1.6712355595882544,1.716120257261253,1.6636885546384934,0.00984401817116993,1.6939579090672303,-0.8404361111793482,16.0,5.0,4.0,2022.0,22.0,15.0
1.6629813310046269,1.6871922504865786,1.6202669534703995,0.13212022739996462,1.6504423394407561,-0.5864336650142423,17.0,6.0,4.0,2022.0,13.0,23.0
1.6202459757933991,1.6287268453495949,1.6883430996846065,0.9249312619156207,1.718987224208055,0.29807691253108515,18.0,0.0,4.0,2022.0,21.0,5.0
1.6881595861499006,1.7502756036359777,1.7298626346214006,0.4692338741708072,1.7608268136654315,-0.5262711984237577,19.0,1.0,4.0,2022.0,15.0,7.0
1.7294836689567432,1.7719282626954322,1.7219843331965448,0.6057116689174671,1.7530440353313488,-0.467938675489107,20.0,2.0,4.0,2022.0,12.0,18.0
1.721493999356433,1.7151973547744777,1.670002427588598,1.015377006694305,1.7009226917378784,0.5763042522704843,21.0,3.0,4.0,2022.0,13.0,22.0
1.6696124757027828,1.6678782129761003,1.6217009199722416,0.6161351616344932,1.6524718421427689,-0.2605501186265207,22.0,4.0,4.0,2022.0,6.0,16.0
1.6213208641235188,1.6702039645199953,1.606137837184995,-0.02785767123127952,1.636957855644219,-0.8146668003015339,23.0,5.0,4.0,2022.0,16.0,4.0
1.605348185096153,1.6627014110080691,1.6050678283291029,0.07119941217912533,1.6360155728069075,-0.7933144514766345,24.0,6.0,4.0,2022.0,14.0,16.0
1.6049944322124234,1.6061035882903278,1.665764462008061,1.019333275051986,1.6971748846361052,0.21776095331767906,25.0,0.0,4.0,2022.0,23.0,9.0
1.66486151360938,1.5774373981396497,1.522104920781903,0.9717868928305572,1.5528298999091181,0.6161857643940436,26.0,1.0,4.0,2022.0,8.0,20.0
1.5220294101957517,1.5845393210716243,1.5910648111369374,0.7771808036085727,1.622313518189823,-0.2435201881654484,27.0,2.0,4.0,2022.0,13.0,0.0
1.5908114174303625,1.6442318752669884,1.6237573631404336,0.9356985316883458,1.6552966644561626,-0.3185924309453032,28.0,3.0,4.0,2022.0,18.0,14.0
1.6231547969795788,1.5996013791043218,1.5523214734285682,0.7718644703743404,1.5835726197119573,-0.11942511665884152,29.0,4.0,4.0,2022.0,1.0,19.0
1.5518186858473633,1.5656113640991998,1.4973978503221663,0.3928957799450926,1.5284447874875018,-0.4750697421823178,30.0,5.0,4.0,2022.0,2.0,23.0
1.4970573180868485,1.5585202031884038,1.5436848089883466,0.5614124477273212,1.575128035424875,-0.4794524673162274,1.0,6.0,5.0,2022.0,16.0,1.0
1.543617818194821,1.5946081117043558,1.5473814094975937,0.8824887111737982,1.5789690148707,-0.576809212103974,2.0,0.0,5.0,2022.0,6.0,18.0
1.5470487342280994,1.5585096406048236,1.4995813221586805,0.5789951468308157,1.531003794945774,-0.49303743790878046,3.0,1.0,5.0,2022.0,8.0,20.0
1.4991890606697094,1.5677684789988853,1.61912646331658,1.0903117354051113,1.6513814501436737,0.29432220069130627,4.0,2.0,5.0,2022.0,19.0,0.0
1.618684194357404,1.4491849404070605,1.4274515372251178,1.4348167004982448,1.4586669889534427,1.3706815376846864,5.0,3.0,5.0,2022.0,5.0,19.0
1.4271122929078042,1.4255141005235898,1.3946660597090994,1.1467817661125308,1.4257889709650409,-0.3862257035033812,6.0,4.0,5.0,2022.0,0.0,13.0
1.3945547151326263,1.391289244484168,1.3615891678095275,0.4189394157316902,1.3926196738494654,-0.3406372522129153,7.0,5.0,5.0,2022.0,11.0,22.0
1.3614520456900907,1.3241518579138378,1.2730501832667953,1.0907802025862305,1.3036403224646202,-0.01043768602648563,8.0,6.0,5.0,2022.0,0.0,17.0
1.2729274123881562,1.0976748788582706,1.0421542826890244,2.5330733100691165,1.0714052607437208,1.7894018411428612,9.0,0.0,5.0,2022.0,1.0,23.0
1.0406309958276165,1.0754097282267139,1.0867065140930083,2.340832877919286,1.1163322301059635,1.0731693757290857,10.0,1.0,5.0,2022.0,6.0,0.0
1.0861857396973755,0.9632218011166527,0.9586533179357801,2.9145412350574866,0.9875536029548829,2.013708286914774,11.0,2.0,5.0,2022.0,10.0,21.0
0.9586098225370024,0.848154978686973,0.9654897741640718,2.7301528789450034,0.9945194007216884,2.1001701418948535,12.0,3.0,5.0,2022.0,0.0,7.0
0.9643876271001164,1.0019109648536513,0.9799335563617018,1.4204367657872496,1.0091434439474927,0.7161797151345274,13.0,4.0,5.0,2022.0,14.0,0.0
0.9800156849623901,0.9968895316954774,1.0301448243306064,0.64694997710215,1.0597674902795207,0.12248086648027007,14.0,5.0,5.0,2022.0,23.0,16.0
1.0298904532278337,1.049040456767692,1.1040257835863851,0.49809689996397205,1.134204969827254,0.3368952967051926,15.0,6.0,5.0,2022.0,23.0,5.0
1.1038665215824621,1.0315992033319368,1.0155172123229919,0.8657433215685808,1.0452131763118102,0.5037386781015841,16.0,0.0,5.0,2022.0,0.0,16.0
1.015400709673916,1.0517314608327786,1.0500652124050758,0.6752402249554506,1.0800818631980034,-0.2201115300048343,17.0,1.0,5.0,2022.0,13.0,18.0
1.0498842354045737,0.9979872565984466,0.9453920998582095,0.7936825606172987,0.9747922139849584,0.4209218953780056,18.0,2.0,5.0,2022.0,0.0,23.0
0.9453350138440656,0.997271766212087,1.043221001946319,0.9286337806039807,1.0733495923610485,0.357520736758795,19.0,3.0,5.0,2022.0,15.0,2.0
1.0429295125886895,1.0026239273313649,0.9748788315056386,0.7646177628032802,1.0046239661540528,0.4038336361517536,20.0,4.0,5.0,2022.0,1.0,17.0
0.9747527653526094,1.017405442156328,0.9890852971230876,0.03379991567906549,1.0190082300397698,-0.6970593749877494,21.0,5.0,5.0,2022.0,16.0,1.0
0.9890237906627907,1.033072197292404,1.0437970857575694,0.270093520601601,1.0741692883789895,-0.18256333431505978,22.0,6.0,5.0,2022.0,23.0,5.0
1.042823813314586,1.0141281617420372,0.9686294253646566,0.804431574442142,0.9985795401419135,0.18489712848645012,23.0,0.0,5.0,2022.0,7.0,23.0
0.9686953698860878,1.002180295473894,1.0027930819144466,0.5404632225474229,1.0330535033114545,-0.31601198499031835,24.0,1.0,5.0,2022.0,23.0,14.0
1.0025616430286917,1.0400123221023585,0.9970718003550191,0.5897405847441259,1.027376425116889,-0.5200822197368227,25.0,2.0,5.0,2022.0,4.0,12.0
0.9971407581218128,0.9690065326208498,0.9789590413499087,1.0913921818898322,1.0092178054578025,0.18218479744573754,26.0,3.0,5.0,2022.0,4.0,13.0
0.9778989499938558,0.9730977702115556,0.9397032417454976,1.0809613563041442,0.9697695199428188,-0.29168971257410203,27.0,4.0,5.0,2022.0,0.0,18.0
0.9528041882462397,0.9875103339467607,0.9640007374305568,0.1410523813706789,0.9943278372332722,-0.6730348784706066,28.0,5.0,5.0,2022.0,13.0,1.0
0.9637101312688117,1.0056272009276934,0.9899280196491121,0.07822245735260433,1.020529587528658,-0.6088117123156432,29.0,6.0,5.0,2022.0,22.0,2.0
0.9896921044484978,1.0348671177960633,1.1298799445332968,1.2271834524307665,1.1615821408079532,1.132342159747475,30.0,0.0,5.0,2022.0,21.0,0.0
1.1296026411431688,1.1602183024375325,1.1339254598853732,0.9158752431553775,1.1657491076231314,-0.40832133948405147,31.0,1.0,5.0,2022.0,16.0,14.0
1.1338167505285772,1.0473869746490214,1.0115993929435878,1.3279461327900137,1.0426157350055467,0.8053051873585538,1.0,2.0,6.0,2022.0,0.0,20.0
1.0112584172058139,1.0569414952125105,1.0526201059282256,0.6742687647655463,1.0840139709877674,-0.36754026140151874,2.0,3.0,6.0,2022.0,22.0,0.0
1.0525424207920193,1.0394268444534067,1.005788295932906,0.5165469698010433,1.0369235063610336,-0.12630227916824005,3.0,4.0,6.0,2022.0,2.0,15.0
1.0058134996795354,1.0472869398251814,1.0136758428660315,-0.003432084017377194,1.044957184873151,-0.8196775227264713,4.0,5.0,6.0,2022.0,22.0,2.0
1.0137264416952758,1.0519936998274686,1.018201784844749,0.0332165974262919,1.0496042006420108,-0.723443710538336,5.0,6.0,6.0,2022.0,16.0,9.0
1.0183379133478947,1.0722095080194036,1.1080492129255877,0.8295911263672942,1.1402163407989196,0.36268896147506635,6.0,0.0,6.0,2022.0,14.0,0.0
1.1079995502334052,1.035380003929069,1.0948426384900805,1.3081581509056397,1.1270136268509734,0.6029002099920858,7.0,1.0,6.0,2022.0,20.0,2.0
1.0944863320479543,1.0753844847501557,1.03708523179299,0.7371020920172322,1.0689277499041177,-0.10657609338336896,8.0,2.0,6.0,2022.0,0.0,4.0
1.0370496259802884,1.0801809109361646,1.0308034232649532,0.27337336084048885,1.062685702996659,-0.690163689959518,9.0,3.0,6.0,2022.0,9.0,20.0
1.0306108895392563,1.0142917559984723,0.9677024184164378,0.7167858815157956,0.9991864488371828,-0.104741177043765,10.0,4.0,6.0,2022.0,3.0,19.0
0.9676856112665485,0.9673820116175414,0.9233317616159337,0.5746361892657026,0.9545552336499291,-0.1570760259959115,11.0,5.0,6.0,2022.0,5.0,16.0
0.9240558265373147,0.8742142202496102,0.8252513150625232,0.9497738494043275,0.8557829366592635,0.39314652728895705,12.0,6.0,6.0,2022.0,0.0,23.0
0.8236897542871424,0.5820211655958939,0.5628752637765335,2.7960715349709084,0.5914065561128948,3.313021499964347,13.0,0.0,6.0,2022.0,0.0,23.0
0.562973839186126,0.506754206659668,0.5456549252268335,1.858261737780328,0.5741127612996603,1.1866388233741256,14.0,1.0,6.0,2022.0,5.0,2.0
0.5451049802066668,0.4579156138827999,0.5681195122124614,2.0751244158933995,0.5968318173124657,1.6801001168321152,15.0,2.0,6.0,2022.0,22.0,9.0
0.5683922325296786,0.46340678916494227,0.4336445877292177,0.7881887570951048,0.4613312808459141,1.791665069920679,16.0,3.0,6.0,2022.0,1.0,23.0
0.43399791819927747,0.46728210374178664,0.439157565387687,0.5684448846739657,0.4669329594279049,-0.0303698547358706,17.0,4.0,6.0,2022.0,8.0,0.0
0.4393787708267469,0.30176254236867256,0.3499343186557043,1.3753285711239833,0.37704915678355577,2.634410695627862,18.0,5.0,6.0,2022.0,0.0,20.0
0.34965177331539815,0.3244309208827002,0.44417707603525236,1.0130532919643045,0.4721151705829554,2.369479132116501,19.0,6.0,6.0,2022.0,22.0,5.0
0.4442834800534973,0.42698494065997306,0.44701646469552264,0.7683642328056067,0.47503203444021863,0.3474022797711483,20.0,0.0,6.0,2022.0,11.0,1.0
0.4467942372858752,0.4728803618633556,0.453832249052706,0.6681210454014915,0.4819668497427289,0.3209656822450514,21.0,1.0,6.0,2022.0,14.0,3.0
0.4544703976507168,0.4370321638637966,0.4094263230896623,0.6466747169559909,0.4372440740768758,0.03946361307470664,22.0,2.0,6.0,2022.0,14.0,20.0
0.4095120886541276,0.443483611585087,0.47686347394353434,0.5172276281978023,0.505306473610292,0.34124738106505637,23.0,3.0,6.0,2022.0,23.0,0.0
0.4768778159556463,0.49579668143872546,0.4858100189858916,0.4504992642726633,0.5143854470646537,-0.34089581997586993,24.0,4.0,6.0,2022.0,22.0,7.0
0.48601674702439973,0.5076246246443822,0.5024220370455483,0.09333570394982983,0.5312024781574551,-0.5165106127268174,25.0,5.0,6.0,2022.0,8.0,16.0
0.5021449526155859,0.5108923951837985,0.47326826075861483,0.07460399083545623,0.5018610973658199,-0.2704604098678099,26.0,6.0,6.0,2022.0,12.0,22.0
0.47341702559933896,0.4858503725513827,0.45535920562275284,0.23398058723769027,0.4838523968415907,-0.13849739876515854,27.0,0.0,6.0,2022.0,9.0,18.0
0.4552146089687053,0.4611044616807977,0.42744518521792857,0.256534444033947,0.4557654227056396,-0.02628949791756172,28.0,1.0,6.0,2022.0,9.0,20.0
0.4275837347120701,0.4427043393005634,0.4166063424216245,0.37429395427862966,0.44489378882526026,-0.6505993335392597,29.0,2.0,6.0,2022.0,2.0,11.0
0.41697880623568817,0.3663185553660666,0.39701086024648624,0.5215200882896622,0.4251956206336729,0.6228288943628547,30.0,3.0,6.0,2022.0,0.0,20.0
0.3993194682141581,0.38807166945855937,0.36538283378026637,0.7656031694446354,0.3933480333648924,0.8418968340561372,1.0,4.0,7.0,2022.0,0.0,11.0
0.36584435620610367,0.3851236179734961,0.36371900444565214,0.07857675094374104,0.3917230948178283,-0.7319433847767541,2.0,5.0,7.0,2022.0,12.0,9.0
0.36383563667898683,0.38132178057460464,0.3670833807052652,-0.014146536588074419,0.39517538087823867,-0.3991955009984553,3.0,6.0,7.0,2022.0,20.0,4.0
0.3672233942495584,0.38739880292697243,0.42441505650424616,0.26809249983858147,0.453073922283619,0.40958971696579877,4.0,0.0,7.0,2022.0,23.0,3.0
0.42415937511252483,0.40498624457949833,0.4218898432559476,0.5458348888690626,0.45057664205890274,0.46215325064211044,5.0,1.0,7.0,2022.0,20.0,13.0
0.4222738224532707,0.4354788562513245,0.4438686296451791,0.4310368174333708,0.47280286813350136,-0.20500593886899254,6.0,2.0,7.0,2022.0,23.0,3.0
0.4439426140115868,0.4653590507001294,0.5107223756575398,0.49699049123274236,0.5403240697366036,0.6648718786594512,7.0,3.0,7.0,2022.0,20.0,6.0
0.5107745798791031,0.5261415915208856,0.5164623118347748,1.803279547914499,0.5461827409213305,0.07066359581829344,8.0,4.0,7.0,2022.0,1.0,14.0
0.5156626175318672,0.5380599014509959,0.5079372674232578,0.7045094238139458,0.5376355214942643,-0.6808450591121155,9.0,5.0,7.0,2022.0,17.0,12.0
0.5079478863089011,0.49261083391854876,0.46302879902778776,0.6528584742804678,0.4923869239768219,-0.15876302717844992,10.0,6.0,7.0,2022.0,0.0,16.0
0.4628717218197256,0.441866511037659,0.4084153958303744,0.4067009937214709,0.43732245121114227,-0.03800110516020737,11.0,0.0,7.0,2022.0,0.0,23.0
0.40852237219551546,0.4029185872127462,0.36873049679448283,0.49673273006856744,0.39732992198470973,-0.2420092123274662,12.0,1.0,7.0,2022.0,5.0,23.0
0.3689816194867108,0.38340840331465204,0.4232374733959426,0.8889856406048061,0.452388350857718,0.44395163425012063,13.0,2.0,7.0,2022.0,23.0,13.0
0.42330736659585966,0.4269905824813211,0.4451987912709215,0.7868202334139318,0.47460287449649635,0.21522990992014507,14.0,3.0,7.0,2022.0,19.0,13.0
0.4454973702977076,0.47173832282933265,0.46154849020229566,0.5019045113519979,0.49116593861390195,-0.26196012858365514,15.0,4.0,7.0,2022.0,20.0,1.0
0.46150673706501916,0.4794455751604918,0.4832729451285404,0.4149832463537013,0.5131564487451008,0.042404243790928185,16.0,5.0,7.0,2022.0,17.0,6.0
0.4836505277633475,0.49583893518996247,0.4580513320221542,0.3403992202332415,0.48775018435684536,-0.19010323130907067,17.0,6.0,7.0,2022.0,7.0,23.0
0.4583046760313838,0.496074871922591,0.5627710148714437,1.2649585159622498,0.5935227359268844,1.111733863371673,18.0,0.0,7.0,2022.0,16.0,0.0
0.5617384126235494,0.5530729731827074,0.6182344519418849,1.7417405989267079,0.6495777196318797,1.0912874273023294,19.0,1.0,7.0,2022.0,21.0,6.0
0.6185089097162768,0.6369452797287618,0.6085562279804383,1.4253953551879566,0.639864446027736,0.11888467876462175,20.0,2.0,7.0,2022.0,15.0,1.0
0.6086933874867024,0.6003499279047532,0.6044380525251456,0.9209085157173722,0.6357725099755215,-0.12810222765795812,21.0,3.0,7.0,2022.0,1.0,14.0
0.6044325777759377,0.6112416350715904,0.5768427115349246,0.8010743673296165,0.6079718901141826,-0.0004237106665396344,22.0,4.0,7.0,2022.0,13.0,20.0
0.5764094416225538,0.5732740142458543,0.5615306119689487,0.39973426742203827,0.592582106135266,-0.08384295239008492,23.0,5.0,7.0,2022.0,5.0,18.0
0.5615948007489214,0.592490327826364,0.5703488020810444,0.37498574501263043,0.6015576719076483,-0.4259540901611616,24.0,6.0,7.0,2022.0,22.0,4.0
0.5702849180260278,0.5327291241350485,0.49379096499636455,1.0263206645318312,0.5243132448700772,0.2798189357156051,25.0,0.0,7.0,2022.0,0.0,23.0
0.49383971440258845,0.4957527077479176,0.4863070367895046,0.6493800756718489,0.5168237813817114,-0.48664392227594305,26.0,1.0,7.0,2022.0,0.0,15.0
0.4866645926624209,0.5143405830344364,0.5900723645471092,0.8193738863094847,0.62169464134429,1.140291188389162,27.0,2.0,7.0,2022.0,19.0,3.0
0.590315087736506,0.6187560711824475,0.6461246030450313,1.2778620571233106,0.6783696031999147,0.3725661531222517,28.0,3.0,7.0,2022.0,21.0,12.0
0.6462407353607449,0.6667389463934308,0.6437156179954879,1.0432799212110182,0.6760070611553475,-0.311399579015257,29.0,4.0,7.0,2022.0,6.0,13.0
0.6432717376841065,0.6730195434501398,0.6346065877866729,0.6235385874377513,0.66686891291155,-0.1153934642027433,30.0,5.0,7.0,2022.0,15.0,22.0
0.6343912691540882,0.6537478172602949,0.6150102011633556,0.374340140732964,0.6471454650210879,-0.26878848679098016,31.0,6.0,7.0,2022.0,18.0,22.0
0.6150441852557645,0.6294116405902529,0.613617319664444,0.49884466869506167,0.6458032931866338,-0.5580604488367695,1.0,0.0,8.0,2022.0,14.0,18.0
0.6133089457216038,0.6179859036753024,0.5929916582030192,0.63661144659947,0.6250427523633286,-0.4117742522446568,2.0,1.0,8.0,2022.0,17.0,9.0
0.5932391578003516,0.6203728485703887,0.5849146801676552,0.5226552696360074,0.6169494209372215,-0.25879914029333506,3.0,2.0,8.0,2022.0,12.0,1.0
0.585074078462222,0.6037989972182618,0.5716861914588955,0.4593097748511201,0.6036460111666571,-0.3876643313513594,4.0,3.0,8.0,2022.0,1.0,20.0
0.5714921701730193,0.611795712491235,0.6120900986209393,0.6632959270776017,0.6445376666571319,-0.2672116462089433,5.0,4.0,8.0,2022.0,12.0,0.0
0.6122653611852905,0.6338680099096394,0.5919583202010893,-0.03652263774230333,0.6242711819305207,-0.7888793083564402,6.0,5.0,8.0,2022.0,0.0,23.0
0.5921473300285222,0.6296493846634773,0.6051292158889983,-0.041482217079859066,0.6376526479141272,-0.671239698166075,7.0,6.0,8.0,2022.0,21.0,0.0
0.6054003863900626,0.6474786070942982,0.6440135043284478,0.6467154689411824,0.6770160938104877,-0.04745921371549822,8.0,0.0,8.0,2022.0,12.0,0.0
0.6441714421843263,0.6351781176282153,0.6044189804288084,0.3744555201878752,0.6370693406137607,-0.1981233712694536,9.0,1.0,8.0,2022.0,5.0,14.0
0.6043802324385009,0.6218702999112043,0.6524922630161671,0.8778671438730954,0.6857273310058912,0.3209255953374388,10.0,2.0,8.0,2022.0,13.0,0.0
0.6525680770109679,0.6932828081335394,0.6530990216025417,1.11052215728628,0.6864065974134461,-0.198394913721404,11.0,3.0,8.0,2022.0,14.0,23.0
0.6531114572460845,0.6778725860170446,0.6804267065765436,0.5756791790071428,0.7140980083105827,-0.3785648282097504,12.0,4.0,8.0,2022.0,23.0,11.0
0.68041162136528,0.7214259211888612,0.6817307939628976,0.3436287153841061,0.7154878543620878,-0.6496063205958104,13.0,5.0,8.0,2022.0,6.0,12.0
0.6820601161837632,0.7125834238052876,0.6753031937202418,0.343996835899882,0.7090551502125766,-0.38017889205273275,14.0,6.0,8.0,2022.0,7.0,18.0
0.6752660050829525,0.6894119802109651,0.6641115288181684,1.0018565684242398,0.6978160207432488,0.18491997744172112,15.0,0.0,8.0,2022.0,3.0,23.0
0.6634756633677801,0.6826925742608475,0.648542877531296,0.6021403460725301,0.6821490576666077,-0.6637811742834944,16.0,1.0,8.0,2022.0,1.0,15.0
0.6484556929703196,0.6517025731107114,0.6149551281039204,0.7745019271233491,0.6482566919768105,0.06690731730473076,17.0,2.0,8.0,2022.0,7.0,20.0
0.6153092776733269,0.6475453244428095,0.607390619881924,0.3848632584132051,0.6406771678557486,-0.7665022143546242,18.0,3.0,8.0,2022.0,13.0,23.0
0.6074731973810338,0.5015715013074227,0.46407850297690967,1.293982580977392,0.49586381766977866,1.4205039395740549,19.0,4.0,8.0,2022.0,0.0,23.0
0.46388334832793365,0.500805446069359,0.481784380524726,0.5935701162681422,0.5138327093230619,-0.5820233196222954,20.0,5.0,8.0,2022.0,7.0,21.0
0.48152481768901634,0.5163885230325107,0.5043725560566616,0.34986387105344785,0.5367318783506709,-0.5027571961835868,21.0,6.0,8.0,2022.0,21.0,6.0
0.504290336574538,0.5060186262035538,0.49607443794363204,0.8143593305845618,0.5284054716585993,-0.4826574817957597,22.0,0.0,8.0,2022.0,0.0,8.0
0.4962890726966551,0.507027336056147,0.5040022534970982,0.825845731491768,0.5364936375858824,-0.35877619135707084,23.0,1.0,8.0,2022.0,14.0,6.0
0.5039830759154278,0.522193313904651,0.4958358112928871,0.8304001537204692,0.5283029916572545,-0.4875573329178797,24.0,2.0,8.0,2022.0,19.0,3.0
0.49594628841765614,0.5327795663420172,0.5084711358534217,0.7797659749763469,0.5411476962228389,-0.6779482761941488,25.0,3.0,8.0,2022.0,8.0,0.0
0.5082549173117946,0.4592501511360051,0.4261799040814236,1.3925408140166016,0.4579941669093375,0.7301374684086065,26.0,4.0,8.0,2022.0,13.0,23.0
0.4264371397865338,0.4397157787552056,0.4127838811260772,0.7303046133812902,0.4445058248643413,-0.6195684816039562,27.0,5.0,8.0,2022.0,0.0,16.0
0.4128512735193454,0.42241023839804437,0.38670600216834394,0.4184466289834902,0.418191984601937,-0.5201861847212063,28.0,6.0,8.0,2022.0,16.0,23.0
0.38672309245580233,0.4213967254879704,0.42851051944229923,0.8670426644785212,0.4605435920600289,-0.19601207453416275,29.0,0.0,8.0,2022.0,16.0,0.0
0.4286538539529302,0.4224624610699251,0.3977523975584172,0.9671372617779002,0.42949238553987384,-0.01489687869835781,30.0,1.0,8.0,2022.0,7.0,17.0
0.39803790095011654,0.43396586026549083,0.4132763653445636,0.898900289080799,0.4452572377571453,-0.38224545129375975,31.0,2.0,8.0,2022.0,4.0,0.0
0.41343188957258203,0.424759311657416,0.4180250560545829,0.7338463520828589,0.4501176737541021,-0.4918524975777492,1.0,3.0,9.0,2022.0,2.0,16.0
0.418068424220364,0.43492593334725604,0.4083671942624038,0.6764619364039237,0.4404001576184678,-0.43996193988618143,2.0,4.0,9.0,2022.0,14.0,18.0
0.4084759494913891,0.42756571644716906,0.3999174555215993,0.377565044979068,0.43190855078640966,-0.7558523070502788,3.0,5.0,9.0,2022.0,0.0,19.0
0.4000557285986789,0.42367486301446894,0.4094069784005639,0.4661236629027472,0.4415797698627453,-0.721189700978345,4.0,6.0,9.0,2022.0,23.0,8.0
0.4096460001506656,0.42596559686228264,0.3987074541114205,0.6596192586240082,0.4308144257829312,-0.7310624787677186,5.0,0.0,9.0,2022.0,0.0,11.0
0.39915097375779784,0.37077697834679,0.3388891368921828,1.4509642609782507,0.37033801399140126,0.5757730786218649,6.0,1.0,9.0,2022.0,1.0,20.0
0.33902465793630276,0.36093237797691546,0.366668992451389,1.0081619074838857,0.3985066960945185,-0.11899943042253337,7.0,2.0,9.0,2022.0,21.0,3.0
0.36677101673925433,0.3882617349420122,0.3690938164771815,0.8429952975017443,0.401011985739489,-0.7377153354099383,8.0,3.0,9.0,2022.0,20.0,13.0
0.3691145793067387,0.4030723507262138,0.4949847696055919,1.725704119298128,0.5284823785103921,1.656817555647606,9.0,4.0,9.0,2022.0,23.0,0.0
0.4948084344340523,0.5205314147582294,0.5133583521481166,1.098953544879758,0.5471485212048245,-0.4783861985131121,10.0,5.0,9.0,2022.0,23.0,14.0
0.5133137999322632,0.5355933463267025,0.5188029779030742,0.9677117220503575,0.5527373957603676,-0.7606616958038648,11.0,6.0,9.0,2022.0,23.0,6.0
0.5189338161775355,0.5480458197242631,0.5556986107838087,1.8202152732150787,0.5901546484937907,-0.201394299588086,12.0,0.0,9.0,2022.0,14.0,3.0
0.5558260662242634,0.4506000040547247,0.4284315462247626,1.8678910377471105,0.46138798716027024,1.827638441655707,13.0,1.0,9.0,2022.0,12.0,21.0
0.421656377012218,0.4335748316171388,0.4250182261963133,1.150947346995522,0.4579802685159717,-0.33052268616273506,14.0,2.0,9.0,2022.0,2.0,18.0
0.4251984417713669,0.42366962792449575,0.3918853866615196,1.070493940282731,0.424498359497881,-0.3232295536898857,15.0,3.0,9.0,2022.0,7.0,15.0
0.39217424141213286,0.4087066197205751,0.39626567866040957,0.7306643397005641,0.428981437061593,-0.576573457592957,16.0,4.0,9.0,2022.0,11.0,17.0
0.3966546060884753,0.4325402808053152,0.4180518375051537,0.45048099630208027,0.4511070566482218,-0.690235038792157,17.0,5.0,9.0,2022.0,17.0,0.0
0.41813966276596476,0.4079109747180857,0.37459701027006265,0.7920289212660709,0.4071717257320872,-0.24321988317627732,18.0,6.0,9.0,2022.0,0.0,22.0
0.37466262665052597,0.3448635312444007,0.38224522291444524,1.2759429627333354,0.4149677284631174,0.4708925240147436,19.0,0.0,9.0,2022.0,22.0,6.0
0.38245540046331405,0.37161683455477695,0.34214923694359434,1.0923153571865134,0.3744249714023232,-0.1496290265484546,20.0,1.0,9.0,2022.0,0.0,18.0
0.3423130361146191,0.33854068791963643,0.3210751701639699,1.6114955537563769,0.3531380592271741,0.7026682158885664,21.0,2.0,9.0,2022.0,18.0,22.0
0.32043328653830844,0.34646143372023896,0.3742315737485612,1.327943452687132,0.407020942633348,0.259937386194155,22.0,3.0,9.0,2022.0,23.0,1.0
0.37428400022621905,0.359230694115984,0.3671178561761725,1.2064695419432396,0.3998675298524729,-0.0649242087746732,23.0,4.0,9.0,2022.0,4.0,14.0
0.3672035483586325,0.3746845061244363,0.34498592137799944,0.5151420008791278,0.3775071758579582,-0.5934974974998372,24.0,5.0,9.0,2022.0,0.0,22.0
0.34507557979948883,0.36422020881152506,0.33670619488802944,0.36383847197498087,0.36917885915442805,-0.5956596555577354,25.0,6.0,9.0,2022.0,11.0,22.0
0.3369520619026307,0.3657893282051258,0.3625171564188072,1.491360981791069,0.39538076294157903,-0.4326134763367378,26.0,0.0,9.0,2022.0,9.0,7.0
0.36259303384087055,0.3780794198065971,0.35563592037023745,2.273600818645819,0.388460250852528,0.7218656159992791,27.0,1.0,9.0,2022.0,12.0,18.0
0.3554014939347791,0.35516805295416815,0.37503980899798056,1.9752900432539513,0.4081746867055931,0.34358193135123793,28.0,2.0,9.0,2022.0,21.0,2.0
0.3752275922980985,0.3786285223922046,0.3840201307991465,1.322632346809092,0.41732737979144846,-0.3087003261205026,29.0,3.0,9.0,2022.0,4.0,14.0
0.38416341659295244,0.4002081924459741,0.3753508430951856,1.4819481491909483,0.4086130730559923,-0.07810016336168764,30.0,4.0,9.0,2022.0,15.0,13.0
0.3754315688102137,0.398021797002165,0.36800508672644777,0.11215586316844704,0.4012422434815918,-0.8750666840888823,1.0,5.0,10.0,2022.0,0.0,20.0
0.3681150993173176,0.38155381753462986,0.35155849091788816,0.2231472815577786,0.3846388992167524,-0.6590457426570224,2.0,6.0,10.0,2022.0,5.0,23.0
0.35168652065932215,0.38500632895575054,0.38712119689012925,0.7502637893478852,0.42073427063420854,-0.34060749904927945,3.0,0.0,10.0,2022.0,23.0,0.0
0.38724036136321127,0.4165317906388009,0.43089467024219336,1.0432814907763484,0.46515437045481783,-0.06470114240224988,4.0,1.0,10.0,2022.0,20.0,2.0
0.4309414730398901,0.43410618105775023,0.4200856349058795,0.8988220631678968,0.4542748693065162,-0.504872815834559,5.0,2.0,10.0,2022.0,0.0,14.0
0.420213596413849,0.4403205503677418,0.40748790429339793,0.9795061399997687,0.4415716266683413,-0.5421040072077538,6.0,3.0,10.0,2022.0,2.0,23.0
0.4077299683660261,0.40843587188285163,0.38241217965897123,0.6820655045122518,0.41622515097429413,-0.3576879346182362,7.0,4.0,10.0,2022.0,2.0,17.0
0.3825006505261264,0.40234215401949003,0.37441668201580053,-0.01161902935741454,0.4081902436583885,-0.7945313564720667,8.0,5.0,10.0,2022.0,0.0,22.0
0.3745956309065815,0.40549368544006253,0.37624911150986223,0.010067031718213978,0.4101121676373784,-0.9372507313909197,9.0,6.0,10.0,2022.0,16.0,4.0
0.3763709285406066,0.38992235331832326,0.35753454495056886,0.5843146797398547,0.3912062803905801,-0.6457095134085976,10.0,0.0,10.0,2022.0,1.0,22.0
0.3575106796115387,0.3787075405294884,0.35200717241392077,0.6540910444592938,0.3856640458236612,-0.766962377724975,11.0,1.0,10.0,2022.0,12.0,14.0
0.35221278418822183,0.38529287288697966,0.3585141931070255,0.45008646305813094,0.39231664820284456,-0.9592812062184457,12.0,2.0,10.0,2022.0,22.0,12.0
0.3586129538173457,0.34040633151198835,0.37235070783247465,1.4952140648427132,0.40639735212262385,0.3372936199352652,13.0,3.0,10.0,2022.0,20.0,13.0
0.3724516991238775,0.3907081336038623,0.36024548780425647,1.182403457930884,0.39418535303621527,-0.16122729241793957,14.0,4.0,10.0,2022.0,1.0,22.0
0.36035965438750645,0.384628479013139,0.35300241064576116,-0.024917254795471338,0.38690180624150405,-0.9341170723746417,15.0,5.0,10.0,2022.0,3.0,23.0
0.3532108256658204,0.38776850960865344,0.36530465447848814,0.0725292195260676,0.3994306285923616,-0.7595045335954854,16.0,6.0,10.0,2022.0,20.0,0.0
0.36545942999734626,0.3943706636990863,0.3826519914377765,0.5868925733784032,0.41707829409297165,-0.5734659210039794,17.0,0.0,10.0,2022.0,13.0,4.0
0.38275451445550496,0.3925646357230025,0.3693749078778183,0.7554316392444121,0.4036721442419587,-0.5032718529806872,18.0,1.0,10.0,2022.0,6.0,19.0
0.36953707255197615,0.39148461790346073,0.35741492389877927,0.31314977678624684,0.391603493887075,-0.8993867437338141,19.0,2.0,10.0,2022.0,0.0,23.0
0.357454554605115,0.3816068052702757,0.3521496735575524,0.42534360510361646,0.38632000892632407,-0.7298874231152143,20.0,3.0,10.0,2022.0,15.0,1.0
0.35224697252928533,0.36893067228965515,0.3594361618612522,0.8573577807130209,0.3937710351069468,-0.5610742355302967,21.0,4.0,10.0,2022.0,19.0,12.0
0.35955861526216976,0.39177260211336684,0.3616283887736516,-0.029678963293443997,0.39604698463489835,-1.0385785350314223,22.0,5.0,10.0,2022.0,15.0,3.0
0.36172761519183205,0.39126386960168963,0.38364927241574526,0.2970634901732439,0.41844140123183543,-0.4906187573693222,23.0,6.0,10.0,2022.0,22.0,12.0
0.3838160579421632,0.3964564699048924,0.3700596336892289,0.7349421981908166,0.40471047977947705,-0.6884069368048679,24.0,0.0,10.0,2022.0,0.0,14.0
0.37014677582487426,0.39994167666932623,0.41610514441244756,1.687304193536028,0.45146675270826,0.2600976247859041,25.0,1.0,10.0,2022.0,18.0,10.0
0.4159925824251369,0.4514502114157512,0.4575049316273552,2.291201295729338,0.49352674824842174,-0.08396161571670577,26.0,2.0,10.0,2022.0,16.0,0.0
0.4577458633888606,0.46278384868964373,0.4277643822797761,1.788379355924149,0.4634129625099802,-0.4486722696026388,27.0,3.0,10.0,2022.0,5.0,23.0
0.428000100335386,0.45207934116533577,0.4467595649367873,1.4830040243515907,0.48274905794130235,-0.3794686641228079,28.0,4.0,10.0,2022.0,16.0,8.0
0.4468438704021084,0.4824542469907531,0.4604528698161434,1.2864019056890679,0.49670295881824994,-0.6645002959228044,29.0,5.0,10.0,2022.0,10.0,0.0
0.46051764644960164,0.4812516091743115,0.4492298494345708,0.804588373352863,0.4853715814767549,-0.7353239334225478,30.0,6.0,10.0,2022.0,7.0,22.0
0.44921153579660933,0.46481252119945604,0.44064840488455803,1.5737831408715042,0.4767352937296594,-0.5576143292114929,31.0,0.0,10.0,2022.0,11.0,14.0
0.440696135417945,0.4693892381746639,0.44000395114453233,1.2565424406725862,0.4761437195781886,-0.8318163756223826,1.0,1.0,11.0,2022.0,9.0,14.0
0.4399637335212188,0.4521467563301365,0.42001118575277085,2.1098448651150474,0.4559084164998461,-0.3660372105872139,2.0,2.0,11.0,2022.0,18.0,22.0
0.420314873735828,0.4520902586416935,0.42310944887785434,1.4414603919504847,0.45911963641696935,-0.8150285032758239,3.0,3.0,11.0,2022.0,5.0,12.0
0.42314193668744293,0.4585252835872494,0.48062872825018965,2.57197382795265,0.5175450850107577,0.11406207977791519,4.0,4.0,11.0,2022.0,15.0,0.0
0.4805701179086134,0.5160368973548217,0.488942108239681,1.1495191106520533,0.5260488604729925,-0.7672827906362021,5.0,5.0,11.0,2022.0,4.0,0.0
0.48917305058584737,0.5048177399603345,0.4670815146037229,0.9996432419069395,0.5039191297314148,-0.6777111625893661,6.0,6.0,11.0,2022.0,0.0,23.0
0.4670599907983783,0.4776167294172256,0.44721768473888623,1.9991300773437273,0.4838183265989716,-0.49789788932144746,7.0,0.0,11.0,2022.0,2.0,22.0
0.4471855273729606,0.2951187740573914,0.3206990958389533,3.0961069761180506,0.3554587238681255,2.6530518264001426,8.0,1.0,11.0,2022.0,2.0,19.0
0.32099229410767893,0.1736706181667007,0.1574226623756978,3.0961069761180506,0.18977319138567217,2.8658044582628723,9.0,2.0,11.0,2022.0,0.0,23.0
0.15776208304988001,0.1832383397519172,0.26212067447395543,3.0961069761180506,0.29610815354655995,2.425124622022266,10.0,3.0,11.0,2022.0,21.0,0.0
0.26206427819240447,0.22809507612660915,0.2282146568371744,2.127170691074052,0.2617331119487052,0.43607960744445057,11.0,4.0,11.0,2022.0,1.0,14.0
0.22854359289352177,0.234941992516838,0.21378587435301002,0.7086624304946824,0.24714183884721616,-0.5643512780798949,12.0,5.0,11.0,2022.0,0.0,5.0
0.21399405165283114,0.21400529063699855,0.18642561931572688,0.5726082292987654,0.21940793775629247,-0.2699103031048446,13.0,6.0,11.0,2022.0,4.0,23.0
0.18652766864584108,0.18569932624156812,0.2026786549153364,1.7886577352309292,0.2359521255149964,0.7630686686279867,14.0,0.0,11.0,2022.0,13.0,6.0
0.20281362601406744,0.22803620475632738,0.21902872791183636,1.0819067296186597,0.2526057285989339,-0.4011467909305646,15.0,1.0,11.0,2022.0,15.0,1.0
0.21918549144326005,0.22092705098097074,0.20582334919747486,0.9368813351872987,0.23924575853103497,-0.3818321032369651,16.0,2.0,11.0,2022.0,3.0,16.0
0.20606166291870764,0.2228600155542158,0.20693279799340517,0.6083899798541175,0.24042106067866548,-0.7821826622144047,17.0,3.0,11.0,2022.0,1.0,4.0
0.20713437111690516,0.22943100097975638,0.20756244470447197,0.5537899076735564,0.24110449969838565,-0.6015270024451946,18.0,4.0,11.0,2022.0,1.0,18.0
0.20764409408799417,0.22979765407280878,0.20840752789202846,-0.029582284113272128,0.24201453718371596,-0.8422100728584109,19.0,5.0,11.0,2022.0,22.0,5.0
0.2086686869332712,0.20945665038126304,0.18264927663184669,0.25283784398349624,0.2159028310347402,-0.42322604599774627,20.0,6.0,11.0,2022.0,1.0,22.0
0.18279724574905676,0.16838201989920265,0.1516847562515515,1.1269260602116016,0.18449698070333834,-0.09471518690780573,21.0,0.0,11.0,2022.0,0.0,21.0
0.15157442233345803,0.17202124985036604,0.17638559603663762,0.7633945114391814,0.20962760275239714,-0.21632583860616716,22.0,1.0,11.0,2022.0,16.0,7.0
0.17692995089547298,0.20451297218158868,0.2022188151798999,0.8844538889625104,0.2359119706517687,-0.44717878793459753,23.0,2.0,11.0,2022.0,19.0,1.0
0.20245490366846058,0.22545763693818688,0.20183577586336815,0.5140244080133002,0.23556695845163003,-0.7745607537778776,24.0,3.0,11.0,2022.0,2.0,14.0
0.20188015950505223,0.21829011804381293,0.19676507771671478,0.10991687066520893,0.2304580411854449,-0.859796335448948,25.0,4.0,11.0,2022.0,0.0,6.0
0.1969296079495689,0.22004930737814973,0.19323258010606495,0.07313082176776017,0.2269069612905084,-0.8021652086974113,26.0,5.0,11.0,2022.0,1.0,22.0
0.19339004200389268,0.22136420030268514,0.19202638403734434,0.20567990730995891,0.22572524845892838,-0.9474746652468328,27.0,6.0,11.0,2022.0,22.0,23.0
0.19193841481567225,0.19718048479207148,0.17807654081934335,0.6015621538071199,0.2115996582657578,-0.5201927264858809,28.0,0.0,11.0,2022.0,0.0,16.0
0.17828281246430422,0.20254624384872835,0.1920482587559842,0.37586384988835747,0.22583683348577988,-0.583655038490827,29.0,1.0,11.0,2022.0,11.0,0.0
0.19226083802219476,0.22189859794856767,0.23645505778556591,0.6981338031311461,0.27100453461162094,-0.021127468772188737,30.0,2.0,11.0,2022.0,23.0,0.0
0.23658832692459975,0.2499021424477337,0.22409302883439836,0.3386414445850432,0.25849658453018376,-0.7287503060621312,1.0,3.0,12.0,2022.0,13.0,21.0
0.2243599478904209,0.24923786947335128,0.23155121815546384,0.15663923101618693,0.266118953192787,-0.8733432392826023,2.0,4.0,12.0,2022.0,23.0,14.0
0.23180887296649494,0.2498865204878448,0.22047848265877776,-0.02353197995820356,0.25491195258856336,-0.8496842860282774,3.0,5.0,12.0,2022.0,0.0,22.0
0.22064743817553048,0.25085381952138885,0.23411808346896018,0.009375960865065461,0.2688186459321356,-0.8054911543137794,4.0,6.0,12.0,2022.0,23.0,0.0
0.2341890150496699,0.25205461424101905,0.22456509264932048,0.3014183090991137,0.25915836815313054,-0.5060223623528556,5.0,0.0,12.0,2022.0,5.0,19.0
0.224762155526866,0.253160470957656,0.23160297191462373,0.17563394025440315,0.266360764299816,-0.9632285417640302,6.0,1.0,12.0,2022.0,23.0,18.0
0.23177254008986992,0.2411876899651979,0.21678953705605558,0.16399914282546632,0.25136374654300253,-0.6512786351829517,7.0,2.0,12.0,2022.0,0.0,8.0
0.2169160665780457,0.24360455529134775,0.2404385404272316,0.20853847904107015,0.2754583933298635,-0.4585221364063894,8.0,3.0,12.0,2022.0,20.0,11.0
0.24052372916005182,0.2633344465335084,0.23428170203956428,0.19941705239556776,0.2692551660527892,-0.9249532681756312,9.0,4.0,12.0,2022.0,12.0,21.0
0.2345158484103374,0.26458936490279317,0.23400993363350317,-0.21395756788492845,0.26903103757495295,-1.0497181796306734,10.0,5.0,12.0,2022.0,16.0,23.0
0.23423915419314825,0.2627643826130182,0.2325044532222897,-0.13717407736615367,0.2675516407283595,-0.9624865053814552,11.0,6.0,12.0,2022.0,19.0,23.0
0.23256975607879274,0.2505980035928529,0.2387793376153317,0.16086299802121837,0.27398050692092174,-0.7208155856992965,12.0,0.0,12.0,2022.0,23.0,3.0
0.23894655147939575,0.2640253131441708,0.27406019666121223,0.5414522539732116,0.3099066191488351,0.036621382223010236,13.0,1.0,12.0,2022.0,14.0,7.0
0.2742617101107452,0.29818865574295145,0.26612983413539926,0.501608811776641,0.30190255115318104,-0.22445845137766032,14.0,2.0,12.0,2022.0,18.0,1.0
0.27619900036684764,0.2773550992561889,0.24850210013579585,0.23391293391735088,0.2840228181556306,-0.43302062242525236,15.0,3.0,12.0,2022.0,0.0,23.0
0.24864648374792894,0.23070119766100947,0.20447585177937844,0.4002663203997207,0.2393036283596502,0.17827408475956774,16.0,4.0,12.0,2022.0,8.0,23.0
0.20462334240334967,0.23255546734630214,0.21353463647756724,-0.11867413091636887,0.24855916841273018,-0.9048012845068345,17.0,5.0,12.0,2022.0,23.0,2.0
0.21374171167873326,0.23785325995484366,0.2112569486106624,-0.3106309572135262,0.24629131277419536,-1.0137528568472898,18.0,6.0,12.0,2022.0,23.0,15.0
0.2114982160798393,0.21890539111409738,0.1917227712942783,0.03088383289187282,0.22647450500849636,-0.5624108339133446,19.0,0.0,12.0,2022.0,0.0,22.0
0.19203441121222245,0.2207851686530759,0.22035993982509264,0.3292423864532265,0.25564606138191986,-0.27341859183852246,20.0,1.0,12.0,2022.0,15.0,0.0
0.22042392954385093,0.24152620805610828,0.21491200632441027,-0.09592915586715467,0.2501537985562813,-0.9485541482595738,21.0,2.0,12.0,2022.0,0.0,20.0
0.2151387352815491,0.23118842236207718,0.21569798402477824,-0.011393952407998209,0.2510003106684393,-0.7727083485025006,22.0,3.0,12.0,2022.0,9.0,18.0
0.21582974801679908,0.2439633974415318,0.21364885999376734,-0.07172211861348295,0.24896173125310386,-1.024593255895237,23.0,4.0,12.0,2022.0,13.0,1.0
0.21382560241769716,0.24390452323931658,0.2167666848075658,-0.3746152702147915,0.25216414733785114,-1.0852936276621479,24.0,5.0,12.0,2022.0,19.0,0.0
0.2169255829757736,0.24148454327385033,0.2164126851625502,-0.27092815296433326,0.25184946808747194,-1.0331657013834639,25.0,6.0,12.0,2022.0,2.0,19.0
0.21660311971469726,0.24509582456283235,0.22118844299414075,-0.25842231660180526,0.2567518122000424,-1.0293436339520505,26.0,0.0,12.0,2022.0,23.0,16.0
0.22132973140292717,0.23432859793793331,0.20875281125941353,-0.048979757401550264,0.2441413460768653,-0.7086347885994583,27.0,1.0,12.0,2022.0,0.0,19.0
0.208882173242041,0.2251913903668286,0.19865104540701178,0.019203318434684643,0.23392177831915384,-0.7757920676749521,28.0,2.0,12.0,2022.0,15.0,21.0
0.19881586787819874,0.22589485237655085,0.20416035651703676,-0.11820467480937692,0.23957401950556717,-0.9711810502299966,29.0,3.0,12.0,2022.0,15.0,2.0
0.20427654191400135,0.21955908213410305,0.20172040728027482,-0.03918550712026219,0.23714140134248285,-0.8293966380829975,30.0,4.0,12.0,2022.0,0.0,14.0
0.20196636884525854,0.22645352351304568,0.19833950465866962,-0.2935554480909668,0.23375712522559255,-1.0211697687940093,31.0,5.0,12.0,2022.0,14.0,23.0
